year,rank,ticker,company,market_cap_billion_usd,pct_of_total_market
2006,1,BAC,Bank Of America Corp,387.0,7.2
2006,2,XOM,Exxon Mobil,318.0,5.9
2006,3,T,AT&T,189.0,3.5
2006,4,GE,GE Aerospace,187.0,3.5
2006,5,JNJ,Johnson & Johnson,159.0,3.0
2006,6,BRK-B,Berkshire Hathaway,158.0,3.0
2006,7,VZ,Verizon Communications,146.0,2.7
2006,8,CVX,Chevron,146.0,2.7
2006,9,MO,Altria Group,144.0,2.7
2006,10,PFE,Pfizer,140.0,2.6
2006,11,PG,Procter & Gamble,129.0,2.4
2006,12,MS,Morgan Stanley,119.0,2.2
2006,13,WFC,Wells Fargo & Company/Mn,110.0,2.0
2006,14,PCG,Pg&E,104.0,1.9
2006,15,KO,Coca Cola,104.0,1.9
2006,16,MRK,Merck & Co.,103.0,1.9
2006,17,INTC,Intel,102.0,1.9
2006,18,SLB,Schlumberger Limited/Nv,94.0,1.8
2006,19,BA,Boeing,90.0,1.7
2006,20,IBM,International Business Machines,87.0,1.6
2006,21,PEP,Pepsico,85.0,1.6
2006,22,COP,Conocophillips,67.0,1.3
2006,23,MDLZ,Mondelez International,62.0,1.2
2006,24,CCL,Carnival,61.0,1.1
2006,25,USB,Us Bancorp \De\,56.0,1.0
2006,26,TFC,Truist Financial,55.0,1.0
2006,27,BMY,Bristol Myers Squibb,54.0,1.0
2006,28,UPS,United Parcel Service,54.0,1.0
2006,29,RTX,Rtx,53.0,1.0
2006,30,LLY,Eli Lilly,49.0,0.9
2006,31,NEM,NEWMONT Corp,49.0,0.9
2006,32,UNH,Unitedhealth Group,49.0,0.9
2006,33,COF,Capital One Financial,48.0,0.9
2006,34,OXY,Occidental Petroleum Corp,46.0,0.9
2006,35,DUK,Duke Energy,45.0,0.8
2006,36,SO,Southern,41.0,0.8
2006,37,AXP,American Express,41.0,0.8
2006,38,ABT,Abbott Laboratories,41.0,0.8
2006,39,QCOM,Qualcomm Inc,40.0,0.8
2006,40,AAPL,Apple,40.0,0.8
2006,41,FCX,Freeport-Mcmoran,40.0,0.7
2006,42,CVS,Cvs Health,39.0,0.7
2006,43,AMGN,Amgen,37.0,0.7
2006,44,D,Dominion Energy,37.0,0.7
2006,45,JCI,Johnson Controls International,36.0,0.7
2006,46,MMM,3M,34.0,0.6
2006,47,SCHW,Schwab Charles,34.0,0.6
2006,48,EPD,Enterprise Products Partners L.P.,31.0,0.6
2006,49,PNC,Pnc Financial Services Group,30.0,0.6
2006,50,F,Ford Motor,30.0,0.6
2006,51,NEE,Nextera Energy,28.0,0.5
2006,52,CAT,Caterpillar,28.0,0.5
2006,53,TXN,Texas Instruments,26.0,0.5
2006,54,CL,Colgate Palmolive,26.0,0.5
2006,55,WMB,Williams Companies,26.0,0.5
2006,56,HON,Honeywell International,26.0,0.5
2006,57,BSX,Boston Scientific,26.0,0.5
2006,58,CB,Chubb,24.0,0.4
2006,59,EMR,Emerson Electric,24.0,0.4
2006,60,AEP,American Electric Power Co,23.0,0.4
2006,61,AMZN,Amazon Com,21.0,0.4
2006,62,SYK,Stryker,21.0,0.4
2006,63,LMT,Lockheed Martin,21.0,0.4
2006,64,ETR,Entergy Corp,21.0,0.4
2006,65,SPGI,S&P Global,20.0,0.4
2006,66,GILD,Gilead Sciences,20.0,0.4
2006,67,GD,General Dynamics,20.0,0.4
2006,68,SBUX,Starbucks,19.0,0.4
2006,69,WBD,Warner Bros. Discovery,19.0,0.3
2006,70,AMT,American Tower Corp /Ma/,17.0,0.3
2006,71,ELV,Elevance Health,17.0,0.3
2006,72,DHR,Danaher Corp,17.0,0.3
2006,73,PSA,Public Storage,17.0,0.3
2006,74,TMO,Thermo Fisher Scientific,17.0,0.3
2006,75,EOG,Eog Resources,17.0,0.3
2006,76,PEG,Public Service Enterprise Group,17.0,0.3
2006,77,GLW,Corning Inc /Ny,16.0,0.3
2006,78,ADBE,Adobe,16.0,0.3
2006,79,BDX,Becton Dickinson,15.0,0.3
2006,80,PCAR,Paccar,15.0,0.3
2006,81,WM,Waste Management,15.0,0.3
2006,82,XEL,Xcel Energy,14.0,0.3
2006,83,EQT,Eqt,14.0,0.3
2006,84,VLO,Valero Energy Corp/Tx,14.0,0.3
2006,85,SCCO,Southern Copper Corp/,14.0,0.3
2006,86,MSI,Motorola Solutions,14.0,0.3
2006,87,APD,Air Products & Chemicals,14.0,0.3
2006,88,UNP,Union Pacific,14.0,0.3
2006,89,ITW,Illinois Tool Works,13.0,0.2
2006,90,ECL,Ecolab,13.0,0.2
2006,91,NUE,Nucor,13.0,0.2
2006,92,MCO,Moodys Corp,12.0,0.2
2006,93,OKE,Oneok Inc /New/,12.0,0.2
2006,94,MAR,Marriott International Inc /Md/,12.0,0.2
2006,95,AFL,Aflac,12.0,0.2
2006,96,NSC,Norfolk Southern,11.0,0.2
2006,97,GRMN,Garmin,11.0,0.2
2006,98,HSY,Hershey,10.0,0.2
2006,99,MA,Mastercard,9.0,0.2
2006,100,NOC,Northrop Grumman Corp,9.0,0.2
2006,101,RSG,Republic Services,8.0,0.2
2006,102,AON,Aon,8.0,0.1
2006,103,CSX,Csx,7.0,0.1
2006,104,ROK,Rockwell Automation,7.0,0.1
2006,105,YUM,Yum Brands,6.0,0.1
2006,106,EBAY,Ebay,6.0,0.1
2006,107,TT,Trane Technologies,5.0,0.1
2006,108,SHW,Sherwin Williams,5.0,0.1
2006,109,FAST,Fastenal,5.0,0.1
2006,110,AMP,Ameriprise Financial,5.0,0.1
2006,111,APH,Amphenol Corp,5.0,0.1
2006,112,CMI,Cummins,4.0,0.1
2006,113,ISRG,Intuitive Surgical,4.0,0.1
2006,114,GWW,W.W. Grainger,3.0,0.1
2006,115,AME,Ametek Inc/,3.0,0.1
2006,116,PWR,Quanta Services,3.0,0.1
2006,117,NFLX,Netflix,2.0,0.0
2006,118,TSN,Tyson Foods,1.0,0.0
2010,1,XOM,Exxon Mobil,303.0,2.8
2010,2,AAPL,Apple,298.0,2.7
2010,3,MSFT,Microsoft,207.0,1.9
2010,4,WMT,Walmart,196.0,1.8
2010,5,CVX,Chevron,181.0,1.7
2010,6,IBM,International Business Machines,180.0,1.7
2010,7,T,AT&T,174.0,1.6
2010,8,BRK-B,Berkshire Hathaway,173.0,1.6
2010,9,KO,Coca Cola,152.0,1.4
2010,10,VZ,Verizon Communications,150.0,1.4
2010,11,PG,Procter & Gamble,150.0,1.4
2010,12,JNJ,Johnson & Johnson,149.0,1.4
2010,13,PFE,Pfizer,140.0,1.3
2010,14,SLB,Schlumberger Limited/Nv,125.0,1.1
2010,15,JPM,JPMorgan Chase,115.0,1.1
2010,16,FCX,Freeport-Mcmoran,113.0,1.0
2010,17,MRK,Merck & Co.,111.0,1.0
2010,18,PM,Philip Morris International,105.0,1.0
2010,19,PCG,Pg&E,105.0,1.0
2010,20,INTC,Intel,105.0,1.0
2010,21,COP,Conocophillips,97.0,0.9
2010,22,BAC,Bank Of America Corp,97.0,0.9
2010,23,WFC,Wells Fargo & Company/Mn,95.0,0.9
2010,24,GE,GE Aerospace,92.0,0.8
2010,25,CSCO,Cisco Systems,90.0,0.8
2010,26,PEP,Pepsico,90.0,0.8
2010,27,OXY,Occidental Petroleum Corp,87.0,0.8
2010,28,C,Citigroup,82.0,0.8
2010,29,AMZN,Amazon Com,81.0,0.7
2010,30,ORCL,Oracle,78.0,0.7
2010,31,RIG,Transocean,77.0,0.7
2010,32,ABT,Abbott Laboratories,74.0,0.7
2010,33,RTX,Rtx,71.0,0.7
2010,34,F,Ford Motor,67.0,0.6
2010,35,NEM,NEWMONT Corp,67.0,0.6
2010,36,BA,Boeing,66.0,0.6
2010,37,ENB,Enbridge,62.0,0.6
2010,38,MMM,3M,61.0,0.6
2010,39,MDLZ,Mondelez International,55.0,0.5
2010,40,IOVA,Iovance Biotherapeutics,55.0,0.5
2010,41,BMY,Bristol Myers Squibb,54.0,0.5
2010,42,WBD,Warner Bros. Discovery,53.0,0.5
2010,43,QCOM,Qualcomm Inc,53.0,0.5
2010,44,UPS,United Parcel Service,52.0,0.5
2010,45,NLY,Annaly Capital Management,52.0,0.5
2010,46,CCL,Carnival,51.0,0.5
2010,47,GS,Goldman Sachs Group,51.0,0.5
2010,48,PLDGP,Prologis,51.0,0.5
2010,49,DVN,Devon Energy Corp,49.0,0.4
2010,50,KDP,Keurig Dr Pepper,48.0,0.4
2010,51,LUMN,Lumen Technologies,46.0,0.4
2010,52,UNP,Union Pacific,46.0,0.4
2010,53,CLF,Cleveland-Cliffs,44.0,0.4
2010,54,CVS,Cvs Health,44.0,0.4
2010,55,MET,Metlife,44.0,0.4
2010,56,CAT,Caterpillar,43.0,0.4
2010,57,SO,Southern,43.0,0.4
2010,58,MS,Morgan Stanley,42.0,0.4
2010,59,USB,Us Bancorp \De\,42.0,0.4
2010,60,HON,Honeywell International,42.0,0.4
2010,61,DUK,Duke Energy,42.0,0.4
2010,62,SCCO,Southern Copper Corp/,41.0,0.4
2010,63,MO,Altria Group,41.0,0.4
2010,64,NKE,Nike,41.0,0.4
2010,65,CL,Colgate Palmolive,40.0,0.4
2010,66,D,Dominion Energy,38.0,0.3
2010,67,CRK,Comstock Resources,36.0,0.3
2010,68,EPD,Enterprise Products Partners L.P.,35.0,0.3
2010,69,V,Visa,35.0,0.3
2010,70,HAL,Halliburton,34.0,0.3
2010,71,ETN,Eaton Corp,34.0,0.3
2010,72,WELL,Welltower,33.0,0.3
2010,73,GM,General Motors,33.0,0.3
2010,74,LLY,Eli Lilly,33.0,0.3
2010,75,AGNC,AGNC Investment,33.0,0.3
2010,76,TFC,Truist Financial,33.0,0.3
2010,77,UNH,Unitedhealth Group,33.0,0.3
2010,78,EMR,Emerson Electric,32.0,0.3
2010,79,DHR,Danaher Corp,31.0,0.3
2010,80,O,Realty Income,31.0,0.3
2010,81,LVS,Las Vegas Sands,31.0,0.3
2010,82,HD,Home Depot,31.0,0.3
2010,83,AIG,American International Group,31.0,0.3
2010,84,SCHW,Schwab Charles,30.0,0.3
2010,85,AMGN,Amgen,30.0,0.3
2010,86,TXN,Texas Instruments,30.0,0.3
2010,87,COST,Costco Wholesale Corp,30.0,0.3
2010,88,PLD,Prologis,29.0,0.3
2010,89,MA,Mastercard,29.0,0.3
2010,90,AXP,American Express,29.0,0.3
2010,91,GILD,Gilead Sciences,29.0,0.3
2010,92,NOV,Nov,28.0,0.3
2010,93,VTR,Ventas,28.0,0.3
2010,94,TMUS,T-Mobile US,28.0,0.3
2010,95,EXC,Exelon,28.0,0.3
2010,96,ACN,Accenture,27.0,0.2
2010,97,COF,Capital One Financial,27.0,0.2
2010,98,AFL,Aflac,27.0,0.2
2010,99,KMB,Kimberly Clark,26.0,0.2
2010,100,BEN,Franklin Resources,25.0,0.2
2010,101,PNC,Pnc Financial Services Group,25.0,0.2
2010,102,CB,Chubb,24.0,0.2
2010,103,AMT,American Tower Corp /Ma/,24.0,0.2
2010,104,CSX,Csx,24.0,0.2
2010,105,TGT,Target,24.0,0.2
2010,106,EOG,Eog Resources,23.0,0.2
2010,107,ADP,Automatic Data Processing,23.0,0.2
2010,108,CTSH,Cognizant Technology Solutions,22.0,0.2
2010,109,PAA,Plains All American Pipeline,22.0,0.2
2010,110,NEE,Nextera Energy,22.0,0.2
2010,111,FDX,Fedex,22.0,0.2
2010,112,MOS,Mosaic,21.0,0.2
2010,113,FE,Firstenergy,21.0,0.2
2010,114,CME,Cme Group,21.0,0.2
2010,115,PCAR,Paccar,21.0,0.2
2010,116,BK,Bank of New York Mellon,21.0,0.2
2010,117,DE,Deere,21.0,0.2
2010,118,TMO,Thermo Fisher Scientific,21.0,0.2
2010,119,SYK,Stryker,21.0,0.2
2010,120,PRU,Prudential Financial,20.0,0.2
2010,121,JCI,Johnson Controls International,20.0,0.2
2010,122,IMO,Imperial Oil,20.0,0.2
2010,123,AEP,American Electric Power Co,20.0,0.2
2010,124,EQR,Equity Residential,20.0,0.2
2010,125,APD,Air Products & Chemicals,19.0,0.2
2010,126,SBUX,Starbucks,19.0,0.2
2010,127,GD,General Dynamics,19.0,0.2
2010,128,CCI,Crown Castle,19.0,0.2
2010,129,GIS,General Mills,19.0,0.2
2010,130,BDX,Becton Dickinson,19.0,0.2
2010,131,TJX,Tjx Companies Inc,18.0,0.2
2010,132,ED,Consolidated Edison,18.0,0.2
2010,133,CAPR,Capricor Therapeutics,18.0,0.2
2010,134,PSA,Public Storage,18.0,0.2
2010,135,DLR,Digital Realty Trust,18.0,0.2
2010,136,HPQ,Hp,18.0,0.2
2010,137,CDE,Coeur Mining,18.0,0.2
2010,138,K,Kellanova,17.0,0.2
2010,139,GLW,Corning Inc /Ny,17.0,0.2
2010,140,ADI,Analog Devices,16.0,0.2
2010,141,EMN,Eastman Chemical,16.0,0.1
2010,142,LMT,Lockheed Martin,16.0,0.1
2010,143,PEG,Public Service Enterprise Group,16.0,0.1
2010,144,AVB,Avalonbay Communities,16.0,0.1
2010,145,ITW,Illinois Tool Works,15.0,0.1
2010,146,VNO,Vornado Realty Trust,15.0,0.1
2010,147,MAR,Marriott International Inc /Md/,15.0,0.1
2010,148,EQT,Eqt,15.0,0.1
2010,149,CMI,Cummins,15.0,0.1
2010,150,CRM,Salesforce,15.0,0.1
2010,151,WM,Waste Management,15.0,0.1
2010,152,EIX,Edison International,15.0,0.1
2010,153,XEL,Xcel Energy,15.0,0.1
2010,154,EL,Estee Lauder Companies,15.0,0.1
2010,155,ADM,Archer-Daniels-Midland,14.0,0.1
2010,156,WMB,Williams Companies,14.0,0.1
2010,157,MUR,Murphy Oil,14.0,0.1
2010,158,ECL,Ecolab,14.0,0.1
2010,159,IFF,International Flavors & Fragrances,14.0,0.1
2010,160,BAX,Baxter International,14.0,0.1
2010,161,TROW,Price T Rowe Group,14.0,0.1
2010,162,NSC,Norfolk Southern,14.0,0.1
2010,163,FIS,Fidelity National Information Services,14.0,0.1
2010,164,FSLR,First Solar,14.0,0.1
2010,165,OMC,Omnicom Group,14.0,0.1
2010,166,SYY,Sysco,14.0,0.1
2010,167,BXP,Bxp,14.0,0.1
2010,168,WY,Weyerhaeuser,14.0,0.1
2010,169,DOC,Healthpeak Properties,14.0,0.1
2010,170,AMSC,American Superconductor Corp,14.0,0.1
2010,171,ICE,Intercontinental Exchange,14.0,0.1
2010,172,PPG,Ppg Industries,13.0,0.1
2010,173,MMC,Marsh & Mclennan Companies,13.0,0.1
2010,174,INTU,Intuit,13.0,0.1
2010,175,AMD,Advanced Micro Devices,13.0,0.1
2010,176,MTB,M&T Bank,13.0,0.1
2010,177,STT,State Street,13.0,0.1
2010,178,HBAN,Huntington Bancshares Inc /Md/,13.0,0.1
2010,179,PPL,Ppl,13.0,0.1
2010,180,RCL,Royal Caribbean Cruises,13.0,0.1
2010,181,ETR,Entergy Corp,13.0,0.1
2010,182,KKR,KKR & Co.,13.0,0.1
2010,183,SRE,Sempra,13.0,0.1
2010,184,ELV,Elevance Health,13.0,0.1
2010,185,ARE,Alexandria Real Estate Equities,12.0,0.1
2010,186,MNKD,Mannkind,12.0,0.1
2010,187,MAC,Macerich,12.0,0.1
2010,188,HST,Host Hotels & Resorts,12.0,0.1
2010,189,KIM,Kimco Realty,12.0,0.1
2010,190,FITB,Fifth Third Ban,12.0,0.1
2010,191,A,Agilent Technologies,12.0,0.1
2010,192,ES,Eversource Energy,12.0,0.1
2010,193,LOW,Lowes Companies,12.0,0.1
2010,194,IP,International Paper Co /New/,12.0,0.1
2010,195,TRV,Travelers Companies,12.0,0.1
2010,196,ADBE,Adobe,12.0,0.1
2010,197,OKE,Oneok Inc /New/,12.0,0.1
2010,198,SM,SM Energy,12.0,0.1
2010,199,PGR,Progressive Corp/Oh/,12.0,0.1
2010,200,BSX,Boston Scientific,11.0,0.1
2010,201,LYB,LyondellBasell Industries N.V.,11.0,0.1
2010,202,CNX,CNX Resources,11.0,0.1
2010,203,CP,Canadian Pacific Kansas City Ltd/Cn,11.0,0.1
2010,204,BX,Blackstone,11.0,0.1
2010,205,PH,Parker-Hannifin,11.0,0.1
2010,206,SPGI,S&P Global,11.0,0.1
2010,207,WYNN,Wynn Resorts,11.0,0.1
2010,208,IVZ,Invesco,11.0,0.1
2010,209,NTAP,NetApp,11.0,0.1
2010,210,RRC,Range Resources,11.0,0.1
2010,211,BHC,Bausch Health Companies,11.0,0.1
2010,212,TEL,TE Connectivity,10.0,0.1
2010,213,CPB,Campbell's,10.0,0.1
2010,214,CQP,"Cheniere Energy Partners, L.P.",10.0,0.1
2010,215,ZBH,Zimmer Biomet Holdings,10.0,0.1
2010,216,CNP,Centerpoint Energy,10.0,0.1
2010,217,NTRS,Northern Trust,10.0,0.1
2010,218,PAYX,Paychex,10.0,0.1
2010,219,NUE,Nucor,10.0,0.1
2010,220,FLR,Fluor,10.0,0.1
2010,221,ISRG,Intuitive Surgical,10.0,0.1
2010,222,GEN,Gen Digital,10.0,0.1
2010,223,MFA,Mfa Financial,10.0,0.1
2010,224,BIIB,Biogen,10.0,0.1
2010,225,YUM,Yum Brands,10.0,0.1
2010,226,AON,Aon,10.0,0.1
2010,227,AMAT,Applied Materials Inc,10.0,0.1
2010,228,KEY,Keycorp /New/,10.0,0.1
2010,229,SWK,Stanley Black & Decker,10.0,0.1
2010,230,HSY,Hershey,10.0,0.1
2010,231,TAP,Molson Coors Beverage,9.0,0.1
2010,232,CHRW,C. H. Robinson Worldwide,9.0,0.1
2010,233,BBY,Best Buy Co,9.0,0.1
2010,234,EW,Edwards Lifesciences,9.0,0.1
2010,235,NFLX,Netflix,9.0,0.1
2010,236,APH,Amphenol Corp,9.0,0.1
2010,237,MCHP,Microchip Technology,9.0,0.1
2010,238,RSG,Republic Services,9.0,0.1
2010,239,LH,Labcorp Holdings,9.0,0.1
2010,240,CAH,Cardinal Health,9.0,0.1
2010,241,SHW,Sherwin Williams,9.0,0.1
2010,242,CUK,Carnival,9.0,0.1
2010,243,CUKPF,Carnival,9.0,0.1
2010,244,MU,Micron Technology,9.0,0.1
2010,245,VRTX,Vertex Pharmaceuticals Inc / Ma,9.0,0.1
2010,246,FAST,Fastenal,9.0,0.1
2010,247,VFC,V F,9.0,0.1
2010,248,TPR,Tapestry,9.0,0.1
2010,249,MCK,Mckesson,9.0,0.1
2010,250,AES,Aes,9.0,0.1
2010,251,WTW,Willis Towers Watson,9.0,0.1
2010,252,LHX,"L3Harris Technologies, Inc.",8.0,0.1
2010,253,NOC,Northrop Grumman Corp,8.0,0.1
2010,254,DAL,Delta Air Lines,8.0,0.1
2010,255,ALL,Allstate,8.0,0.1
2010,256,PTEN,Patterson Uti Energy,8.0,0.1
2010,257,BWA,Borgwarner,8.0,0.1
2010,258,CAG,Conagra Brands,8.0,0.1
2010,259,ROK,Rockwell Automation,8.0,0.1
2010,260,L,Loews,8.0,0.1
2010,261,EQIX,Equinix,8.0,0.1
2010,262,ROP,Roper Technologies,8.0,0.1
2010,263,WDC,Western Digital,8.0,0.1
2010,264,AEE,Ameren,8.0,0.1
2010,265,TGTX,Tg Therapeutics,8.0,0.1
2010,266,UAL,United Airlines Holdings,8.0,0.1
2010,267,REG,Regency Centers,8.0,0.1
2010,268,UDR,Udr,8.0,0.1
2010,269,CLX,Clorox Co,8.0,0.1
2010,270,DTE,Dte Energy,8.0,0.1
2010,271,ADSK,Autodesk,8.0,0.1
2010,272,NWL,Newell Brands,8.0,0.1
2010,273,HL,Hecla Mining Co,8.0,0.1
2010,274,FFIV,F5,8.0,0.1
2010,275,ATI,Ati,8.0,0.1
2010,276,AJG,Arthur J. Gallagher,7.0,0.1
2010,277,MAA,Mid America Apartment Communities,7.0,0.1
2010,278,MAT,Mattel Inc,7.0,0.1
2010,279,ESS,Essex Property Trust,7.0,0.1
2010,280,CNA,Cna Financial,7.0,0.1
2010,281,HIG,Hartford Insurance Group,7.0,0.1
2010,282,KR,Kroger,7.0,0.1
2010,283,NVDA,NVIDIA,7.0,0.1
2010,284,EXPD,Expeditors International Of Washington,7.0,0.1
2010,285,JEF,Jefferies Financial Group,7.0,0.1
2010,286,GPC,Genuine Parts,7.0,0.1
2010,287,PFG,Principal Financial Group,7.0,0.1
2010,288,GAP,Gap,7.0,0.1
2010,289,ROST,Ross Stores,7.0,0.1
2010,290,DBC,Invesco DB Commodity Index Tracking Fund,7.0,0.1
2010,291,ALV,Autoliv,7.0,0.1
2010,292,WEC,Wec Energy Group,7.0,0.1
2010,293,SJM,J M Smucker,7.0,0.1
2010,294,AKAM,Akamai Technologies,7.0,0.1
2010,295,XRAY,Dentsply Sirona,7.0,0.1
2010,296,HAS,Hasbro,7.0,0.1
2010,297,DRI,Darden Restaurants,7.0,0.1
2010,298,WPC,W. P. Carey,7.0,0.1
2010,299,FRT,Federal Realty Investment Trust,7.0,0.1
2010,300,TSLA,Tesla,7.0,0.1
2010,301,CMG,Chipotle Mexican Grill,7.0,0.1
2010,302,COR,Cencora,7.0,0.1
2010,303,OHI,Omega Healthcare Investors,7.0,0.1
2010,304,AAL,American Airlines Group,7.0,0.1
2010,305,ALB,Albemarle,7.0,0.1
2010,306,HUM,Humana,7.0,0.1
2010,307,DX,Dynex Capital,7.0,0.1
2010,308,GWW,W.W. Grainger,7.0,0.1
2010,309,TT,Trane Technologies,7.0,0.1
2010,310,LUV,Southwest Airlines,6.0,0.1
2010,311,DLTR,Dollar Tree,6.0,0.1
2010,312,LRCX,Lam Research,6.0,0.1
2010,313,STWD,Starwood Property Trust,6.0,0.1
2010,314,DLB,Dolby Laboratories,6.0,0.1
2010,315,VLO,Valero Energy Corp/Tx,6.0,0.1
2010,316,EG,Everest Group,6.0,0.1
2010,317,AME,Ametek Inc/,6.0,0.1
2010,318,CINF,Cincinnati Financial,6.0,0.1
2010,319,TWO,Two Harbors Investment,6.0,0.1
2010,320,NFG,National Fuel Gas,6.0,0.1
2010,321,M,Macy's,6.0,0.1
2010,322,DG,Dollar General,6.0,0.1
2010,323,HRL,Hormel Foods Corp,6.0,0.1
2010,324,ILMN,Illumina,6.0,0.1
2010,325,EXPE,Expedia Group,6.0,0.1
2010,326,MSI,Motorola Solutions,6.0,0.1
2010,327,RF,Regions Financial,6.0,0.1
2010,328,CBRE,Cbre Group,6.0,0.1
2010,329,VSAT,Viasat,6.0,0.1
2010,330,DGX,Quest Diagnostics,6.0,0.1
2010,331,MKC,Mccormick & Co,6.0,0.1
2010,332,WU,Western Union,6.0,0.1
2010,333,GRMN,Garmin,6.0,0.1
2010,334,J,Jacobs Solutions,6.0,0.1
2010,335,VMC,Vulcan Materials,6.0,0.1
2010,336,TRGP,Targa Resources,6.0,0.1
2010,337,BALL,Ball,6.0,0.1
2010,338,KSS,Kohls,6.0,0.1
2010,339,BF-A,Brown Forman,6.0,0.1
2010,340,CMS,Cms Energy,6.0,0.1
2010,341,FHN,First Horizon,6.0,0.1
2010,342,MLM,Martin Marietta Materials,6.0,0.1
2010,343,RL,Ralph Lauren,6.0,0.1
2010,344,CPT,Camden Property Trust,6.0,0.1
2010,345,AMP,Ameriprise Financial,5.0,0.0
2010,346,INVX,Innovex International,5.0,0.0
2010,347,NXPI,NXP Semiconductors N.V.,5.0,0.0
2010,348,DOV,Dover,5.0,0.0
2010,349,LNC,Lincoln National,5.0,0.0
2010,350,DHC,Diversified Healthcare Trust,5.0,0.0
2010,351,EBAY,Ebay,5.0,0.0
2010,352,MKL,Markel Group,5.0,0.0
2010,353,BMRN,Biomarin Pharmaceutical,5.0,0.0
2010,354,CIM,Chimera Investment,5.0,0.0
2010,355,PLUG,Plug Power,5.0,0.0
2010,356,BKD,Brookdale Senior Living,5.0,0.0
2010,357,SLG,Sl Green Realty,5.0,0.0
2010,358,KLAC,Kla,5.0,0.0
2010,359,FLS,Flowserve,5.0,0.0
2010,360,RMD,Resmed,5.0,0.0
2010,361,NNN,Nnn Reit,5.0,0.0
2010,362,IRM,Iron Mountain,5.0,0.0
2010,363,PNW,Pinnacle West Capital,5.0,0.0
2010,364,MDGL,Madrigal Pharmaceuticals,5.0,0.0
2010,365,AWK,American Water Works Company,5.0,0.0
2010,366,NI,Nisource,5.0,0.0
2010,367,CHD,Church & Dwight Co Inc,5.0,0.0
2010,368,SNPS,Synopsys,5.0,0.0
2010,369,CHTR,"Charter Communications, Inc. /Mo/",5.0,0.0
2010,370,LDOS,Leidos Holdings,5.0,0.0
2010,371,QDMI,QDM International,5.0,0.0
2010,372,HP,Helmerich & Payne,5.0,0.0
2010,373,PBI,Pitney Bowes Inc,5.0,0.0
2010,374,TRMB,Trimble,5.0,0.0
2010,375,GORO,Gold Resource,5.0,0.0
2010,376,OGE,Oge Energy,5.0,0.0
2010,377,OI,"O-I Glass, Inc.",5.0,0.0
2010,378,TKR,Timken,5.0,0.0
2010,379,MNST,Monster Beverage,5.0,0.0
2010,380,MCO,Moodys Corp,5.0,0.0
2010,381,RGLD,Royal Gold,5.0,0.0
2010,382,WAT,Waters Corp,5.0,0.0
2010,383,KMX,Carmax,5.0,0.0
2010,384,CE,Celanese,5.0,0.0
2010,385,VRSK,Verisk Analytics,4.0,0.0
2010,386,RRX,Regal Rexnord,4.0,0.0
2010,387,MAS,Masco Corp,4.0,0.0
2010,388,NRP,Natural Resource Partners,4.0,0.0
2010,389,COHR,Coherent,4.0,0.0
2010,390,SBAC,Sba Communications,4.0,0.0
2010,391,SWKS,Skyworks Solutions,4.0,0.0
2010,392,EFX,Equifax,4.0,0.0
2010,393,RYN,Rayonier,4.0,0.0
2010,394,HOLX,Hologic,4.0,0.0
2010,395,GNTX,Gentex,4.0,0.0
2010,396,TDG,TransDigm Group,4.0,0.0
2010,397,AROC,Archrock,4.0,0.0
2010,398,NDAQ,Nasdaq,4.0,0.0
2010,399,CF,CF Industries Holdings,4.0,0.0
2010,400,AZO,Autozone,4.0,0.0
2010,401,CLDX,Celldex Therapeutics,4.0,0.0
2010,402,EA,Electronic Arts,4.0,0.0
2010,403,LNT,Alliant Energy,4.0,0.0
2010,404,LAMR,Lamar Advertising Co,4.0,0.0
2010,405,IDXX,Idexx Laboratories Inc,4.0,0.0
2010,406,UNM,Unum Group,4.0,0.0
2010,407,RJF,Raymond James Financial,4.0,0.0
2010,408,CDP,Copt Defense Properties,4.0,0.0
2010,409,HE,Hawaiian Electric Industries,4.0,0.0
2010,410,CTRA,Coterra Energy,4.0,0.0
2010,411,LAZ,Lazard,4.0,0.0
2010,412,ON,On Semiconductor,4.0,0.0
2010,413,CTAS,Cintas,4.0,0.0
2010,414,JLL,Jones Lang Lasalle,4.0,0.0
2010,415,IPG,Interpublic Group Of Companies,4.0,0.0
2010,416,HOG,Harley-Davidson,4.0,0.0
2010,417,WRB,Berkley W R,4.0,0.0
2010,418,JBHT,Hunt J B Transport Services,4.0,0.0
2010,419,TDC,Teradata Corp,4.0,0.0
2010,420,MGM,MGM Resorts International,4.0,0.0
2010,421,TDS,Telephone & Data Systems Inc,4.0,0.0
2010,422,CCK,Crown Holdings,4.0,0.0
2010,423,CMP,Compass Minerals International,4.0,0.0
2010,424,NRG,Nrg Energy,4.0,0.0
2010,425,SEE,Sealed Air Corp,4.0,0.0
2010,426,BFH,Bread Financial Holdings,4.0,0.0
2010,427,DCI,DONALDSON Co,4.0,0.0
2010,428,SPH,Suburban Propane Partners,4.0,0.0
2010,429,EXR,Extra Space Storage,4.0,0.0
2010,430,AGCO,Agco Corp,4.0,0.0
2010,431,OII,Oceaneering International,4.0,0.0
2010,432,PB,Prosperity Bancshares,4.0,0.0
2010,433,TXT,Textron,4.0,0.0
2010,434,RGA,Reinsurance Group Of America,4.0,0.0
2010,435,STZ,Constellation Brands,4.0,0.0
2010,436,PNR,Pentair,4.0,0.0
2010,437,ACM,Aecom,4.0,0.0
2010,438,ZION,"Zions Bancorporation, National Association /Ut/",4.0,0.0
2010,439,TSCO,Tractor Supply Co,4.0,0.0
2010,440,AAP,Advance Auto Parts,4.0,0.0
2010,441,UGI,Ugi Corp /Pa/,4.0,0.0
2010,442,HIW,Highwoods Properties,3.0,0.0
2010,443,MHK,Mohawk Industries,3.0,0.0
2010,444,ACGL,Arch Capital Group,3.0,0.0
2010,445,BRO,Brown & Brown,3.0,0.0
2010,446,REGN,Regeneron Pharmaceuticals,3.0,0.0
2010,447,GT,Goodyear Tire & Rubber Co /Oh/,3.0,0.0
2010,448,WSM,Williams Sonoma,3.0,0.0
2010,449,DHI,Horton D R Inc,3.0,0.0
2010,450,MSM,Msc Industrial Direct Co,3.0,0.0
2010,451,MELI,Mercadolibre,3.0,0.0
2010,452,ORLY,O Reilly Automotive,3.0,0.0
2010,453,SON,Sonoco Products,3.0,0.0
2010,454,STX,Seagate Technology Holdings,3.0,0.0
2010,455,GPN,Global Payments,3.0,0.0
2010,456,ORI,Old Republic International,3.0,0.0
2010,457,LKQ,Lkq,3.0,0.0
2010,458,CBSH,Commerce Bancshares Inc /Mo/,3.0,0.0
2010,459,FDS,Factset Research Systems,3.0,0.0
2010,460,GEL,Genesis Energy,3.0,0.0
2010,461,MD,Pediatrix Medical Group,3.0,0.0
2010,462,BOKF,Bok Financial,3.0,0.0
2010,463,HUBB,Hubbell,3.0,0.0
2010,464,WBS,Webster Financial,3.0,0.0
2010,465,GDOT,Green Dot,3.0,0.0
2010,466,ADC,Agree Realty,3.0,0.0
2010,467,CNC,Centene,3.0,0.0
2010,468,WTRG,Essential Utilities,3.0,0.0
2010,469,FNF,Fidelity National Financial,3.0,0.0
2010,470,VRE,Veris Residential,3.0,0.0
2010,471,LEG,Leggett & Platt,3.0,0.0
2010,472,WULF,Terawulf,3.0,0.0
2010,473,DECK,Deckers Outdoor,3.0,0.0
2010,474,MTD,Mettler Toledo International Inc/,3.0,0.0
2010,475,ATR,Aptargroup,3.0,0.0
2010,476,RHI,Robert Half,3.0,0.0
2010,477,CLNE,Clean Energy Fuels,3.0,0.0
2010,478,ERIE,Erie Indemnity,3.0,0.0
2010,479,KMT,Kennametal,3.0,0.0
2010,480,VRSN,Verisign Inc/Ca,3.0,0.0
2010,481,PWR,Quanta Services,3.0,0.0
2010,482,GME,GameStop,3.0,0.0
2010,483,SMG,Scotts Miracle-Gro,3.0,0.0
2010,484,UAA,Under Armour,3.0,0.0
2010,485,ROL,Rollins,3.0,0.0
2010,486,ADTN,ADTRAN Holdings,3.0,0.0
2010,487,ALEX,Alexander & Baldwin,3.0,0.0
2010,488,LPLA,LPL Financial Holdings,3.0,0.0
2010,489,MAN,ManpowerGroup,3.0,0.0
2010,490,IEX,Idex Corp,3.0,0.0
2010,491,INGR,Ingredion,3.0,0.0
2010,492,SEIC,Sei Investments,3.0,0.0
2010,493,AVY,Avery Dennison,3.0,0.0
2010,494,MSTR,Microstrategy,3.0,0.0
2010,495,MSCI,Msci,3.0,0.0
2010,496,RNR,Renaissancere Holdings,3.0,0.0
2010,497,BIO,Bio-Rad Laboratories,3.0,0.0
2010,498,GSAT,Globalstar,3.0,0.0
2010,499,HSIC,Henry Schein,3.0,0.0
2010,500,CPRT,Copart,3.0,0.0
2010,501,DEI,Douglas Emmett,3.0,0.0
2010,502,SGI,Somnigroup International,3.0,0.0
2010,503,LECO,Lincoln Electric Holdings,3.0,0.0
2010,504,VIAV,Viavi Solutions,3.0,0.0
2010,505,ELME,Elme Communities,3.0,0.0
2010,506,LOGI,Logitech International S.A.,3.0,0.0
2010,507,UTHR,United Therapeutics,3.0,0.0
2010,508,HUN,Huntsman,3.0,0.0
2010,509,EWBC,East West Bancorp,3.0,0.0
2010,510,URBN,Urban Outfitters,3.0,0.0
2010,511,AEO,American Eagle Outfitters,3.0,0.0
2010,512,AFG,American Financial Group,3.0,0.0
2010,513,PII,Polaris,3.0,0.0
2010,514,PTC,Ptc,3.0,0.0
2010,515,AXS,Axis Capital Holdings,3.0,0.0
2010,516,WCN,Waste Connections,3.0,0.0
2010,517,UHS,Universal Health Services,3.0,0.0
2010,518,STLD,Steel Dynamics,3.0,0.0
2010,519,RS,Reliance,3.0,0.0
2010,520,GSG,iShares S&P GSCI Commodity-Indexed Trust,3.0,0.0
2010,521,OTEX,Open Text,3.0,0.0
2010,522,VECO,Veeco Instruments,3.0,0.0
2010,523,RPM,Rpm International Inc,3.0,0.0
2010,524,VCEL,Vericel,3.0,0.0
2010,525,G,Genpact,3.0,0.0
2010,526,RVTY,Revvity,3.0,0.0
2010,527,POR,Portland General Electric Co /Or/,3.0,0.0
2010,528,WSO,Watsco,3.0,0.0
2010,529,BR,Broadridge Financial Solutions,3.0,0.0
2010,530,WAB,Westinghouse Air Brake Technologies,3.0,0.0
2010,531,BGC,BGC Group,3.0,0.0
2010,532,PDM,Piedmont Realty Trust,3.0,0.0
2010,533,EFC,Ellington Financial,3.0,0.0
2010,534,TFSL,TFS Financial,3.0,0.0
2010,535,CXW,CoreCivic,3.0,0.0
2010,536,SLGN,Silgan Holdings,3.0,0.0
2010,537,EPC,Edgewell Personal Care,2.0,0.0
2010,538,ITRI,Itron,2.0,0.0
2010,539,SSNC,SS&C Technologies Holdings,2.0,0.0
2010,540,VYX,NCR Voyix,2.0,0.0
2010,541,GL,Globe Life,2.0,0.0
2010,542,JBLU,Jetblue Airways,2.0,0.0
2010,543,TECH,Bio-Techne,2.0,0.0
2010,544,SNA,Snap-on,2.0,0.0
2010,545,ARLP,Alliance Resource Partners,2.0,0.0
2010,546,DKS,Dick's Sporting Goods,2.0,0.0
2010,547,FLO,Flowers Foods,2.0,0.0
2010,548,FTNT,Fortinet,2.0,0.0
2010,549,MCY,Mercury General,2.0,0.0
2010,550,TFX,Teleflex,2.0,0.0
2010,551,GGG,Graco,2.0,0.0
2010,552,KEX,Kirby,2.0,0.0
2010,553,BAH,Booz Allen Hamilton Holding,2.0,0.0
2010,554,LULU,lululemon athletica,2.0,0.0
2010,555,DVA,Davita,2.0,0.0
2010,556,NVRI,Enviri,2.0,0.0
2010,557,LXP,LXP Industrial Trust,2.0,0.0
2010,558,THC,Tenet Healthcare,2.0,0.0
2010,559,WCC,Wesco International,2.0,0.0
2010,560,EGP,Eastgroup Properties,2.0,0.0
2010,561,TTWO,Take Two Interactive Software,2.0,0.0
2010,562,BKH,Black Hills Corp /Sd/,2.0,0.0
2010,563,WLY,John Wiley & Sons,2.0,0.0
2010,564,FCNCA,First Citizens Bancshares Inc,2.0,0.0
2010,565,COO,Cooper Companies,2.0,0.0
2010,566,WWD,Woodward,2.0,0.0
2010,567,IT,Gartner,2.0,0.0
2010,568,WTFC,Wintrust Financial,2.0,0.0
2010,569,CLH,Clean Harbors,2.0,0.0
2010,570,RMBS,Rambus,2.0,0.0
2010,571,OSK,Oshkosh,2.0,0.0
2010,572,MTG,Mgic Investment,2.0,0.0
2010,573,AVT,Avnet,2.0,0.0
2010,574,TER,Teradyne,2.0,0.0
2010,575,FLEX,Flex,2.0,0.0
2010,576,UNFI,United Natural Foods,2.0,0.0
2010,577,NDSN,Nordson,2.0,0.0
2010,578,NHI,National Health Investors,2.0,0.0
2010,579,SR,Spire,2.0,0.0
2010,580,MYGN,Myriad Genetics,2.0,0.0
2010,581,EPR-PE,Epr Properties,2.0,0.0
2010,582,JKHY,Jack Henry & Associates,2.0,0.0
2010,583,CPAY,Corpay,2.0,0.0
2010,584,HNI,Hni,2.0,0.0
2010,585,CDNS,Cadence Design Systems,2.0,0.0
2010,586,BPOP,Popular,2.0,0.0
2010,587,ZBRA,Zebra Technologies,2.0,0.0
2010,588,COLM,Columbia Sportswear,2.0,0.0
2010,589,ALK,Alaska Air Group,2.0,0.0
2010,590,IDA,Idacorp,2.0,0.0
2010,591,BDN,Brandywine Realty Trust,2.0,0.0
2010,592,MORN,Morningstar,2.0,0.0
2010,593,SF,Stifel Financial,2.0,0.0
2010,594,CRS,Carpenter Technology,2.0,0.0
2010,595,VSH,Vishay Intertechnology,2.0,0.0
2010,596,BANC,Banc Of California,2.0,0.0
2010,597,IBKR,Interactive Brokers Group,2.0,0.0
2010,598,PFS,Provident Financial Services,2.0,0.0
2010,599,CIEN,Ciena,2.0,0.0
2010,600,CBT,Cabot,2.0,0.0
2010,601,DBA,Invesco Db Agriculture Fund,2.0,0.0
2010,602,PRA,Proassurance,2.0,0.0
2010,603,EHC,Encompass Health,2.0,0.0
2010,604,NVR,Nvr,2.0,0.0
2010,605,AIZ,Assurant,2.0,0.0
2010,606,MTCH,Match Group,2.0,0.0
2010,607,UEC,Uranium Energy,2.0,0.0
2010,608,DAN,Dana,2.0,0.0
2010,609,UPBD,Upbound Group,2.0,0.0
2010,610,WKC,World Kinect,2.0,0.0
2010,611,BOH,Bank Of Hawaii,2.0,0.0
2010,612,UHAL,U-Haul Holding Co /NV/,2.0,0.0
2010,613,RWT,Redwood Trust,2.0,0.0
2010,614,FULT,Fulton Financial,2.0,0.0
2010,615,TDY,Teledyne Technologies,2.0,0.0
2010,616,AVA,Avista,2.0,0.0
2010,617,AMKR,Amkor Technology,2.0,0.0
2010,618,WSBC,Wesbanco,2.0,0.0
2010,619,HEI,Heico,2.0,0.0
2010,620,ENOV,Enovis,2.0,0.0
2010,621,INVA,Innoviva,2.0,0.0
2010,622,ODFL,Old Dominion Freight Line,2.0,0.0
2010,623,TTC,Toro,2.0,0.0
2010,624,NJR,New Jersey Resources,2.0,0.0
2010,625,HLF,Herbalife,2.0,0.0
2010,626,CHH,Choice Hotels International Inc,2.0,0.0
2010,627,CRL,Charles River Laboratories International,2.0,0.0
2010,628,ELS,Equity Lifestyle Properties,2.0,0.0
2010,629,NWBI,Northwest Bancshares,2.0,0.0
2010,630,TOL,Toll Brothers,2.0,0.0
2010,631,CMC,Commercial Metals,2.0,0.0
2010,632,VMI,Valmont Industries,2.0,0.0
2010,633,IONS,Ionis Pharmaceuticals,2.0,0.0
2010,634,EZPW,Ezcorp,2.0,0.0
2010,635,MKSI,Mks,2.0,0.0
2010,636,TR,Tootsie Roll Industries,2.0,0.0
2010,637,AYI,Acuity Inc. (De),2.0,0.0
2010,638,LII,Lennox International,2.0,0.0
2010,639,THG,Hanover Insurance Group,2.0,0.0
2010,640,CSL,Carlisle Companies,2.0,0.0
2010,641,GTLS,Chart Industries,2.0,0.0
2010,642,NYT,New York Times,2.0,0.0
2010,643,JBL,Jabil,2.0,0.0
2010,644,PMT,PennyMac Mortgage Investment Trust,2.0,0.0
2010,645,MZTI,Marzetti,2.0,0.0
2010,646,SXT,Sensient Technologies,2.0,0.0
2010,647,IMAX,Imax,2.0,0.0
2010,648,FAF,First American Financial,2.0,0.0
2010,649,CENX,Century Aluminum,2.0,0.0
2010,650,CASY,Caseys General Stores,2.0,0.0
2010,651,GEO,Geo Group,2.0,0.0
2010,652,CFFN,Capitol Federal Financial,2.0,0.0
2010,653,ITT,Itt,2.0,0.0
2010,654,DDD,3D Systems,2.0,0.0
2010,655,HRB,H&R Block,1.0,0.0
2010,656,TRMK,Trustmark,1.0,0.0
2010,657,CBU,Community Financial System,1.0,0.0
2010,658,FOLD,Amicus Therapeutics,1.0,0.0
2010,659,BRC,Brady,1.0,0.0
2010,660,HAE,Haemonetics,1.0,0.0
2010,661,HRI,Herc Holdings,1.0,0.0
2010,662,MTN,Vail Resorts,1.0,0.0
2010,663,PHM,Pultegroup Inc/Mi/,1.0,0.0
2010,664,TXNM,Txnm Energy,1.0,0.0
2010,665,KMPR,Kemper,1.0,0.0
2010,666,CAKE,Cheesecake Factory,1.0,0.0
2010,667,BDC,Belden,1.0,0.0
2010,668,URI,United Rentals,1.0,0.0
2010,669,SIG,Signet Jewelers,1.0,0.0
2010,670,ALGN,Align Technology,1.0,0.0
2010,671,WABC,Westamerica Ban,1.0,0.0
2010,672,LSTR,Landstar System,1.0,0.0
2010,673,HXL,Hexcel Corp,1.0,0.0
2010,674,WST,West Pharmaceutical Services,1.0,0.0
2010,675,PEGA,Pegasystems,1.0,0.0
2010,676,INSM,Insmed,1.0,0.0
2010,677,BKE,Buckle,1.0,0.0
2010,678,WERN,Werner Enterprises,1.0,0.0
2010,679,ULTA,Ulta Beauty,1.0,0.0
2010,680,CNS,Cohen & Steers,1.0,0.0
2010,681,ABM,Abm Industries Inc,1.0,0.0
2010,682,WWW,Wolverine World Wide Inc,1.0,0.0
2010,683,BCRX,Biocryst Pharmaceuticals,1.0,0.0
2010,684,PRK,Park National Corp /Oh/,1.0,0.0
2010,685,ALNY,Alnylam Pharmaceuticals,1.0,0.0
2010,686,TTEK,Tetra Tech,1.0,0.0
2010,687,ZD,Ziff Davis,1.0,0.0
2010,688,TGNA,Tegna,1.0,0.0
2010,689,PRDO,Perdoceo Education,1.0,0.0
2010,690,EME,EMCOR Group,1.0,0.0
2010,691,SSD,Simpson Manufacturing Co.,1.0,0.0
2010,692,IART,Integra Lifesciences Holdings,1.0,0.0
2010,693,GEF,Greif,1.0,0.0
2010,694,NBTB,Nbt Bancorp,1.0,0.0
2010,695,CVLT,Commvault Systems,1.0,0.0
2010,696,MLI,Mueller Industries,1.0,0.0
2010,697,WAFD,Wafd,1.0,0.0
2010,698,IBOC,International Bancshares,1.0,0.0
2010,699,HTLD,Heartland Express,1.0,0.0
2010,700,DIOD,Diodes Inc /Del/,1.0,0.0
2010,701,CW,Curtiss Wright,1.0,0.0
2010,702,EPAC,Enerpac Tool Group,1.0,0.0
2010,703,WTS,Watts Water Technologies,1.0,0.0
2010,704,BC,Brunswick,1.0,0.0
2010,705,LRN,Stride,1.0,0.0
2010,706,UTI,Universal Technical Institute,1.0,0.0
2010,707,MASI,Masimo,1.0,0.0
2010,708,AIT,Applied Industrial Technologies,1.0,0.0
2010,709,CBRL,Cracker Barrel Old Country Store,1.0,0.0
2010,710,BLKB,Blackbaud,1.0,0.0
2010,711,MTX,Minerals Technologies,1.0,0.0
2010,712,GVA,Granite Construction,1.0,0.0
2010,713,FDP,Fresh Del Monte Produce,1.0,0.0
2010,714,FTK,Flotek Industries Inc/Cn/,1.0,0.0
2010,715,CACI,Caci International Inc,1.0,0.0
2010,716,CVBF,Cvb Financial,1.0,0.0
2010,717,CATX,Perspective Therapeutics,1.0,0.0
2010,718,LNG,Cheniere Energy,1.0,0.0
2010,719,HAIN,Hain Celestial Group,1.0,0.0
2010,720,FCN,Fti Consulting,1.0,0.0
2010,721,GHC,Graham Holdings,1.0,0.0
2010,722,FUL,Fuller H B,1.0,0.0
2010,723,SCI,Service Corp International,1.0,0.0
2010,724,ABR,Arbor Realty Trust,1.0,0.0
2010,725,PAG,Penske Automotive Group,1.0,0.0
2010,726,TXRH,Texas Roadhouse,1.0,0.0
2010,727,EXAS,Exact Sciences,1.0,0.0
2010,728,SYNA,Synaptics,1.0,0.0
2010,729,MIDD,Middleby,1.0,0.0
2010,730,TSN,Tyson Foods,1.0,0.0
2010,731,ENTG,Entegris,1.0,0.0
2010,732,HCSG,Healthcare Services Group,1.0,0.0
2010,733,NEU,Newmarket,1.0,0.0
2010,734,MMS,Maximus,1.0,0.0
2010,735,CATY,Cathay General Ban,1.0,0.0
2010,736,CMPR,Cimpress,1.0,0.0
2010,737,RBC,RBC Bearings,1.0,0.0
2010,738,BCO,Brinks,1.0,0.0
2010,739,HTO,H2O America,1.0,0.0
2010,740,QNST,Quinstreet,1.0,0.0
2010,741,CRI,Carters,1.0,0.0
2010,742,PODD,Insulet,1.0,0.0
2010,743,FBP,First Bancorp /Pr/,1.0,0.0
2010,744,IDCC,InterDigital,1.0,0.0
2010,745,PENN,PENN Entertainment,1.0,0.0
2010,746,UVV,Universal Corp /Va/,1.0,0.0
2010,747,WMK,Weis Markets,1.0,0.0
2010,748,TYL,Tyler Technologies,1.0,0.0
2010,749,MGEE,Mge Energy,1.0,0.0
2010,750,AN,Autonation,1.0,0.0
2010,751,AIR,Aar,1.0,0.0
2010,752,PLCE,Childrens Place,1.0,0.0
2010,753,HHS,Harte Hanks,1.0,0.0
2010,754,HLIT,Harmonic,1.0,0.0
2010,755,ENS,EnerSys,1.0,0.0
2010,756,UNF,Unifirst,1.0,0.0
2010,757,HALO,Halozyme Therapeutics,1.0,0.0
2010,758,TCBI,Texas Capital Bancshares Inc/Tx,1.0,0.0
2010,759,EAT,Brinker International,1.0,0.0
2010,760,NLST,Netlist,1.0,0.0
2010,761,KFY,Korn Ferry,1.0,0.0
2010,762,ICUI,Icu Medical Inc,1.0,0.0
2010,763,ACIW,Aci Worldwide,1.0,0.0
2010,764,SPXC,SPX Technologies,1.0,0.0
2010,765,FWRD,Forward Air,1.0,0.0
2010,766,SPB,Spectrum Brands Holdings,1.0,0.0
2010,767,CHE,Chemed,1.0,0.0
2010,768,UMH,Umh Properties,1.0,0.0
2010,769,CBAT,CBAK Energy Technology,1.0,0.0
2010,770,NNI,Nelnet,1.0,0.0
2010,771,TILE,Interface,1.0,0.0
2010,772,STBA,S&T Bancorp,1.0,0.0
2010,773,WEN,Wendy's,1.0,0.0
2010,774,ANDE,Andersons,1.0,0.0
2010,775,CRUS,Cirrus Logic,1.0,0.0
2010,776,POOL,Pool,1.0,0.0
2010,777,CXT,Crane NXT,1.0,0.0
2010,778,MOD,Modine Manufacturing,1.0,0.0
2010,779,KALU,Kaiser Aluminum,1.0,0.0
2010,780,MPWR,Monolithic Power Systems,1.0,0.0
2010,781,MTRN,Materion,1.0,0.0
2010,782,AGO,Assured Guaranty,1.0,0.0
2010,783,WAL,Western Alliance Ban,1.0,0.0
2010,784,CWT,California Water Service Group,1.0,0.0
2010,785,GPRE,Green Plains,1.0,0.0
2010,786,SCL,Stepan,1.0,0.0
2010,787,NBIX,Neurocrine Biosciences,1.0,0.0
2010,788,BZH,Beazer Homes Usa,1.0,0.0
2010,789,TRN,Trinity Industries,1.0,0.0
2010,790,EGY,Vaalco Energy Inc,1.0,0.0
2010,791,ASTE,Astec Industries,1.0,0.0
2010,792,HLIO,Helios Technologies,1.0,0.0
2010,793,FELE,Franklin Electric Co,1.0,0.0
2010,794,MKTX,Marketaxess Holdings,1.0,0.0
2010,795,UFPI,Ufp Industries,1.0,0.0
2010,796,CNMD,Conmed,1.0,0.0
2010,797,HMN,Horace Mann Educators Corp,1.0,0.0
2010,798,KWR,Quaker Chemical,1.0,0.0
2010,799,FCF,First Commonwealth Financial Corp /Pa/,1.0,0.0
2010,800,AOS,Smith A O,1.0,0.0
2010,801,NHC,National Healthcare,1.0,0.0
2010,802,KBH,Kb Home,1.0,0.0
2010,803,RUSHA,Rush Enterprises Inc \Tx\,1.0,0.0
2010,804,KOP,Koppers Holdings,1.0,0.0
2010,805,SAFT,Safety Insurance Group,1.0,0.0
2010,806,FORM,Formfactor,1.0,0.0
2010,807,LSCC,Lattice Semiconductor,1.0,0.0
2010,808,APEI,American Public Education,1.0,0.0
2010,809,EEFT,Euronet Worldwide,1.0,0.0
2010,810,AIN,Albany International Corp,1.0,0.0
2010,811,MWA,Mueller Water Products,1.0,0.0
2010,812,DMRC,Digimarc,1.0,0.0
2010,813,BHE,Benchmark Electronics,1.0,0.0
2010,814,CNO,CNO Financial Group,1.0,0.0
2010,815,BANF,Bancfirst Corp /Ok/,1.0,0.0
2010,816,FBNC,First Bancorp /Nc/,1.0,0.0
2010,817,USNA,Usana Health Sciences,1.0,0.0
2010,818,LNN,Lindsay,1.0,0.0
2010,819,ARCB,Arcbest Corp,1.0,0.0
2010,820,INVE,Identiv,1.0,0.0
2010,821,SCHL,Scholastic,1.0,0.0
2010,822,ATNI,ATN International,1.0,0.0
2010,823,MATX,Matson,1.0,0.0
2010,824,PBH,Prestige Consumer Healthcare,1.0,0.0
2010,825,CRVL,Corvel,1.0,0.0
2010,826,AP,Ampco Pittsburgh,1.0,0.0
2010,827,CEVA,Ceva,1.0,0.0
2010,828,TMP,Tompkins Financial,1.0,0.0
2010,829,NSP,Insperity,1.0,0.0
2010,830,CAR,Avis Budget Group,1.0,0.0
2010,831,FICO,Fair Isaac,1.0,0.0
2010,832,BWEN,Broadwind,1.0,0.0
2010,833,EXPO,Exponent,1.0,0.0
2010,834,CSWC,Capital Southwest,1.0,0.0
2010,835,UVSP,Univest Financial,1.0,0.0
2010,836,ORRF,Orrstown Financial Services,1.0,0.0
2010,837,PRIM,Primoris Services,1.0,0.0
2010,838,PIPR,Piper Sandler Companies,1.0,0.0
2010,839,GIII,G Iii Apparel Group Ltd,1.0,0.0
2010,840,BKNG,Booking Holdings,1.0,0.0
2010,841,IOSP,Innospec,1.0,0.0
2010,842,UHT,Universal Health Realty Income Trust,1.0,0.0
2010,843,FRME,First Merchants,1.0,0.0
2010,844,DLPN,Dolphin Entertainment,0.0,0.0
2010,845,CENTA,Central Garden & Pet,0.0,0.0
2010,846,WOR,Worthington Enterprises,0.0,0.0
2010,847,AIV,Apartment Investment & Management,0.0,0.0
2010,848,BESS,Bimergen Energy,0.0,0.0
2010,849,ICFI,ICF International,0.0,0.0
2010,850,ROCK,Gibraltar Industries,0.0,0.0
2010,851,FIX,Comfort Systems Usa,0.0,0.0
2010,852,VSEC,Vse,0.0,0.0
2010,853,GABC,German American Bancorp,0.0,0.0
2010,854,AXTI,Axt,0.0,0.0
2010,855,HURN,Huron Consulting Group,0.0,0.0
2010,856,SAH,Sonic Automotive,0.0,0.0
2010,857,EHTH,eHealth,0.0,0.0
2010,858,SMCI,Super Micro Computer,0.0,0.0
2010,859,NOVT,Novanta,0.0,0.0
2010,860,ULH,Universal Logistics Holdings,0.0,0.0
2010,861,FSS,Federal Signal Corp,0.0,0.0
2010,862,UCTT,Ultra Clean Holdings,0.0,0.0
2010,863,FMBH,First Mid Bancshares,0.0,0.0
2010,864,CNOB,ConnectOne Bancorp,0.0,0.0
2010,865,CAL,Caleres,0.0,0.0
2010,866,PVCT,Provectus Biopharmaceuticals,0.0,0.0
2010,867,EFSC,Enterprise Financial Services,0.0,0.0
2010,868,CBZ,Cbiz,0.0,0.0
2010,869,DXPE,Dxp Enterprises,0.0,0.0
2010,870,ENSG,Ensign Group,0.0,0.0
2010,871,TREX,Trex Co,0.0,0.0
2010,872,CVCO,Cavco Industries,0.0,0.0
2010,873,PLAB,Photronics,0.0,0.0
2010,874,EIG,Employers Holdings,0.0,0.0
2010,875,BUDZ,Weed,0.0,0.0
2010,876,STC,Stewart Information Services,0.0,0.0
2010,877,FNMA,Federal National Mortgage Association Fannie Mae,0.0,0.0
2010,878,GALT,Galectin Therapeutics,0.0,0.0
2010,879,AREN,Arena Group Holdings,0.0,0.0
2010,880,MSEX,Middlesex Water,0.0,0.0
2010,881,SYBT,Stock Yards Bancorp,0.0,0.0
2010,882,WD,Walker & Dunlop,0.0,0.0
2010,883,KLIC,Kulicke & Soffa Industries,0.0,0.0
2010,884,DCO,Ducommun Inc,0.0,0.0
2010,885,DY,Dycom Industries,0.0,0.0
2010,886,CTS,Cts,0.0,0.0
2010,887,DWSN,Dawson Geophysical,0.0,0.0
2010,888,SMP,Standard Motor Products,0.0,0.0
2010,889,STAA,Staar Surgical,0.0,0.0
2010,890,VRTS,Virtus Investment Partners,0.0,0.0
2010,891,USPH,U S Physical Therapy Inc /Nv,0.0,0.0
2010,892,FRPH,Frp Holdings,0.0,0.0
2010,893,INTZ,Intrusion,0.0,0.0
2010,894,TMRC,Texas Mineral Resources,0.0,0.0
2010,895,FCBC,First Community Bankshares Inc /Va/,0.0,0.0
2010,896,FMCB,Farmers & Merchants Ban,0.0,0.0
2010,897,CAC,Camden National,0.0,0.0
2010,898,HTBK,Heritage Commerce,0.0,0.0
2010,899,HAFC,Hanmi Financial,0.0,0.0
2010,900,HBNC,Horizon Bancorp Inc /In/,0.0,0.0
2010,901,GSBC,Great Southern Bancorp,0.0,0.0
2010,902,WRLD,World Acceptance,0.0,0.0
2010,903,ATRO,Astronics,0.0,0.0
2010,904,YORW,York Water,0.0,0.0
2010,905,RGR,Sturm Ruger & Co,0.0,0.0
2010,906,PAR,Par Technology,0.0,0.0
2010,907,APOG,Apogee Enterprises,0.0,0.0
2010,908,KAI,Kadant,0.0,0.0
2010,909,MCRI,Monarch Casino & Resort,0.0,0.0
2010,910,CTSO,Cytosorbents,0.0,0.0
2010,911,RDNT,RadNet,0.0,0.0
2010,912,BBGI,Beasley Broadcast Group,0.0,0.0
2010,913,CCBG,Capital City Bank Group,0.0,0.0
2010,914,BLDR,Builders FirstSource,0.0,0.0
2010,915,SCVL,Shoe Carnival,0.0,0.0
2010,916,NKSH,National Bankshares,0.0,0.0
2010,917,DHIL,Diamond Hill Investment Group,0.0,0.0
2010,918,PDFS,Pdf Solutions,0.0,0.0
2010,919,SPSC,Sps Commerce,0.0,0.0
2010,920,AXGN,Axogen,0.0,0.0
2010,921,NXST,Nexstar Media Group,0.0,0.0
2010,922,SENEA,Seneca Foods,0.0,0.0
2010,923,MPB,Mid Penn Bancorp,0.0,0.0
2010,924,ALCO,Alico,0.0,0.0
2010,925,BLGO,Biolargo,0.0,0.0
2010,926,AGYS,Agilysys,0.0,0.0
2010,927,CLAR,Clarus,0.0,0.0
2010,928,INIS,International Isotopes,0.0,0.0
2010,929,CWCO,Consolidated Water Co.,0.0,0.0
2010,930,JSDA,Jones Soda,0.0,0.0
2010,931,CRAI,Cra International,0.0,0.0
2010,932,CTGO,Contango ORE,0.0,0.0
2010,933,TREE,LendingTree,0.0,0.0
2010,934,SMBK,Smartfinancial,0.0,0.0
2010,935,FLL,Full House Resorts,0.0,0.0
2010,936,CVLG,Covenant Logistics Group,0.0,0.0
2010,937,CPRX,Catalyst Pharmaceuticals,0.0,0.0
2010,938,HURC,Hurco Companies,0.0,0.0
2010,939,ATROB,Astronics,0.0,0.0
2010,940,QCRH,Qcr Holdings,0.0,0.0
2010,941,AGX,Argan,0.0,0.0
2010,942,DYNR,Dynaresource,0.0,0.0
2010,943,CZFS,Citizens Financial Services,0.0,0.0
2010,944,RGCO,Rgc Resources,0.0,0.0
2010,945,CWBC,Community West Bancshares,0.0,0.0
2010,946,HCI,HCI Group,0.0,0.0
2010,947,ATLC,Atlanticus Holdings,0.0,0.0
2010,948,EML,Eastern,0.0,0.0
2010,949,CRD-B,Crawford,0.0,0.0
2010,950,DJCO,Daily Journal,0.0,0.0
2010,951,CLRO,Clearone,0.0,0.0
2010,952,UFPT,Ufp Technologies,0.0,0.0
2010,953,CPIX,Cumberland Pharmaceuticals,0.0,0.0
2010,954,WLFC,Willis Lease Finance,0.0,0.0
2010,955,MLSS,Milestone Scientific,0.0,0.0
2010,956,CHCI,Comstock Holding Companies,0.0,0.0
2010,957,AIFF,Firefly Neuroscience,0.0,0.0
2010,958,PPIH,Perma-Pipe International Holdings,0.0,0.0
2010,959,AUBN,Auburn National Bancorporation,0.0,0.0
2010,960,CNTY,Century Casinos Inc /Co/,0.0,0.0
2010,961,EBMT,Eagle Bancorp Montana,0.0,0.0
2010,962,TRNS,Transcat,0.0,0.0
2010,963,IDR,Idaho Strategic Resources,0.0,0.0
2010,964,HQI,HireQuest,0.0,0.0
2010,965,ENBP,ENB Financial,0.0,0.0
2010,966,CIVB,Civista Bancshares,0.0,0.0
2010,967,WLDN,Willdan Group,0.0,0.0
2010,968,CRMZ,Creditriskmonitor Com,0.0,0.0
2010,969,ITIC,Investors Title,0.0,0.0
2010,970,ALNT,Allient,0.0,0.0
2010,971,CLFD,Clearfield,0.0,0.0
2010,972,DXYN,Dixie Group,0.0,0.0
2010,973,ASTH,Astrana Health,0.0,0.0
2010,974,CVV,Cvd Equipment,0.0,0.0
2010,975,EP,Empire Petroleum,0.0,0.0
2010,976,CMTV,Community Bancorp /Vt,0.0,0.0
2010,977,BLFS,Biolife Solutions,0.0,0.0
2010,978,BRN,Barnwell Industries,0.0,0.0
2010,979,TSSI,Tss,0.0,0.0
2010,980,BDCO,Blue Dolphin Energy,0.0,0.0
2010,981,FBIZ,First Business Financial Services,0.0,0.0
2010,982,BKTI,BK Technologies,0.0,0.0
2010,983,IWSH,Wright Investors Service Holdings,0.0,0.0
2010,984,PNRG,Primeenergy Resources,0.0,0.0
2010,985,LTUM,Lithium,0.0,0.0
2010,986,ICCC,Immucell Corp,0.0,0.0
2010,987,BOTJ,Bank Of The James Financial Group,0.0,0.0
2010,988,ASRV,Ameriserv Financial Inc /Pa/,0.0,0.0
2010,989,CPSS,Consumer Portfolio Services,0.0,0.0
2010,990,AMTX,Aemetis,0.0,0.0
2010,991,CKX,Ckx Lands,0.0,0.0
2010,992,AWCA,Awaysis Capital,0.0,0.0
2010,993,AMS,American Shared Hospital Services,0.0,0.0
2010,994,PATK,Patrick Industries,0.0,0.0
2010,995,CVR,Chicago Rivet & Machine,0.0,0.0
2010,996,PLBC,Plumas Ban,0.0,0.0
2010,997,MHH,Mastech Digital,0.0,0.0
2010,998,ELSE,Electro Sensors,0.0,0.0
2010,999,ABCP,AmBase,0.0,0.0
2010,1000,NSYS,Nortech Systems,0.0,0.0
2011,1,AAPL,Apple,378.0,3.3
2011,2,XOM,Exxon Mobil,351.0,3.1
2011,3,IBM,International Business Machines,214.0,1.9
2011,4,CVX,Chevron,211.0,1.9
2011,5,WMT,Walmart,195.0,1.7
2011,6,MSFT,Microsoft,193.0,1.7
2011,7,T,AT&T,179.0,1.6
2011,8,VZ,Verizon Communications,169.0,1.5
2011,9,PFE,Pfizer,166.0,1.5
2011,10,BRK-B,Berkshire Hathaway,165.0,1.5
2011,11,KO,Coca Cola,160.0,1.4
2011,12,PG,Procter & Gamble,155.0,1.4
2011,13,JNJ,Johnson & Johnson,153.0,1.4
2011,14,PM,Philip Morris International,141.0,1.2
2011,15,INTC,Intel,122.0,1.1
2011,16,MRK,Merck & Co.,115.0,1.0
2011,17,SLB,Schlumberger Limited/Nv,102.0,0.9
2011,18,COP,Conocophillips,93.0,0.8
2011,19,PEP,Pepsico,91.0,0.8
2011,20,PCG,Pg&E,91.0,0.8
2011,21,JPM,JPMorgan Chase,90.0,0.8
2011,22,ORCL,Oracle,90.0,0.8
2011,23,GE,GE Aerospace,90.0,0.8
2011,24,ABT,Abbott Laboratories,88.0,0.8
2011,25,WFC,Wells Fargo & Company/Mn,85.0,0.7
2011,26,OXY,Occidental Petroleum Corp,83.0,0.7
2011,27,ENB,Enbridge,82.0,0.7
2011,28,AMZN,Amazon Com,79.0,0.7
2011,29,BA,Boeing,74.0,0.7
2011,30,CSCO,Cisco Systems,73.0,0.6
2011,31,BMY,Bristol Myers Squibb,72.0,0.6
2011,32,KMI,Kinder Morgan,72.0,0.6
2011,33,RTX,Rtx,65.0,0.6
2011,34,MDLZ,Mondelez International,65.0,0.6
2011,35,NEM,NEWMONT Corp,65.0,0.6
2011,36,CMCSA,Comcast,62.0,0.5
2011,37,QCOM,Qualcomm Inc,58.0,0.5
2011,38,MMM,3M,57.0,0.5
2011,39,KDP,Keurig Dr Pepper,54.0,0.5
2011,40,FCX,Freeport-Mcmoran,53.0,0.5
2011,41,WBD,Warner Bros. Discovery,52.0,0.5
2011,42,UPS,United Parcel Service,52.0,0.5
2011,43,PLDGP,Prologis,52.0,0.5
2011,44,V,Visa,52.0,0.5
2011,45,SO,Southern,52.0,0.5
2011,46,CVS,Cvs Health,52.0,0.5
2011,47,DUK,Duke Energy,51.0,0.5
2011,48,UNP,Union Pacific,51.0,0.4
2011,49,MO,Altria Group,50.0,0.4
2011,50,MA,Mastercard,47.0,0.4
2011,51,D,Dominion Energy,47.0,0.4
2011,52,NLY,Annaly Capital Management,46.0,0.4
2011,53,UNH,Unitedhealth Group,46.0,0.4
2011,54,C,Citigroup,46.0,0.4
2011,55,NKE,Nike,44.0,0.4
2011,56,RIG,Transocean,44.0,0.4
2011,57,IOVA,Iovance Biotherapeutics,44.0,0.4
2011,58,F,Ford Motor,43.0,0.4
2011,59,HON,Honeywell International,42.0,0.4
2011,60,USB,Us Bancorp \De\,42.0,0.4
2011,61,CAT,Caterpillar,42.0,0.4
2011,62,CCL,Carnival,41.0,0.4
2011,63,EPD,Enterprise Products Partners L.P.,41.0,0.4
2011,64,BAC,Bank Of America Corp,40.0,0.4
2011,65,LLY,Eli Lilly,39.0,0.3
2011,66,DVN,Devon Energy Corp,39.0,0.3
2011,67,WELL,Welltower,38.0,0.3
2011,68,LUMN,Lumen Technologies,37.0,0.3
2011,69,CL,Colgate Palmolive,37.0,0.3
2011,70,COST,Costco Wholesale Corp,36.0,0.3
2011,71,HD,Home Depot,36.0,0.3
2011,72,ACN,Accenture,36.0,0.3
2011,73,CLF,Cleveland-Cliffs,36.0,0.3
2011,74,AMGN,Amgen,35.0,0.3
2011,75,ARR,Armour Residential REIT,34.0,0.3
2011,76,MET,Metlife,33.0,0.3
2011,77,DHR,Danaher Corp,32.0,0.3
2011,78,AGNC,AGNC Investment,32.0,0.3
2011,79,AXP,American Express,32.0,0.3
2011,80,O,Realty Income,32.0,0.3
2011,81,TFC,Truist Financial,31.0,0.3
2011,82,GILD,Gilead Sciences,31.0,0.3
2011,83,VTR,Ventas,30.0,0.3
2011,84,KMB,Kimberly Clark,29.0,0.3
2011,85,HAL,Halliburton,29.0,0.3
2011,86,NOV,Nov,29.0,0.3
2011,87,EXC,Exelon,29.0,0.3
2011,88,LVS,Las Vegas Sands,29.0,0.3
2011,89,AMT,American Tower Corp /Ma/,28.0,0.2
2011,90,SBUX,Starbucks,28.0,0.2
2011,91,GS,Goldman Sachs Group,27.0,0.2
2011,92,CB,Chubb,27.0,0.2
2011,93,PLD,Prologis,27.0,0.2
2011,94,EOG,Eog Resources,27.0,0.2
2011,95,TXN,Texas Instruments,26.0,0.2
2011,96,COF,Capital One Financial,26.0,0.2
2011,97,ADP,Automatic Data Processing,26.0,0.2
2011,98,EMR,Emerson Electric,26.0,0.2
2011,99,PAA,Plains All American Pipeline,26.0,0.2
2011,100,FE,Firstenergy,26.0,0.2
2011,101,SCCO,Southern Copper Corp/,25.0,0.2
2011,102,NEE,Nextera Energy,25.0,0.2
2011,103,TGT,Target,25.0,0.2
2011,104,OKE,Oneok Inc /New/,24.0,0.2
2011,105,MS,Morgan Stanley,24.0,0.2
2011,106,PSA,Public Storage,24.0,0.2
2011,107,PNC,Pnc Financial Services Group,23.0,0.2
2011,108,DLR,Digital Realty Trust,23.0,0.2
2011,109,CSX,Csx,23.0,0.2
2011,110,TJX,Tjx Companies Inc,23.0,0.2
2011,111,ED,Consolidated Edison,23.0,0.2
2011,112,AEP,American Electric Power Co,22.0,0.2
2011,113,CRK,Comstock Resources,22.0,0.2
2011,114,IEP,Icahn Enterprises L.P.,22.0,0.2
2011,115,IMO,Imperial Oil,22.0,0.2
2011,116,JCI,Johnson Controls International,22.0,0.2
2011,117,EQR,Equity Residential,21.0,0.2
2011,118,BEN,Franklin Resources,21.0,0.2
2011,119,DE,Deere,21.0,0.2
2011,120,GIS,General Mills,20.0,0.2
2011,121,EL,Estee Lauder Companies,20.0,0.2
2011,122,AFL,Aflac,20.0,0.2
2011,123,FDX,Fedex,20.0,0.2
2011,124,SCHW,Schwab Charles,20.0,0.2
2011,125,CCI,Crown Castle,20.0,0.2
2011,126,CTSH,Cognizant Technology Solutions,19.0,0.2
2011,127,WMB,Williams Companies,19.0,0.2
2011,128,TMUS,T-Mobile US,19.0,0.2
2011,129,SYK,Stryker,19.0,0.2
2011,130,EQT,Eqt,19.0,0.2
2011,131,LMT,Lockheed Martin,19.0,0.2
2011,132,ADI,Analog Devices,18.0,0.2
2011,133,AVB,Avalonbay Communities,18.0,0.2
2011,134,GM,General Motors,18.0,0.2
2011,135,ISRG,Intuitive Surgical,18.0,0.2
2011,136,CRM,Salesforce,18.0,0.2
2011,137,GD,General Dynamics,18.0,0.2
2011,138,APD,Air Products & Chemicals,18.0,0.2
2011,139,PRU,Prudential Financial,17.0,0.2
2011,140,BHC,Bausch Health Companies,17.0,0.2
2011,141,XEL,Xcel Energy,17.0,0.2
2011,142,PPL,Ppl,17.0,0.1
2011,143,DOC,Healthpeak Properties,17.0,0.1
2011,144,ETN,Eaton Corp,17.0,0.1
2011,145,GRPN,Groupon,17.0,0.1
2011,146,MOS,Mosaic,17.0,0.1
2011,147,TMO,Thermo Fisher Scientific,17.0,0.1
2011,148,ETR,Entergy Corp,17.0,0.1
2011,149,K,Kellanova,17.0,0.1
2011,150,PEG,Public Service Enterprise Group,16.0,0.1
2011,151,NSC,Norfolk Southern,16.0,0.1
2011,152,ECL,Ecolab,16.0,0.1
2011,153,CME,Cme Group,16.0,0.1
2011,154,BIIB,Biogen,16.0,0.1
2011,155,EIX,Edison International,16.0,0.1
2011,156,CRDF,Cardiff Oncology,16.0,0.1
2011,157,CAPR,Capricor Therapeutics,16.0,0.1
2011,158,BXP,Bxp,16.0,0.1
2011,159,BDX,Becton Dickinson,16.0,0.1
2011,160,MMC,Marsh & Mclennan Companies,16.0,0.1
2011,161,CDE,Coeur Mining,16.0,0.1
2011,162,INTU,Intuit,15.0,0.1
2011,163,ELV,Elevance Health,15.0,0.1
2011,164,RRC,Range Resources,15.0,0.1
2011,165,SM,SM Energy,15.0,0.1
2011,166,VNO,Vornado Realty Trust,14.0,0.1
2011,167,SYY,Sysco,14.0,0.1
2011,168,VFC,V F,14.0,0.1
2011,169,BAX,Baxter International,14.0,0.1
2011,170,ADM,Archer-Daniels-Midland,14.0,0.1
2011,171,BK,Bank of New York Mellon,14.0,0.1
2011,172,FIS,Fidelity National Information Services,14.0,0.1
2011,173,ES,Eversource Energy,14.0,0.1
2011,174,ITW,Illinois Tool Works,13.0,0.1
2011,175,WY,Weyerhaeuser,13.0,0.1
2011,176,IFF,International Flavors & Fragrances,13.0,0.1
2011,177,PCAR,Paccar,13.0,0.1
2011,178,SPGI,S&P Global,13.0,0.1
2011,179,OMC,Omnicom Group,13.0,0.1
2011,180,SRE,Sempra,13.0,0.1
2011,181,MAC,Macerich,13.0,0.1
2011,182,WM,Waste Management,13.0,0.1
2011,183,CNP,Centerpoint Energy,13.0,0.1
2011,184,KR,Kroger,13.0,0.1
2011,185,IP,International Paper Co /New/,13.0,0.1
2011,186,FAST,Fastenal,13.0,0.1
2011,187,PPG,Ppg Industries,13.0,0.1
2011,188,TRV,Travelers Companies,13.0,0.1
2011,189,HSY,Hershey,13.0,0.1
2011,190,TROW,Price T Rowe Group,12.0,0.1
2011,191,AIG,American International Group,12.0,0.1
2011,192,TPR,Tapestry,12.0,0.1
2011,193,CMI,Cummins,12.0,0.1
2011,194,LOW,Lowes Companies,12.0,0.1
2011,195,ARE,Alexandria Real Estate Equities,12.0,0.1
2011,196,YUM,Yum Brands,12.0,0.1
2011,197,CP,Canadian Pacific Kansas City Ltd/Cn,11.0,0.1
2011,198,KKR,KKR & Co.,11.0,0.1
2011,199,PGR,Progressive Corp/Oh/,11.0,0.1
2011,200,WYNN,Wynn Resorts,11.0,0.1
2011,201,WEC,Wec Energy Group,11.0,0.1
2011,202,MTB,M&T Bank,11.0,0.1
2011,203,STT,State Street,11.0,0.1
2011,204,HPQ,Hp,11.0,0.1
2011,205,GLW,Corning Inc /Ny,11.0,0.1
2011,206,ADBE,Adobe,11.0,0.1
2011,207,KIM,Kimco Realty,11.0,0.1
2011,208,MUR,Murphy Oil,11.0,0.1
2011,209,BX,Blackstone,11.0,0.1
2011,210,CMG,Chipotle Mexican Grill,11.0,0.1
2011,211,HUM,Humana,11.0,0.1
2011,212,FITB,Fifth Third Ban,10.0,0.1
2011,213,LYB,LyondellBasell Industries N.V.,10.0,0.1
2011,214,SWK,Stanley Black & Decker,10.0,0.1
2011,215,PAYX,Paychex,10.0,0.1
2011,216,HBAN,Huntington Bancshares Inc /Md/,10.0,0.1
2011,217,HST,Host Hotels & Resorts,10.0,0.1
2011,218,AON,Aon,10.0,0.1
2011,219,AMAT,Applied Materials Inc,10.0,0.1
2011,220,CPB,Campbell's,10.0,0.1
2011,221,EQIX,Equinix,10.0,0.1
2011,222,ROST,Ross Stores,10.0,0.1
2011,223,WTW,Willis Towers Watson,10.0,0.1
2011,224,MCK,Mckesson,10.0,0.1
2011,225,PH,Parker-Hannifin,10.0,0.1
2011,226,CAH,Cardinal Health,10.0,0.1
2011,227,ZBH,Zimmer Biomet Holdings,10.0,0.1
2011,228,NVDA,NVIDIA,9.0,0.1
2011,229,GEN,Gen Digital,9.0,0.1
2011,230,SHW,Sherwin Williams,9.0,0.1
2011,231,DTE,Dte Energy,9.0,0.1
2011,232,NUE,Nucor,9.0,0.1
2011,233,ROP,Roper Technologies,9.0,0.1
2011,234,ESS,Essex Property Trust,9.0,0.1
2011,235,TEL,TE Connectivity,9.0,0.1
2011,236,NWBO,Northwest Biotherapeutics,9.0,0.1
2011,237,IVZ,Invesco,9.0,0.1
2011,238,CAG,Conagra Brands,9.0,0.1
2011,239,GWW,W.W. Grainger,9.0,0.1
2011,240,WPC,W. P. Carey,9.0,0.1
2011,241,AMD,Advanced Micro Devices,9.0,0.1
2011,242,ICE,Intercontinental Exchange,9.0,0.1
2011,243,EMN,Eastman Chemical,9.0,0.1
2011,244,TRGP,Targa Resources,9.0,0.1
2011,245,CQP,"Cheniere Energy Partners, L.P.",9.0,0.1
2011,246,AEE,Ameren,9.0,0.1
2011,247,AJG,Arthur J. Gallagher,9.0,0.1
2011,248,DG,Dollar General,9.0,0.1
2011,249,RSG,Republic Services,9.0,0.1
2011,250,AES,Aes,8.0,0.1
2011,251,VRTX,Vertex Pharmaceuticals Inc / Ma,8.0,0.1
2011,252,RL,Ralph Lauren,8.0,0.1
2011,253,GPC,Genuine Parts,8.0,0.1
2011,254,LH,Labcorp Holdings,8.0,0.1
2011,255,KEY,Keycorp /New/,8.0,0.1
2011,256,CNX,CNX Resources,8.0,0.1
2011,257,NOC,Northrop Grumman Corp,8.0,0.1
2011,258,NTAP,NetApp,8.0,0.1
2011,259,M,Macy's,8.0,0.1
2011,260,CHRW,C. H. Robinson Worldwide,8.0,0.1
2011,261,ROK,Rockwell Automation,8.0,0.1
2011,262,TAP,Molson Coors Beverage,8.0,0.1
2011,263,SJM,J M Smucker,8.0,0.1
2011,264,UDR,Udr,8.0,0.1
2011,265,CLX,Clorox Co,8.0,0.1
2011,266,MAT,Mattel Inc,8.0,0.1
2011,267,EW,Edwards Lifesciences,8.0,0.1
2011,268,MNST,Monster Beverage,8.0,0.1
2011,269,HRL,Hormel Foods Corp,8.0,0.1
2011,270,BSX,Boston Scientific,8.0,0.1
2011,271,CTRA,Coterra Energy,8.0,0.1
2011,272,FRT,Federal Realty Investment Trust,8.0,0.1
2011,273,L,Loews,8.0,0.1
2011,274,DLTR,Dollar Tree,8.0,0.1
2011,275,MAR,Marriott International Inc /Md/,8.0,0.1
2011,276,MSI,Motorola Solutions,8.0,0.1
2011,277,GRMN,Garmin,8.0,0.1
2011,278,FLR,Fluor,8.0,0.1
2011,279,PTEN,Patterson Uti Energy,8.0,0.1
2011,280,A,Agilent Technologies,7.0,0.1
2011,281,CUKPF,Carnival,7.0,0.1
2011,282,CUK,Carnival,7.0,0.1
2011,283,APH,Amphenol Corp,7.0,0.1
2011,284,APO,Apollo Global Management,7.0,0.1
2011,285,NTRS,Northern Trust,7.0,0.1
2011,286,ADSK,Autodesk,7.0,0.1
2011,287,MAA,Mid America Apartment Communities,7.0,0.1
2011,288,WDC,Western Digital,7.0,0.1
2011,289,KOS,Kosmos Energy,7.0,0.1
2011,290,CNA,Cna Financial,7.0,0.1
2011,291,COR,Cencora,7.0,0.1
2011,292,TSLA,Tesla,7.0,0.1
2011,293,CHTR,"Charter Communications, Inc. /Mo/",7.0,0.1
2011,294,ALL,Allstate,7.0,0.1
2011,295,GAP,Gap,7.0,0.1
2011,296,MCHP,Microchip Technology,7.0,0.1
2011,297,XRAY,Dentsply Sirona,7.0,0.1
2011,298,BWA,Borgwarner,7.0,0.1
2011,299,REG,Regency Centers,7.0,0.1
2011,300,BF-A,Brown Forman,7.0,0.1
2011,301,NWL,Newell Brands,7.0,0.1
2011,302,CMS,Cms Energy,7.0,0.1
2011,303,AME,Ametek Inc/,7.0,0.1
2011,304,LHX,"L3Harris Technologies, Inc.",7.0,0.1
2011,305,DBC,Invesco DB Commodity Index Tracking Fund,7.0,0.1
2011,306,RCL,Royal Caribbean Cruises,7.0,0.1
2011,307,LULU,lululemon athletica,7.0,0.1
2011,308,NI,Nisource,7.0,0.1
2011,309,MU,Micron Technology,7.0,0.1
2011,310,BMRN,Biomarin Pharmaceutical,7.0,0.1
2011,311,CHD,Church & Dwight Co Inc,7.0,0.1
2011,312,MKC,Mccormick & Co,7.0,0.1
2011,313,ATI,Ati,6.0,0.1
2011,314,HR,Healthcare Realty Trust,6.0,0.1
2011,315,DGX,Quest Diagnostics,6.0,0.1
2011,316,CPT,Camden Property Trust,6.0,0.1
2011,317,KLAC,Kla,6.0,0.1
2011,318,EG,Everest Group,6.0,0.1
2011,319,XYL,Xylem,6.0,0.1
2011,320,VSAT,Viasat,6.0,0.1
2011,321,AWK,American Water Works Company,6.0,0.1
2011,322,UAL,United Airlines Holdings,6.0,0.1
2011,323,FFIV,F5,6.0,0.1
2011,324,ALB,Albemarle,6.0,0.1
2011,325,CINF,Cincinnati Financial,6.0,0.1
2011,326,KSS,Kohls,6.0,0.1
2011,327,TWO,Two Harbors Investment,6.0,0.1
2011,328,BALL,Ball,6.0,0.1
2011,329,MPW,Medical Properties Trust,6.0,0.1
2011,330,MCO,Moodys Corp,6.0,0.1
2011,331,HP,Helmerich & Payne,6.0,0.1
2011,332,DRI,Darden Restaurants,6.0,0.1
2011,333,REGN,Regeneron Pharmaceuticals,6.0,0.1
2011,334,PNW,Pinnacle West Capital,6.0,0.1
2011,335,VLO,Valero Energy Corp/Tx,6.0,0.1
2011,336,WU,Western Union,6.0,0.1
2011,337,MKL,Markel Group,6.0,0.1
2011,338,OHI,Omega Healthcare Investors,6.0,0.1
2011,339,RGLD,Royal Gold,6.0,0.1
2011,340,EBAY,Ebay,6.0,0.1
2011,341,JEF,Jefferies Financial Group,6.0,0.0
2011,342,ATO,Atmos Energy,6.0,0.0
2011,343,COLB,Columbia Banking System,6.0,0.0
2011,344,TDG,TransDigm Group,6.0,0.0
2011,345,OGE,Oge Energy,6.0,0.0
2011,346,STWD,Starwood Property Trust,6.0,0.0
2011,347,RYN,Rayonier,5.0,0.0
2011,348,DX,Dynex Capital,5.0,0.0
2011,349,EXPD,Expeditors International Of Washington,5.0,0.0
2011,350,AZO,Autozone,5.0,0.0
2011,351,BBY,Best Buy Co,5.0,0.0
2011,352,NFG,National Fuel Gas,5.0,0.0
2011,353,HPP,Hudson Pacific Properties,5.0,0.0
2011,354,TRMB,Trimble,5.0,0.0
2011,355,DHC,Diversified Healthcare Trust,5.0,0.0
2011,356,PFG,Principal Financial Group,5.0,0.0
2011,357,DAL,Delta Air Lines,5.0,0.0
2011,358,BFH,Bread Financial Holdings,5.0,0.0
2011,359,IRM,Iron Mountain,5.0,0.0
2011,360,VRSK,Verisk Analytics,5.0,0.0
2011,361,DOV,Dover,5.0,0.0
2011,362,J,Jacobs Solutions,5.0,0.0
2011,363,CCO,Clear Channel Outdoor Holdings,5.0,0.0
2011,364,EA,Electronic Arts,5.0,0.0
2011,365,SNPS,Synopsys,5.0,0.0
2011,366,VMC,Vulcan Materials,5.0,0.0
2011,367,EXR,Extra Space Storage,5.0,0.0
2011,368,LAB,Standard Biotools,5.0,0.0
2011,369,ACGL,Arch Capital Group,5.0,0.0
2011,370,SLG,Sl Green Realty,5.0,0.0
2011,371,TSCO,Tractor Supply Co,5.0,0.0
2011,372,ILMN,Illumina,5.0,0.0
2011,373,NNN,Nnn Reit,5.0,0.0
2011,374,MPC,Marathon Petroleum,5.0,0.0
2011,375,HCA,HCA Healthcare,5.0,0.0
2011,376,LNT,Alliant Energy,5.0,0.0
2011,377,CNC,Centene,5.0,0.0
2011,378,CE,Celanese,5.0,0.0
2011,379,ALV,Autoliv,5.0,0.0
2011,380,DCI,DONALDSON Co,5.0,0.0
2011,381,WRB,Berkley W R,5.0,0.0
2011,382,AKAM,Akamai Technologies,5.0,0.0
2011,383,AMP,Ameriprise Financial,5.0,0.0
2011,384,EFX,Equifax,5.0,0.0
2011,385,OII,Oceaneering International,5.0,0.0
2011,386,HE,Hawaiian Electric Industries,5.0,0.0
2011,387,HAS,Hasbro,5.0,0.0
2011,388,SBAC,Sba Communications,5.0,0.0
2011,389,INVX,Innovex International,5.0,0.0
2011,390,MLM,Martin Marietta Materials,5.0,0.0
2011,391,TDC,Teradata Corp,5.0,0.0
2011,392,ST,Sensata Technologies Holding,5.0,0.0
2011,393,ONB,Old National Bancorp /In/,4.0,0.0
2011,394,HIG,Hartford Insurance Group,4.0,0.0
2011,395,CBRE,Cbre Group,4.0,0.0
2011,396,SUI,Sun Communities,4.0,0.0
2011,397,CF,CF Industries Holdings,4.0,0.0
2011,398,ORLY,O Reilly Automotive,4.0,0.0
2011,399,LKQ,Lkq,4.0,0.0
2011,400,LRCX,Lam Research,4.0,0.0
2011,401,WAT,Waters Corp,4.0,0.0
2011,402,IDXX,Idexx Laboratories Inc,4.0,0.0
2011,403,HOG,Harley-Davidson,4.0,0.0
2011,404,NG,Novagold Resources,4.0,0.0
2011,405,GNTX,Gentex,4.0,0.0
2011,406,LUV,Southwest Airlines,4.0,0.0
2011,407,JBHT,Hunt J B Transport Services,4.0,0.0
2011,408,NDAQ,Nasdaq,4.0,0.0
2011,409,FLS,Flowserve,4.0,0.0
2011,410,TT,Trane Technologies,4.0,0.0
2011,411,AAP,Advance Auto Parts,4.0,0.0
2011,412,BKD,Brookdale Senior Living,4.0,0.0
2011,413,NVAX,Novavax,4.0,0.0
2011,414,GT,Goodyear Tire & Rubber Co /Oh/,4.0,0.0
2011,415,KMX,Carmax,4.0,0.0
2011,416,RJF,Raymond James Financial,4.0,0.0
2011,417,MELI,Mercadolibre,4.0,0.0
2011,418,WCN,Waste Connections,4.0,0.0
2011,419,WSM,Williams Sonoma,4.0,0.0
2011,420,CTAS,Cintas,4.0,0.0
2011,421,DVAX,Dynavax Technologies,4.0,0.0
2011,422,NXPI,NXP Semiconductors N.V.,4.0,0.0
2011,423,HOLX,Hologic,4.0,0.0
2011,424,LDOS,Leidos Holdings,4.0,0.0
2011,425,MNKD,Mannkind,4.0,0.0
2011,426,FHN,First Horizon,4.0,0.0
2011,427,NFLX,Netflix,4.0,0.0
2011,428,CCK,Crown Holdings,4.0,0.0
2011,429,BXMT,Blackstone Mortgage Trust,4.0,0.0
2011,430,TKR,Timken,4.0,0.0
2011,431,MDGL,Madrigal Pharmaceuticals,4.0,0.0
2011,432,PB,Prosperity Bancshares,4.0,0.0
2011,433,RF,Regions Financial,4.0,0.0
2011,434,PBI,Pitney Bowes Inc,4.0,0.0
2011,435,UAA,Under Armour,4.0,0.0
2011,436,RMD,Resmed,4.0,0.0
2011,437,LNC,Lincoln National,4.0,0.0
2011,438,MHK,Mohawk Industries,4.0,0.0
2011,439,MAS,Masco Corp,4.0,0.0
2011,440,GME,GameStop,4.0,0.0
2011,441,STX,Seagate Technology Holdings,4.0,0.0
2011,442,FSLR,First Solar,4.0,0.0
2011,443,MSTR,Microstrategy,4.0,0.0
2011,444,ERIE,Erie Indemnity,4.0,0.0
2011,445,DHI,Horton D R Inc,4.0,0.0
2011,446,NRP,Natural Resource Partners,4.0,0.0
2011,447,HUBB,Hubbell,4.0,0.0
2011,448,IPG,Interpublic Group Of Companies,4.0,0.0
2011,449,RGA,Reinsurance Group Of America,4.0,0.0
2011,450,EXPE,Expedia Group,4.0,0.0
2011,451,KEX,Kirby,4.0,0.0
2011,452,ACTG,Acacia Research,4.0,0.0
2011,453,MD,Pediatrix Medical Group,4.0,0.0
2011,454,HL,Hecla Mining Co,4.0,0.0
2011,455,FNF,Fidelity National Financial,3.0,0.0
2011,456,NRG,Nrg Energy,3.0,0.0
2011,457,MSM,Msc Industrial Direct Co,3.0,0.0
2011,458,GPN,Global Payments,3.0,0.0
2011,459,UNM,Unum Group,3.0,0.0
2011,460,COHR,Coherent,3.0,0.0
2011,461,GORO,Gold Resource,3.0,0.0
2011,462,GEL,Genesis Energy,3.0,0.0
2011,463,OPCH,Option Care Health,3.0,0.0
2011,464,FDS,Factset Research Systems,3.0,0.0
2011,465,STZ,Constellation Brands,3.0,0.0
2011,466,RRX,Regal Rexnord,3.0,0.0
2011,467,FTNT,Fortinet,3.0,0.0
2011,468,CLH,Clean Harbors,3.0,0.0
2011,469,ATR,Aptargroup,3.0,0.0
2011,470,WAB,Westinghouse Air Brake Technologies,3.0,0.0
2011,471,AAL,American Airlines Group,3.0,0.0
2011,472,SGI,Somnigroup International,3.0,0.0
2011,473,INGR,Ingredion,3.0,0.0
2011,474,UGI,Ugi Corp /Pa/,3.0,0.0
2011,475,BOKF,Bok Financial,3.0,0.0
2011,476,DKS,Dick's Sporting Goods,3.0,0.0
2011,477,CMA,Comerica Inc /New/,3.0,0.0
2011,478,WBS,Webster Financial,3.0,0.0
2011,479,PNR,Pentair,3.0,0.0
2011,480,SON,Sonoco Products,3.0,0.0
2011,481,VRSN,Verisign Inc/Ca,3.0,0.0
2011,482,RNR,Renaissancere Holdings,3.0,0.0
2011,483,HIW,Highwoods Properties,3.0,0.0
2011,484,COO,Cooper Companies,3.0,0.0
2011,485,ROL,Rollins,3.0,0.0
2011,486,BRO,Brown & Brown,3.0,0.0
2011,487,PWR,Quanta Services,3.0,0.0
2011,488,CBSH,Commerce Bancshares Inc /Mo/,3.0,0.0
2011,489,TXT,Textron,3.0,0.0
2011,490,WULF,Terawulf,3.0,0.0
2011,491,PII,Polaris,3.0,0.0
2011,492,ATEC,Alphatec Holdings,3.0,0.0
2011,493,CIM,Chimera Investment,3.0,0.0
2011,494,LEG,Leggett & Platt,3.0,0.0
2011,495,SPH,Suburban Propane Partners,3.0,0.0
2011,496,AGCO,Agco Corp,3.0,0.0
2011,497,AFG,American Financial Group,3.0,0.0
2011,498,WTRG,Essential Utilities,3.0,0.0
2011,499,DEI,Douglas Emmett,3.0,0.0
2011,500,SBRA,Sabra Health Care REIT,3.0,0.0
2011,501,ON,On Semiconductor,3.0,0.0
2011,502,RPM,Rpm International Inc,3.0,0.0
2011,503,CUZ,Cousins Properties,3.0,0.0
2011,504,MTD,Mettler Toledo International Inc/,3.0,0.0
2011,505,INCY,Incyte,3.0,0.0
2011,506,ALEX,Alexander & Baldwin,3.0,0.0
2011,507,OTEX,Open Text,3.0,0.0
2011,508,OI,"O-I Glass, Inc.",3.0,0.0
2011,509,ULTA,Ulta Beauty,3.0,0.0
2011,510,ADC,Agree Realty,3.0,0.0
2011,511,DECK,Deckers Outdoor,3.0,0.0
2011,512,TRIP,TripAdvisor,3.0,0.0
2011,513,DLB,Dolby Laboratories,3.0,0.0
2011,514,CMP,Compass Minerals International,3.0,0.0
2011,515,HSIC,Henry Schein,3.0,0.0
2011,516,ALKS,Alkermes plc.,3.0,0.0
2011,517,SSB,SouthState,3.0,0.0
2011,518,BWXT,BWX Technologies,3.0,0.0
2011,519,JLL,Jones Lang Lasalle,3.0,0.0
2011,520,RHI,Robert Half,3.0,0.0
2011,521,PLUG,Plug Power,3.0,0.0
2011,522,CPRT,Copart,3.0,0.0
2011,523,UMBF,Umb Financial,3.0,0.0
2011,524,CDNS,Cadence Design Systems,3.0,0.0
2011,525,MTCH,Match Group,3.0,0.0
2011,526,TDS,Telephone & Data Systems Inc,3.0,0.0
2011,527,ENOV,Enovis,3.0,0.0
2011,528,LAMR,Lamar Advertising Co,3.0,0.0
2011,529,KMT,Kennametal,3.0,0.0
2011,530,ARLP,Alliance Resource Partners,3.0,0.0
2011,531,IEX,Idex Corp,3.0,0.0
2011,532,ELS,Equity Lifestyle Properties,3.0,0.0
2011,533,CLNE,Clean Energy Fuels,3.0,0.0
2011,534,BRRN,Byrn,3.0,0.0
2011,535,EWBC,East West Bancorp,3.0,0.0
2011,536,SMG,Scotts Miracle-Gro,3.0,0.0
2011,537,TFX,Teleflex,3.0,0.0
2011,538,CBOE,Cboe Global Markets,3.0,0.0
2011,539,SLGN,Silgan Holdings,3.0,0.0
2011,540,RES,Rpc,3.0,0.0
2011,541,HLF,Herbalife,3.0,0.0
2011,542,MGM,MGM Resorts International,3.0,0.0
2011,543,GL,Globe Life,3.0,0.0
2011,544,ALK,Alaska Air Group,3.0,0.0
2011,545,WSO,Watsco,3.0,0.0
2011,546,FBIN,Fortune Brands Innovations,3.0,0.0
2011,547,AL,Air Lease,3.0,0.0
2011,548,WLK,Westlake,3.0,0.0
2011,549,EPC,Edgewell Personal Care,3.0,0.0
2011,550,ACM,Aecom,3.0,0.0
2011,551,SNA,Snap-on,3.0,0.0
2011,552,UAN,Cvr Partners,3.0,0.0
2011,553,BR,Broadridge Financial Solutions,3.0,0.0
2011,554,HEI,Heico,3.0,0.0
2011,555,LAZ,Lazard,3.0,0.0
2011,556,CLDX,Celldex Therapeutics,3.0,0.0
2011,557,VYX,NCR Voyix,3.0,0.0
2011,558,BIO,Bio-Rad Laboratories,3.0,0.0
2011,559,NDSN,Nordson,3.0,0.0
2011,560,GTLS,Chart Industries,3.0,0.0
2011,561,CRS,Carpenter Technology,3.0,0.0
2011,562,FLO,Flowers Foods,3.0,0.0
2011,563,DVA,Davita,3.0,0.0
2011,564,AVT,Avnet,3.0,0.0
2011,565,G,Genpact,3.0,0.0
2011,566,GSG,iShares S&P GSCI Commodity-Indexed Trust,3.0,0.0
2011,567,SEE,Sealed Air Corp,3.0,0.0
2011,568,BKH,Black Hills Corp /Sd/,3.0,0.0
2011,569,MCY,Mercury General,3.0,0.0
2011,570,TECH,Bio-Techne,3.0,0.0
2011,571,RS,Reliance,3.0,0.0
2011,572,RLJ,RLJ Lodging Trust,3.0,0.0
2011,573,TTWO,Take Two Interactive Software,3.0,0.0
2011,574,VRE,Veris Residential,2.0,0.0
2011,575,TFSL,TFS Financial,2.0,0.0
2011,576,WLY,John Wiley & Sons,2.0,0.0
2011,577,LPLA,LPL Financial Holdings,2.0,0.0
2011,578,GGG,Graco,2.0,0.0
2011,579,SWKS,Skyworks Solutions,2.0,0.0
2011,580,WWD,Woodward,2.0,0.0
2011,581,ADTN,ADTRAN Holdings,2.0,0.0
2011,582,CUBE,CubeSmart,2.0,0.0
2011,583,QDMI,QDM International,2.0,0.0
2011,584,JKHY,Jack Henry & Associates,2.0,0.0
2011,585,ELME,Elme Communities,2.0,0.0
2011,586,CDP,Copt Defense Properties,2.0,0.0
2011,587,PCH,Potlatchdeltic,2.0,0.0
2011,588,VIAV,Viavi Solutions,2.0,0.0
2011,589,MSCI,Msci,2.0,0.0
2011,590,ZION,"Zions Bancorporation, National Association /Ut/",2.0,0.0
2011,591,SR,Spire,2.0,0.0
2011,592,JAZZ,Jazz Pharmaceuticals,2.0,0.0
2011,593,URBN,Urban Outfitters,2.0,0.0
2011,594,UHS,Universal Health Services,2.0,0.0
2011,595,AXS,Axis Capital Holdings,2.0,0.0
2011,596,EGP,Eastgroup Properties,2.0,0.0
2011,597,IDA,Idacorp,2.0,0.0
2011,598,ODFL,Old Dominion Freight Line,2.0,0.0
2011,599,IT,Gartner,2.0,0.0
2011,600,OC,Owens Corning,2.0,0.0
2011,601,WCC,Wesco International,2.0,0.0
2011,602,STGW,Stagwell,2.0,0.0
2011,603,UNFI,United Natural Foods,2.0,0.0
2011,604,AEO,American Eagle Outfitters,2.0,0.0
2011,605,TDY,Teledyne Technologies,2.0,0.0
2011,606,MORN,Morningstar,2.0,0.0
2011,607,ORI,Old Republic International,2.0,0.0
2011,608,AVY,Avery Dennison,2.0,0.0
2011,609,LXP,LXP Industrial Trust,2.0,0.0
2011,610,WKC,World Kinect,2.0,0.0
2011,611,PTC,Ptc,2.0,0.0
2011,612,FTK,Flotek Industries Inc/Cn/,2.0,0.0
2011,613,UPBD,Upbound Group,2.0,0.0
2011,614,RVTY,Revvity,2.0,0.0
2011,615,PRA,Proassurance,2.0,0.0
2011,616,LECO,Lincoln Electric Holdings,2.0,0.0
2011,617,JBL,Jabil,2.0,0.0
2011,618,TER,Teradyne,2.0,0.0
2011,619,PDM,Piedmont Realty Trust,2.0,0.0
2011,620,NHI,National Health Investors,2.0,0.0
2011,621,CNK,Cinemark Holdings,2.0,0.0
2011,622,AVA,Avista,2.0,0.0
2011,623,PSMT,Pricesmart,2.0,0.0
2011,624,SEIC,Sei Investments,2.0,0.0
2011,625,FCNCA,First Citizens Bancshares Inc,2.0,0.0
2011,626,BAH,Booz Allen Hamilton Holding,2.0,0.0
2011,627,NJR,New Jersey Resources,2.0,0.0
2011,628,BKE,Buckle,2.0,0.0
2011,629,EPR-PE,Epr Properties,2.0,0.0
2011,630,AIZ,Assurant,2.0,0.0
2011,631,CXW,CoreCivic,2.0,0.0
2011,632,UTHR,United Therapeutics,2.0,0.0
2011,633,SGLA,Sino Green Land,2.0,0.0
2011,634,TXNM,Txnm Energy,2.0,0.0
2011,635,CPAY,Corpay,2.0,0.0
2011,636,MYGN,Myriad Genetics,2.0,0.0
2011,637,SFNC,Simmons First National,2.0,0.0
2011,638,SEB,Seaboard Corp,2.0,0.0
2011,639,EFC,Ellington Financial,2.0,0.0
2011,640,HRB,H&R Block,2.0,0.0
2011,641,LYV,Live Nation Entertainment,2.0,0.0
2011,642,JBLU,Jetblue Airways,2.0,0.0
2011,643,NEOG,Neogen,2.0,0.0
2011,644,ZBRA,Zebra Technologies,2.0,0.0
2011,645,NVR,Nvr,2.0,0.0
2011,646,ALX,Alexanders,2.0,0.0
2011,647,STLD,Steel Dynamics,2.0,0.0
2011,648,MZTI,Marzetti,2.0,0.0
2011,649,MUX,McEwen,2.0,0.0
2011,650,INVA,Innoviva,2.0,0.0
2011,651,WTFC,Wintrust Financial,2.0,0.0
2011,652,CVI,Cvr Energy,2.0,0.0
2011,653,CVLT,Commvault Systems,2.0,0.0
2011,654,AWI,Armstrong World Industries,2.0,0.0
2011,655,MKSI,Mks,2.0,0.0
2011,656,WSBC,Wesbanco,2.0,0.0
2011,657,CIEN,Ciena,2.0,0.0
2011,658,HNI,Hni,2.0,0.0
2011,659,URI,United Rentals,2.0,0.0
2011,660,SAFE,Safehold,2.0,0.0
2011,661,VCEL,Vericel,2.0,0.0
2011,662,HXL,Hexcel Corp,2.0,0.0
2011,663,CASY,Caseys General Stores,2.0,0.0
2011,664,LNG,Cheniere Energy,2.0,0.0
2011,665,CSL,Carlisle Companies,2.0,0.0
2011,666,NEU,Newmarket,2.0,0.0
2011,667,NWBI,Northwest Bancshares,2.0,0.0
2011,668,BGC,BGC Group,2.0,0.0
2011,669,GES,Guess,2.0,0.0
2011,670,ARI,Apollo Commercial Real Estate Finance,2.0,0.0
2011,671,REPX,Riley Exploration Permian,2.0,0.0
2011,672,SIG,Signet Jewelers,2.0,0.0
2011,673,VMI,Valmont Industries,2.0,0.0
2011,674,THC,Tenet Healthcare,2.0,0.0
2011,675,FULT,Fulton Financial,2.0,0.0
2011,676,BOH,Bank Of Hawaii,2.0,0.0
2011,677,CHH,Choice Hotels International Inc,2.0,0.0
2011,678,AMSC,American Superconductor Corp,2.0,0.0
2011,679,MIDD,Middleby,2.0,0.0
2011,680,PFS,Provident Financial Services,2.0,0.0
2011,681,GDOT,Green Dot,2.0,0.0
2011,682,DBA,Invesco Db Agriculture Fund,2.0,0.0
2011,683,UHAL,U-Haul Holding Co /NV/,2.0,0.0
2011,684,HUN,Huntsman,2.0,0.0
2011,685,OLED,Universal Display Corp \Pa\,2.0,0.0
2011,686,KMPR,Kemper,2.0,0.0
2011,687,AVAV,AeroVironment,2.0,0.0
2011,688,ALGN,Align Technology,2.0,0.0
2011,689,CSGP,Costar Group,2.0,0.0
2011,690,NVRI,Enviri,2.0,0.0
2011,691,ITT,Itt,2.0,0.0
2011,692,SF,Stifel Financial,2.0,0.0
2011,693,CBT,Cabot,2.0,0.0
2011,694,IBKR,Interactive Brokers Group,2.0,0.0
2011,695,MAN,ManpowerGroup,2.0,0.0
2011,696,TOL,Toll Brothers,2.0,0.0
2011,697,BDN,Brandywine Realty Trust,2.0,0.0
2011,698,EHC,Encompass Health,2.0,0.0
2011,699,UEC,Uranium Energy,2.0,0.0
2011,700,AMCX,AMC Networks,2.0,0.0
2011,701,GNRC,Generac Holdings,2.0,0.0
2011,702,LSTR,Landstar System,2.0,0.0
2011,703,BKU,BankUnited,2.0,0.0
2011,704,HAIN,Hain Celestial Group,2.0,0.0
2011,705,EZPW,Ezcorp,2.0,0.0
2011,706,SXT,Sensient Technologies,2.0,0.0
2011,707,ITRI,Itron,2.0,0.0
2011,708,TTC,Toro,2.0,0.0
2011,709,AROC,Archrock,2.0,0.0
2011,710,MTN,Vail Resorts,2.0,0.0
2011,711,FLEX,Flex,2.0,0.0
2011,712,HI,Hillenbrand,2.0,0.0
2011,713,COLM,Columbia Sportswear,2.0,0.0
2011,714,GATX,Gatx,2.0,0.0
2011,715,CMC,Commercial Metals,2.0,0.0
2011,716,EXAS,Exact Sciences,2.0,0.0
2011,717,FCFS,FirstCash Holdings,2.0,0.0
2011,718,AYI,Acuity Inc. (De),2.0,0.0
2011,719,HAE,Haemonetics,2.0,0.0
2011,720,BANC,Banc Of California,2.0,0.0
2011,721,RHP,Ryman Hospitality Properties,2.0,0.0
2011,722,CNS,Cohen & Steers,1.0,0.0
2011,723,SCI,Service Corp International,1.0,0.0
2011,724,MLI,Mueller Industries,1.0,0.0
2011,725,CRI,Carters,1.0,0.0
2011,726,CBU,Community Financial System,1.0,0.0
2011,727,CFFN,Capitol Federal Financial,1.0,0.0
2011,728,WWW,Wolverine World Wide Inc,1.0,0.0
2011,729,BRC,Brady,1.0,0.0
2011,730,RIGL,Rigel Pharmaceuticals,1.0,0.0
2011,731,TYL,Tyler Technologies,1.0,0.0
2011,732,PMT,PennyMac Mortgage Investment Trust,1.0,0.0
2011,733,TSN,Tyson Foods,1.0,0.0
2011,734,WERN,Werner Enterprises,1.0,0.0
2011,735,TRMK,Trustmark,1.0,0.0
2011,736,OFIX,Orthofix Medical,1.0,0.0
2011,737,PPC,Pilgrims Pride,1.0,0.0
2011,738,MMS,Maximus,1.0,0.0
2011,739,SSD,Simpson Manufacturing Co.,1.0,0.0
2011,740,SSNC,SS&C Technologies Holdings,1.0,0.0
2011,741,DDD,3D Systems,1.0,0.0
2011,742,TR,Tootsie Roll Industries,1.0,0.0
2011,743,CAKE,Cheesecake Factory,1.0,0.0
2011,744,RBC,RBC Bearings,1.0,0.0
2011,745,CVBF,Cvb Financial,1.0,0.0
2011,746,MTZ,Mastec,1.0,0.0
2011,747,VC,Visteon,1.0,0.0
2011,748,OSK,Oshkosh,1.0,0.0
2011,749,CRL,Charles River Laboratories International,1.0,0.0
2011,750,TCBI,Texas Capital Bancshares Inc/Tx,1.0,0.0
2011,751,DAN,Dana,1.0,0.0
2011,752,BUSE,First Busey Corp /Nv/,1.0,0.0
2011,753,ENTG,Entegris,1.0,0.0
2011,754,PODD,Insulet,1.0,0.0
2011,755,ZD,Ziff Davis,1.0,0.0
2011,756,FCN,Fti Consulting,1.0,0.0
2011,757,AIT,Applied Industrial Technologies,1.0,0.0
2011,758,FAF,First American Financial,1.0,0.0
2011,759,CW,Curtiss Wright,1.0,0.0
2011,760,BCPC,Balchem,1.0,0.0
2011,761,BDC,Belden,1.0,0.0
2011,762,BLKB,Blackbaud,1.0,0.0
2011,763,AN,Autonation,1.0,0.0
2011,764,WST,West Pharmaceutical Services,1.0,0.0
2011,765,RWT,Redwood Trust,1.0,0.0
2011,766,VECO,Veeco Instruments,1.0,0.0
2011,767,HKHC,Horizon Kinetics Holding,1.0,0.0
2011,768,PAG,Penske Automotive Group,1.0,0.0
2011,769,NYT,New York Times,1.0,0.0
2011,770,EXEL,Exelixis,1.0,0.0
2011,771,CSR,Centerspace,1.0,0.0
2011,772,HCSG,Healthcare Services Group,1.0,0.0
2011,773,CACI,Caci International Inc,1.0,0.0
2011,774,HII,Huntington Ingalls Industries,1.0,0.0
2011,775,VSH,Vishay Intertechnology,1.0,0.0
2011,776,THG,Hanover Insurance Group,1.0,0.0
2011,777,FUL,Fuller H B,1.0,0.0
2011,778,PHM,Pultegroup Inc/Mi/,1.0,0.0
2011,779,HOPE,Hope Bancorp,1.0,0.0
2011,780,IONS,Ionis Pharmaceuticals,1.0,0.0
2011,781,EME,EMCOR Group,1.0,0.0
2011,782,ABM,Abm Industries Inc,1.0,0.0
2011,783,FDP,Fresh Del Monte Produce,1.0,0.0
2011,784,ALTO,Alto Ingredients,1.0,0.0
2011,785,EPAC,Enerpac Tool Group,1.0,0.0
2011,786,BC,Brunswick,1.0,0.0
2011,787,PRK,Park National Corp /Oh/,1.0,0.0
2011,788,LII,Lennox International,1.0,0.0
2011,789,TTEK,Tetra Tech,1.0,0.0
2011,790,HRI,Herc Holdings,1.0,0.0
2011,791,SYNA,Synaptics,1.0,0.0
2011,792,AGEN,Agenus,1.0,0.0
2011,793,GEO,Geo Group,1.0,0.0
2011,794,NBTB,Nbt Bancorp,1.0,0.0
2011,795,EAT,Brinker International,1.0,0.0
2011,796,UVV,Universal Corp /Va/,1.0,0.0
2011,797,PENN,PENN Entertainment,1.0,0.0
2011,798,WTS,Watts Water Technologies,1.0,0.0
2011,799,LQDT,Liquidity Services,1.0,0.0
2011,800,TGNA,Tegna,1.0,0.0
2011,801,LOGI,Logitech International S.A.,1.0,0.0
2011,802,DPZ,Dominos Pizza,1.0,0.0
2011,803,IBOC,International Bancshares,1.0,0.0
2011,804,MOH,Molina Healthcare,1.0,0.0
2011,805,SAM,Boston Beer Co,1.0,0.0
2011,806,IDCC,InterDigital,1.0,0.0
2011,807,HALO,Halozyme Therapeutics,1.0,0.0
2011,808,ICUI,Icu Medical Inc,1.0,0.0
2011,809,SHOO,Steven Madden,1.0,0.0
2011,810,BCO,Brinks,1.0,0.0
2011,811,PEGA,Pegasystems,1.0,0.0
2011,812,HTLD,Heartland Express,1.0,0.0
2011,813,UI,Ubiquiti,1.0,0.0
2011,814,WABC,Westamerica Ban,1.0,0.0
2011,815,POOL,Pool,1.0,0.0
2011,816,KTOS,Kratos Defense & Security Solutions,1.0,0.0
2011,817,DMLP,"Dorchester Minerals, L.P.",1.0,0.0
2011,818,CWT,California Water Service Group,1.0,0.0
2011,819,ALNY,Alnylam Pharmaceuticals,1.0,0.0
2011,820,MGEE,Mge Energy,1.0,0.0
2011,821,AMKR,Amkor Technology,1.0,0.0
2011,822,LFUS,Littelfuse Inc,1.0,0.0
2011,823,FOLD,Amicus Therapeutics,1.0,0.0
2011,824,MKTX,Marketaxess Holdings,1.0,0.0
2011,825,NPKI,NPK International,1.0,0.0
2011,826,PLCE,Childrens Place,1.0,0.0
2011,827,SNX,Td Synnex,1.0,0.0
2011,828,GSAT,Globalstar,1.0,0.0
2011,829,EVR,Evercore,1.0,0.0
2011,830,WAFD,Wafd,1.0,0.0
2011,831,GVA,Granite Construction,1.0,0.0
2011,832,JJSF,J&J Snack Foods,1.0,0.0
2011,833,FELE,Franklin Electric Co,1.0,0.0
2011,834,IMAX,Imax,1.0,0.0
2011,835,FWRD,Forward Air,1.0,0.0
2011,836,CATY,Cathay General Ban,1.0,0.0
2011,837,MTX,Minerals Technologies,1.0,0.0
2011,838,TXRH,Texas Roadhouse,1.0,0.0
2011,839,ANDE,Andersons,1.0,0.0
2011,840,HTO,H2O America,1.0,0.0
2011,841,WMK,Weis Markets,1.0,0.0
2011,842,GHC,Graham Holdings,1.0,0.0
2011,843,DIOD,Diodes Inc /Del/,1.0,0.0
2011,844,MASI,Masimo,1.0,0.0
2011,845,ENS,EnerSys,1.0,0.0
2011,846,ALGT,Allegiant Travel,1.0,0.0
2011,847,ACIW,Aci Worldwide,1.0,0.0
2011,848,GEF,Greif,1.0,0.0
2011,849,CBRL,Cracker Barrel Old Country Store,1.0,0.0
2011,850,BJRI,BJs RESTAURANTS,1.0,0.0
2011,851,UNF,Unifirst,1.0,0.0
2011,852,CXT,Crane NXT,1.0,0.0
2011,853,EYPT,EyePoint Pharmaceuticals,1.0,0.0
2011,854,BPOP,Popular,1.0,0.0
2011,855,ACHC,Acadia Healthcare Company,1.0,0.0
2011,856,EBS,Emergent BioSolutions,1.0,0.0
2011,857,ACCO,Acco Brands,1.0,0.0
2011,858,CACC,Credit Acceptance,1.0,0.0
2011,859,NNI,Nelnet,1.0,0.0
2011,860,WEN,Wendy's,1.0,0.0
2011,861,CHDN,Churchill Downs,1.0,0.0
2011,862,TRN,Trinity Industries,1.0,0.0
2011,863,NBIX,Neurocrine Biosciences,1.0,0.0
2011,864,GOOD,Gladstone Commercial,1.0,0.0
2011,865,CENX,Century Aluminum,1.0,0.0
2011,866,CEVA,Ceva,1.0,0.0
2011,867,GTY,Getty Realty Corp /Md/,1.0,0.0
2011,868,FICO,Fair Isaac,1.0,0.0
2011,869,MANH,Manhattan Associates,1.0,0.0
2011,870,SCL,Stepan,1.0,0.0
2011,871,KFY,Korn Ferry,1.0,0.0
2011,872,EXP,Eagle Materials,1.0,0.0
2011,873,RMBS,Rambus,1.0,0.0
2011,874,LSCC,Lattice Semiconductor,1.0,0.0
2011,875,CRUS,Cirrus Logic,1.0,0.0
2011,876,PRIM,Primoris Services,1.0,0.0
2011,877,IART,Integra Lifesciences Holdings,1.0,0.0
2011,878,CCOI,Cogent Communications Holdings,1.0,0.0
2011,879,MTG,Mgic Investment,1.0,0.0
2011,880,JBTM,JBT Marel,1.0,0.0
2011,881,NLST,Netlist,1.0,0.0
2011,882,UMH,Umh Properties,1.0,0.0
2011,883,APEI,American Public Education,1.0,0.0
2011,884,MRCY,Mercury Systems,1.0,0.0
2011,885,HLIO,Helios Technologies,1.0,0.0
2011,886,FOR,Forestar Group,1.0,0.0
2011,887,RAMP,LiveRamp Holdings,1.0,0.0
2011,888,AWHL,Aspira Women's Health,1.0,0.0
2011,889,LRN,Stride,1.0,0.0
2011,890,AOS,Smith A O,1.0,0.0
2011,891,SPXC,SPX Technologies,1.0,0.0
2011,892,MTH,Meritage Homes,1.0,0.0
2011,893,KALU,Kaiser Aluminum,1.0,0.0
2011,894,CALM,Cal-Maine Foods,1.0,0.0
2011,895,GLP,Global Partners,1.0,0.0
2011,896,CMPR,Cimpress,1.0,0.0
2011,897,OMCL,Omnicell,1.0,0.0
2011,898,BESS,Bimergen Energy,1.0,0.0
2011,899,MPWR,Monolithic Power Systems,1.0,0.0
2011,900,ASTE,Astec Industries,1.0,0.0
2011,901,HOMB,Home Bancshares,1.0,0.0
2011,902,STBA,S&T Bancorp,1.0,0.0
2011,903,AIR,Aar,1.0,0.0
2011,904,KOPN,Kopin,1.0,0.0
2011,905,RUSHA,Rush Enterprises Inc \Tx\,1.0,0.0
2011,906,EEFT,Euronet Worldwide,1.0,0.0
2011,907,SCS,Steelcase,1.0,0.0
2011,908,MGRC,Mcgrath Rent,1.0,0.0
2011,909,CNMD,Conmed,1.0,0.0
2011,910,CYTK,Cytokinetics,1.0,0.0
2011,911,CHE,Chemed,1.0,0.0
2011,912,UTI,Universal Technical Institute,1.0,0.0
2011,913,ABCB,Ameris Ban,1.0,0.0
2011,914,IOSP,Innospec,1.0,0.0
2011,915,CHEF,Chefs' Warehouse,1.0,0.0
2011,916,ITGR,Integer Holdings,1.0,0.0
2011,917,TILE,Interface,1.0,0.0
2011,918,GBX,Greenbrier Companies,1.0,0.0
2011,919,CATX,Perspective Therapeutics,1.0,0.0
2011,920,ABR,Arbor Realty Trust,1.0,0.0
2011,921,KWR,Quaker Chemical,1.0,0.0
2011,922,WAL,Western Alliance Ban,1.0,0.0
2011,923,HHS,Harte Hanks,1.0,0.0
2011,924,GPRE,Green Plains,1.0,0.0
2011,925,KOP,Koppers Holdings,1.0,0.0
2011,926,DORM,Dorman Products,1.0,0.0
2011,927,INSM,Insmed,1.0,0.0
2011,928,AWR,American States Water,1.0,0.0
2011,929,HURN,Huron Consulting Group,1.0,0.0
2011,930,AIN,Albany International Corp,1.0,0.0
2011,931,EXPO,Exponent,1.0,0.0
2011,932,NHC,National Healthcare,1.0,0.0
2011,933,SMCI,Super Micro Computer,1.0,0.0
2011,934,AZZ,Azz,1.0,0.0
2011,935,ANGO,Angiodynamics,1.0,0.0
2011,936,EGY,Vaalco Energy Inc,1.0,0.0
2011,937,DXCM,Dexcom,1.0,0.0
2011,938,BCRX,Biocryst Pharmaceuticals,1.0,0.0
2011,939,PZZA,Papa Johns International,1.0,0.0
2011,940,WSR,Whitestone REIT,1.0,0.0
2011,941,DY,Dycom Industries,1.0,0.0
2011,942,ETD,Ethan Allen Interiors,1.0,0.0
2011,943,UFPI,Ufp Industries,1.0,0.0
2011,944,ATNI,ATN International,1.0,0.0
2011,945,CNO,CNO Financial Group,1.0,0.0
2011,946,MATX,Matson,1.0,0.0
2011,947,AGO,Assured Guaranty,1.0,0.0
2011,948,BKNG,Booking Holdings,1.0,0.0
2011,949,SAFT,Safety Insurance Group,1.0,0.0
2011,950,LNN,Lindsay,1.0,0.0
2011,951,VAC,Marriott Vacations Worldwide,1.0,0.0
2011,952,CRVL,Corvel,1.0,0.0
2011,953,BANR,Banner,1.0,0.0
2011,954,DWSN,Dawson Geophysical,1.0,0.0
2011,955,SPB,Spectrum Brands Holdings,1.0,0.0
2011,956,THR,Thermon Group Holdings,1.0,0.0
2011,957,BYD,Boyd Gaming,1.0,0.0
2011,958,CLW,Clearwater Paper,1.0,0.0
2011,959,BANF,Bancfirst Corp /Ok/,1.0,0.0
2011,960,SEM,Select Medical Holdings,1.0,0.0
2011,961,SCHL,Scholastic,1.0,0.0
2011,962,LPX,Louisiana-Pacific,1.0,0.0
2011,963,GIII,G Iii Apparel Group Ltd,1.0,0.0
2011,964,HMN,Horace Mann Educators Corp,1.0,0.0
2011,965,TMP,Tompkins Financial,1.0,0.0
2011,966,HLIT,Harmonic,1.0,0.0
2011,967,EFSC,Enterprise Financial Services,1.0,0.0
2011,968,FF,FutureFuel,1.0,0.0
2011,969,FBP,First Bancorp /Pr/,1.0,0.0
2011,970,PBH,Prestige Consumer Healthcare,1.0,0.0
2011,971,CERS,Cerus,1.0,0.0
2011,972,KAR,Openlane,1.0,0.0
2011,973,UHT,Universal Health Realty Income Trust,1.0,0.0
2011,974,FCF,First Commonwealth Financial Corp /Pa/,1.0,0.0
2011,975,ATRC,AtriCure,1.0,0.0
2011,976,QNST,Quinstreet,1.0,0.0
2011,977,RGR,Sturm Ruger & Co,1.0,0.0
2011,978,COHU,Cohu,1.0,0.0
2011,979,LAD,Lithia Motors,1.0,0.0
2011,980,WOR,Worthington Enterprises,1.0,0.0
2011,981,INVE,Identiv,1.0,0.0
2011,982,STAA,Staar Surgical,1.0,0.0
2011,983,DIN,Dine Brands Global,1.0,0.0
2011,984,DMRC,Digimarc,1.0,0.0
2011,985,ENSG,Ensign Group,1.0,0.0
2011,986,DAKT,Daktronics Inc /Sd/,1.0,0.0
2011,987,SKYW,Skywest,1.0,0.0
2011,988,VRTS,Virtus Investment Partners,1.0,0.0
2011,989,MTRN,Materion,1.0,0.0
2011,990,AAON,Aaon,1.0,0.0
2011,991,DXPE,Dxp Enterprises,1.0,0.0
2011,992,XPO,Xpo,0.0,0.0
2011,993,MOD,Modine Manufacturing,0.0,0.0
2011,994,IPAR,Interparfums,0.0,0.0
2011,995,PRDO,Perdoceo Education,0.0,0.0
2011,996,SAH,Sonic Automotive,0.0,0.0
2011,997,CNOB,ConnectOne Bancorp,0.0,0.0
2011,998,FN,Fabrinet,0.0,0.0
2011,999,CHCO,City Holding,0.0,0.0
2011,1000,KLIC,Kulicke & Soffa Industries,0.0,0.0
2012,1,AAPL,Apple,478.0,3.6
2012,2,XOM,Exxon Mobil,359.0,2.7
2012,3,WMT,Walmart,252.0,1.9
2012,4,CVX,Chevron,215.0,1.6
2012,5,GOOGL,Alphabet,214.0,1.6
2012,6,IBM,International Business Machines,214.0,1.6
2012,7,MSFT,Microsoft,198.0,1.5
2012,8,T,AT&T,196.0,1.5
2012,9,BRK-B,Berkshire Hathaway,194.0,1.5
2012,10,PFE,Pfizer,185.0,1.4
2012,11,VZ,Verizon Communications,182.0,1.4
2012,12,JNJ,Johnson & Johnson,167.0,1.3
2012,13,PG,Procter & Gamble,158.0,1.2
2012,14,KO,Coca Cola,156.0,1.2
2012,15,PM,Philip Morris International,151.0,1.1
2012,16,MRK,Merck & Co.,124.0,0.9
2012,17,JPM,JPMorgan Chase,119.0,0.9
2012,18,AMZN,Amazon Com,114.0,0.9
2012,19,GE,GE Aerospace,105.0,0.8
2012,20,WFC,Wells Fargo & Company/Mn,105.0,0.8
2012,21,SLB,Schlumberger Limited/Nv,104.0,0.8
2012,22,ABT,Abbott Laboratories,103.0,0.8
2012,23,INTC,Intel,102.0,0.8
2012,24,CMCSA,Comcast,95.0,0.7
2012,25,ENB,Enbridge,95.0,0.7
2012,26,PEP,Pepsico,93.0,0.7
2012,27,ORCL,Oracle,93.0,0.7
2012,28,PCG,Pg&E,88.0,0.7
2012,29,BAC,Bank Of America Corp,84.0,0.6
2012,30,WBD,Warner Bros. Discovery,81.0,0.6
2012,31,KMI,Kinder Morgan,79.0,0.6
2012,32,V,Visa,78.0,0.6
2012,33,BA,Boeing,76.0,0.6
2012,34,RTX,Rtx,73.0,0.6
2012,35,COP,Conocophillips,71.0,0.5
2012,36,C,Citigroup,69.0,0.5
2012,37,CSCO,Cisco Systems,68.0,0.5
2012,38,OXY,Occidental Petroleum Corp,68.0,0.5
2012,39,META,Meta Platforms,67.0,0.5
2012,40,BMY,Bristol Myers Squibb,66.0,0.5
2012,41,QCOM,Qualcomm Inc,65.0,0.5
2012,42,MMM,3M,64.0,0.5
2012,43,CVS,Cvs Health,62.0,0.5
2012,44,KDP,Keurig Dr Pepper,60.0,0.5
2012,45,HD,Home Depot,60.0,0.5
2012,46,PLDGP,Prologis,59.0,0.5
2012,47,UNP,Union Pacific,59.0,0.4
2012,48,MO,Altria Group,53.0,0.4
2012,49,UPS,United Parcel Service,53.0,0.4
2012,50,F,Ford Motor,52.0,0.4
2012,51,NEM,NEWMONT Corp,50.0,0.4
2012,52,HON,Honeywell International,50.0,0.4
2012,53,DUK,Duke Energy,50.0,0.4
2012,54,USB,Us Bancorp \De\,50.0,0.4
2012,55,UNH,Unitedhealth Group,49.0,0.4
2012,56,FCX,Freeport-Mcmoran,49.0,0.4
2012,57,CL,Colgate Palmolive,49.0,0.4
2012,58,MDT,Medtronic,48.0,0.4
2012,59,SO,Southern,48.0,0.4
2012,60,CCL,Carnival,48.0,0.4
2012,61,LLY,Eli Lilly,47.0,0.4
2012,62,AMGN,Amgen,47.0,0.4
2012,63,GILD,Gilead Sciences,46.0,0.3
2012,64,D,Dominion Energy,46.0,0.3
2012,65,EPD,Enterprise Products Partners L.P.,45.0,0.3
2012,66,MDLZ,Mondelez International,44.0,0.3
2012,67,MA,Mastercard,44.0,0.3
2012,68,NKE,Nike,44.0,0.3
2012,69,COST,Costco Wholesale Corp,43.0,0.3
2012,70,WELL,Welltower,43.0,0.3
2012,71,ACN,Accenture,42.0,0.3
2012,72,CAT,Caterpillar,41.0,0.3
2012,73,NLY,Annaly Capital Management,41.0,0.3
2012,74,WMB,Williams Companies,40.0,0.3
2012,75,MARA,MARA Holdings,40.0,0.3
2012,76,SBUX,Starbucks,39.0,0.3
2012,77,AXP,American Express,39.0,0.3
2012,78,LUMN,Lumen Technologies,39.0,0.3
2012,79,GS,Goldman Sachs Group,39.0,0.3
2012,80,DHR,Danaher Corp,38.0,0.3
2012,81,BAX,Baxter International,37.0,0.3
2012,82,TFC,Truist Financial,36.0,0.3
2012,83,O,Realty Income,36.0,0.3
2012,84,COF,Capital One Financial,36.0,0.3
2012,85,AMT,American Tower Corp /Ma/,36.0,0.3
2012,86,MET,Metlife,36.0,0.3
2012,87,VTR,Ventas,35.0,0.3
2012,88,PLD,Prologis,34.0,0.3
2012,89,AGNC,AGNC Investment,33.0,0.3
2012,90,KMB,Kimberly Clark,33.0,0.2
2012,91,EOG,Eog Resources,33.0,0.2
2012,92,DVN,Devon Energy Corp,32.0,0.2
2012,93,SCCO,Southern Copper Corp/,32.0,0.2
2012,94,PAA,Plains All American Pipeline,32.0,0.2
2012,95,MPLX,Mplx,32.0,0.2
2012,96,CCI,Crown Castle,31.0,0.2
2012,97,CB,Chubb,31.0,0.2
2012,98,ARR,Armour Residential REIT,31.0,0.2
2012,99,LVS,Las Vegas Sands,31.0,0.2
2012,100,TJX,Tjx Companies Inc,31.0,0.2
2012,101,MS,Morgan Stanley,30.0,0.2
2012,102,EMR,Emerson Electric,30.0,0.2
2012,103,NEE,Nextera Energy,29.0,0.2
2012,104,NOV,Nov,29.0,0.2
2012,105,HAL,Halliburton,29.0,0.2
2012,106,TGT,Target,29.0,0.2
2012,107,IEP,Icahn Enterprises L.P.,29.0,0.2
2012,108,TXN,Texas Instruments,28.0,0.2
2012,109,ADP,Automatic Data Processing,28.0,0.2
2012,110,BEN,Franklin Resources,27.0,0.2
2012,111,GM,General Motors,26.0,0.2
2012,112,AILIP,Ameren Illinois,26.0,0.2
2012,113,PSA,Public Storage,25.0,0.2
2012,114,EXC,Exelon,25.0,0.2
2012,115,SCHW,Schwab Charles,25.0,0.2
2012,116,AFL,Aflac,25.0,0.2
2012,117,FE,Firstenergy,24.0,0.2
2012,118,AILIH,Ameren Illinois,24.0,0.2
2012,119,TMO,Thermo Fisher Scientific,24.0,0.2
2012,120,PNC,Pnc Financial Services Group,24.0,0.2
2012,121,OKE,Oneok Inc /New/,24.0,0.2
2012,122,DLR,Digital Realty Trust,23.0,0.2
2012,123,AEP,American Electric Power Co,23.0,0.2
2012,124,DE,Deere,23.0,0.2
2012,125,CTSH,Cognizant Technology Solutions,22.0,0.2
2012,126,BHC,Bausch Health Companies,22.0,0.2
2012,127,CRK,Comstock Resources,22.0,0.2
2012,128,CLF,Cleveland-Cliffs,22.0,0.2
2012,129,TMUS,T-Mobile US,22.0,0.2
2012,130,GIS,General Mills,22.0,0.2
2012,131,EL,Estee Lauder Companies,22.0,0.2
2012,132,BIIB,Biogen,22.0,0.2
2012,133,IMO,Imperial Oil,21.0,0.2
2012,134,FDX,Fedex,21.0,0.2
2012,135,PSX,Phillips 66,21.0,0.2
2012,136,EQR,Equity Residential,21.0,0.2
2012,137,LMT,Lockheed Martin,21.0,0.2
2012,138,ETN,Eaton Corp,21.0,0.2
2012,139,SYK,Stryker,21.0,0.2
2012,140,PPG,Ppg Industries,21.0,0.2
2012,141,CRM,Salesforce,21.0,0.2
2012,142,DOC,Healthpeak Properties,20.0,0.2
2012,143,EQIX,Equinix,20.0,0.2
2012,144,ECL,Ecolab,20.0,0.2
2012,145,CSX,Csx,20.0,0.2
2012,146,ED,Consolidated Edison,20.0,0.2
2012,147,WY,Weyerhaeuser,20.0,0.2
2012,148,EQT,Eqt,20.0,0.2
2012,149,ISRG,Intuitive Surgical,20.0,0.1
2012,150,ADI,Analog Devices,19.0,0.1
2012,151,AVB,Avalonbay Communities,19.0,0.1
2012,152,AIG,American International Group,19.0,0.1
2012,153,GD,General Dynamics,19.0,0.1
2012,154,LOW,Lowes Companies,19.0,0.1
2012,155,PRU,Prudential Financial,19.0,0.1
2012,156,LYB,LyondellBasell Industries N.V.,18.0,0.1
2012,157,JCI,Johnson Controls International,18.0,0.1
2012,158,CME,Cme Group,18.0,0.1
2012,159,K,Kellanova,18.0,0.1
2012,160,FIS,Fidelity National Information Services,18.0,0.1
2012,161,REGN,Regeneron Pharmaceuticals,18.0,0.1
2012,162,BK,Bank of New York Mellon,18.0,0.1
2012,163,APD,Air Products & Chemicals,18.0,0.1
2012,164,ITW,Illinois Tool Works,18.0,0.1
2012,165,IP,International Paper Co /New/,18.0,0.1
2012,166,CP,Canadian Pacific Kansas City Ltd/Cn,17.0,0.1
2012,167,EIX,Edison International,17.0,0.1
2012,168,SRE,Sempra,17.0,0.1
2012,169,MOS,Mosaic,17.0,0.1
2012,170,IFF,International Flavors & Fragrances,17.0,0.1
2012,171,MMC,Marsh & Mclennan Companies,17.0,0.1
2012,172,BXP,Bxp,17.0,0.1
2012,173,XEL,Xcel Energy,17.0,0.1
2012,174,PPL,Ppl,17.0,0.1
2012,175,INTU,Intuit,16.0,0.1
2012,176,VFC,V F,16.0,0.1
2012,177,SPGI,S&P Global,16.0,0.1
2012,178,PCAR,Paccar,16.0,0.1
2012,179,SHW,Sherwin Williams,16.0,0.1
2012,180,CDE,Coeur Mining,16.0,0.1
2012,181,PEG,Public Service Enterprise Group,15.0,0.1
2012,182,TRV,Travelers Companies,15.0,0.1
2012,183,EMN,Eastman Chemical,15.0,0.1
2012,184,MAC,Macerich,15.0,0.1
2012,185,BDX,Becton Dickinson,15.0,0.1
2012,186,SYY,Sysco,15.0,0.1
2012,187,CMI,Cummins,15.0,0.1
2012,188,VNO,Vornado Realty Trust,15.0,0.1
2012,189,OMC,Omnicom Group,15.0,0.1
2012,190,RRC,Range Resources,15.0,0.1
2012,191,ES,Eversource Energy,15.0,0.1
2012,192,MTB,M&T Bank,15.0,0.1
2012,193,HSY,Hershey,15.0,0.1
2012,194,TROW,Price T Rowe Group,14.0,0.1
2012,195,ADBE,Adobe,14.0,0.1
2012,196,NSC,Norfolk Southern,14.0,0.1
2012,197,FAST,Fastenal,14.0,0.1
2012,198,WM,Waste Management,14.0,0.1
2012,199,KKR,KKR & Co.,14.0,0.1
2012,200,ELV,Elevance Health,13.0,0.1
2012,201,ROST,Ross Stores,13.0,0.1
2012,202,ADM,Archer-Daniels-Midland,13.0,0.1
2012,203,STT,State Street,13.0,0.1
2012,204,GAP,Gap,13.0,0.1
2012,205,KIM,Kimco Realty,13.0,0.1
2012,206,KR,Kroger,13.0,0.1
2012,207,YUM,Yum Brands,13.0,0.1
2012,208,CNP,Centerpoint Energy,13.0,0.1
2012,209,FITB,Fifth Third Ban,13.0,0.1
2012,210,PGR,Progressive Corp/Oh/,12.0,0.1
2012,211,WDAY,Workday,12.0,0.1
2012,212,APTV,Aptiv,12.0,0.1
2012,213,BX,Blackstone,12.0,0.1
2012,214,WEC,Wec Energy Group,12.0,0.1
2012,215,MCK,Mckesson,12.0,0.1
2012,216,HBAN,Huntington Bancshares Inc /Md/,12.0,0.1
2012,217,AON,Aon,12.0,0.1
2012,218,ARE,Alexandria Real Estate Equities,12.0,0.1
2012,219,PAYX,Paychex,12.0,0.1
2012,220,ZBH,Zimmer Biomet Holdings,12.0,0.1
2012,221,ROP,Roper Technologies,12.0,0.1
2012,222,WYNN,Wynn Resorts,12.0,0.1
2012,223,IVZ,Invesco,12.0,0.1
2012,224,DOV,Dover,11.0,0.1
2012,225,ETR,Entergy Corp,11.0,0.1
2012,226,MUR,Murphy Oil,11.0,0.1
2012,227,TRGP,Targa Resources,11.0,0.1
2012,228,WPC,W. P. Carey,11.0,0.1
2012,229,SWK,Stanley Black & Decker,11.0,0.1
2012,230,TPR,Tapestry,11.0,0.1
2012,231,GEN,Gen Digital,11.0,0.1
2012,232,GLW,Corning Inc /Ny,11.0,0.1
2012,233,HST,Host Hotels & Resorts,11.0,0.1
2012,234,PH,Parker-Hannifin,11.0,0.1
2012,235,VRTX,Vertex Pharmaceuticals Inc / Ma,11.0,0.1
2012,236,MAT,Mattel Inc,11.0,0.1
2012,237,TEL,TE Connectivity,11.0,0.1
2012,238,CAG,Conagra Brands,11.0,0.1
2012,239,DG,Dollar General,11.0,0.1
2012,240,CTRA,Coterra Energy,10.0,0.1
2012,241,ALL,Allstate,10.0,0.1
2012,242,SM,SM Energy,10.0,0.1
2012,243,CPB,Campbell's,10.0,0.1
2012,244,DTE,Dte Energy,10.0,0.1
2012,245,APH,Amphenol Corp,10.0,0.1
2012,246,APO,Apollo Global Management,10.0,0.1
2012,247,EW,Edwards Lifesciences,10.0,0.1
2012,248,CQP,"Cheniere Energy Partners, L.P.",10.0,0.1
2012,249,M,Macy's,10.0,0.1
2012,250,WDC,Western Digital,10.0,0.1
2012,251,NUE,Nucor,10.0,0.1
2012,252,MAR,Marriott International Inc /Md/,10.0,0.1
2012,253,CAH,Cardinal Health,10.0,0.1
2012,254,IOVA,Iovance Biotherapeutics,10.0,0.1
2012,255,NOC,Northrop Grumman Corp,10.0,0.1
2012,256,GWW,W.W. Grainger,10.0,0.1
2012,257,EBAY,Ebay,10.0,0.1
2012,258,CHTR,"Charter Communications, Inc. /Mo/",10.0,0.1
2012,259,BMRN,Biomarin Pharmaceutical,9.0,0.1
2012,260,ESS,Essex Property Trust,9.0,0.1
2012,261,ROK,Rockwell Automation,9.0,0.1
2012,262,CG,Carlyle Group,9.0,0.1
2012,263,NWL,Newell Brands,9.0,0.1
2012,264,VLO,Valero Energy Corp/Tx,9.0,0.1
2012,265,NTRS,Northern Trust,9.0,0.1
2012,266,MPC,Marathon Petroleum,9.0,0.1
2012,267,MSI,Motorola Solutions,9.0,0.1
2012,268,CMG,Chipotle Mexican Grill,9.0,0.1
2012,269,RCL,Royal Caribbean Cruises,9.0,0.1
2012,270,KEY,Keycorp /New/,9.0,0.1
2012,271,SJM,J M Smucker,9.0,0.1
2012,272,RSG,Republic Services,9.0,0.1
2012,273,ICE,Intercontinental Exchange,9.0,0.1
2012,274,LHX,"L3Harris Technologies, Inc.",9.0,0.1
2012,275,RL,Ralph Lauren,9.0,0.1
2012,276,FRT,Federal Realty Investment Trust,9.0,0.1
2012,277,FLR,Fluor,9.0,0.1
2012,278,AAL,American Airlines Group,9.0,0.1
2012,279,AJG,Arthur J. Gallagher,9.0,0.1
2012,280,CLX,Clorox Co,9.0,0.1
2012,281,MCO,Moodys Corp,9.0,0.1
2012,282,MNST,Monster Beverage,9.0,0.1
2012,283,CUK,Carnival,9.0,0.1
2012,284,GPC,Genuine Parts,9.0,0.1
2012,285,MKC,Mccormick & Co,9.0,0.1
2012,286,BF-A,Brown Forman,9.0,0.1
2012,287,REG,Regency Centers,9.0,0.1
2012,288,AME,Ametek Inc/,9.0,0.1
2012,289,BSX,Boston Scientific,9.0,0.1
2012,290,AEE,Ameren,8.0,0.1
2012,291,TSLA,Tesla,8.0,0.1
2012,292,AMAT,Applied Materials Inc,8.0,0.1
2012,293,L,Loews,8.0,0.1
2012,294,COR,Cencora,8.0,0.1
2012,295,WTW,Willis Towers Watson,8.0,0.1
2012,296,HR,Healthcare Realty Trust,8.0,0.1
2012,297,BWA,Borgwarner,8.0,0.1
2012,298,HUM,Humana,8.0,0.1
2012,299,EG,Everest Group,8.0,0.1
2012,300,CUKPF,Carnival,8.0,0.1
2012,301,LH,Labcorp Holdings,8.0,0.1
2012,302,TAP,Molson Coors Beverage,8.0,0.1
2012,303,HPP,Hudson Pacific Properties,8.0,0.1
2012,304,XRAY,Dentsply Sirona,8.0,0.1
2012,305,DLTR,Dollar Tree,8.0,0.1
2012,306,DAL,Delta Air Lines,8.0,0.1
2012,307,LULU,lululemon athletica,8.0,0.1
2012,308,UDR,Udr,8.0,0.1
2012,309,CINF,Cincinnati Financial,8.0,0.1
2012,310,TDG,TransDigm Group,8.0,0.1
2012,311,HRL,Hormel Foods Corp,8.0,0.1
2012,312,NI,Nisource,8.0,0.1
2012,313,GRMN,Garmin,8.0,0.1
2012,314,EXR,Extra Space Storage,8.0,0.1
2012,315,AES,Aes,8.0,0.1
2012,316,UAL,United Airlines Holdings,8.0,0.1
2012,317,MAA,Mid America Apartment Communities,8.0,0.1
2012,318,CNA,Cna Financial,8.0,0.1
2012,319,SBAC,Sba Communications,8.0,0.1
2012,320,CHD,Church & Dwight Co Inc,8.0,0.1
2012,321,NVDA,NVIDIA,7.0,0.1
2012,322,EXPE,Expedia Group,7.0,0.1
2012,323,CMS,Cms Energy,7.0,0.1
2012,324,CHRW,C. H. Robinson Worldwide,7.0,0.1
2012,325,TRMB,Trimble,7.0,0.1
2012,326,KOS,Kosmos Energy,7.0,0.1
2012,327,ALB,Albemarle,7.0,0.1
2012,328,CNX,CNX Resources,7.0,0.1
2012,329,OHI,Omega Healthcare Investors,7.0,0.1
2012,330,MDGL,Madrigal Pharmaceuticals,7.0,0.1
2012,331,A,Agilent Technologies,7.0,0.1
2012,332,AWK,American Water Works Company,7.0,0.1
2012,333,MPW,Medical Properties Trust,7.0,0.1
2012,334,TWO,Two Harbors Investment,7.0,0.1
2012,335,PTEN,Patterson Uti Energy,7.0,0.1
2012,336,FLS,Flowserve,7.0,0.1
2012,337,HSIC,Henry Schein,7.0,0.1
2012,338,CPT,Camden Property Trust,7.0,0.1
2012,339,DBC,Invesco DB Commodity Index Tracking Fund,7.0,0.1
2012,340,BALL,Ball,7.0,0.1
2012,341,DRI,Darden Restaurants,7.0,0.1
2012,342,RGLD,Royal Gold,7.0,0.1
2012,343,STWD,Starwood Property Trust,7.0,0.1
2012,344,ILMN,Illumina,7.0,0.1
2012,345,QDMI,QDM International,7.0,0.1
2012,346,VMC,Vulcan Materials,7.0,0.1
2012,347,ADSK,Autodesk,7.0,0.1
2012,348,OPCH,Option Care Health,7.0,0.1
2012,349,HCA,HCA Healthcare,7.0,0.1
2012,350,CLDX,Celldex Therapeutics,7.0,0.1
2012,351,VRSK,Verisk Analytics,7.0,0.1
2012,352,MU,Micron Technology,7.0,0.1
2012,353,NXPI,NXP Semiconductors N.V.,7.0,0.1
2012,354,TT,Trane Technologies,7.0,0.1
2012,355,STX,Seagate Technology Holdings,7.0,0.1
2012,356,XYL,Xylem,7.0,0.1
2012,357,EFX,Equifax,6.0,0.0
2012,358,DGX,Quest Diagnostics,6.0,0.0
2012,359,MCHP,Microchip Technology,6.0,0.0
2012,360,ALV,Autoliv,6.0,0.0
2012,361,STZ,Constellation Brands,6.0,0.0
2012,362,CF,CF Industries Holdings,6.0,0.0
2012,363,PNR,Pentair,6.0,0.0
2012,364,KLAC,Kla,6.0,0.0
2012,365,HIG,Hartford Insurance Group,6.0,0.0
2012,366,PFG,Principal Financial Group,6.0,0.0
2012,367,NVAX,Novavax,6.0,0.0
2012,368,SNPS,Synopsys,6.0,0.0
2012,369,RF,Regions Financial,6.0,0.0
2012,370,PNW,Pinnacle West Capital,6.0,0.0
2012,371,TSCO,Tractor Supply Co,6.0,0.0
2012,372,RMD,Resmed,6.0,0.0
2012,373,BKD,Brookdale Senior Living,6.0,0.0
2012,374,LRCX,Lam Research,6.0,0.0
2012,375,MKL,Markel Group,6.0,0.0
2012,376,AZO,Autozone,6.0,0.0
2012,377,AKAM,Akamai Technologies,6.0,0.0
2012,378,IRM,Iron Mountain,6.0,0.0
2012,379,NNN,Nnn Reit,6.0,0.0
2012,380,ACGL,Arch Capital Group,6.0,0.0
2012,381,KSS,Kohls,6.0,0.0
2012,382,ATO,Atmos Energy,6.0,0.0
2012,383,CBRE,Cbre Group,6.0,0.0
2012,384,AMP,Ameriprise Financial,6.0,0.0
2012,385,JEF,Jefferies Financial Group,6.0,0.0
2012,386,MAS,Masco Corp,6.0,0.0
2012,387,HPQ,Hp,6.0,0.0
2012,388,TDC,Teradata Corp,6.0,0.0
2012,389,SLG,Sl Green Realty,6.0,0.0
2012,390,DX,Dynex Capital,6.0,0.0
2012,391,MLM,Martin Marietta Materials,6.0,0.0
2012,392,KRC,Kilroy Realty,6.0,0.0
2012,393,JBHT,Hunt J B Transport Services,6.0,0.0
2012,394,DHC,Diversified Healthcare Trust,6.0,0.0
2012,395,DHI,Horton D R Inc,6.0,0.0
2012,396,FFIV,F5,6.0,0.0
2012,397,HP,Helmerich & Payne,6.0,0.0
2012,398,ST,Sensata Technologies Holding,6.0,0.0
2012,399,OGE,Oge Energy,6.0,0.0
2012,400,MHK,Mohawk Industries,6.0,0.0
2012,401,NTAP,NetApp,6.0,0.0
2012,402,SBRA,Sabra Health Care REIT,5.0,0.0
2012,403,HOG,Harley-Davidson,5.0,0.0
2012,404,J,Jacobs Solutions,5.0,0.0
2012,405,LKQ,Lkq,5.0,0.0
2012,406,FANG,Diamondback Energy,5.0,0.0
2012,407,OII,Oceaneering International,5.0,0.0
2012,408,EXPD,Expeditors International Of Washington,5.0,0.0
2012,409,WLK,Westlake,5.0,0.0
2012,410,COLB,Columbia Banking System,5.0,0.0
2012,411,FNF,Fidelity National Financial,5.0,0.0
2012,412,WAT,Waters Corp,5.0,0.0
2012,413,KMX,Carmax,5.0,0.0
2012,414,NFLX,Netflix,5.0,0.0
2012,415,VSAT,Viasat,5.0,0.0
2012,416,CTAS,Cintas,5.0,0.0
2012,417,IDXX,Idexx Laboratories Inc,5.0,0.0
2012,418,LUV,Southwest Airlines,5.0,0.0
2012,419,DDD,3D Systems,5.0,0.0
2012,420,UAA,Under Armour,5.0,0.0
2012,421,RJF,Raymond James Financial,5.0,0.0
2012,422,CNC,Centene,5.0,0.0
2012,423,SUI,Sun Communities,5.0,0.0
2012,424,INVX,Innovex International,5.0,0.0
2012,425,ORLY,O Reilly Automotive,5.0,0.0
2012,426,HAS,Hasbro,5.0,0.0
2012,427,LNC,Lincoln National,5.0,0.0
2012,428,CVI,Cvr Energy,5.0,0.0
2012,429,CE,Celanese,5.0,0.0
2012,430,LNT,Alliant Energy,5.0,0.0
2012,431,NWBO,Northwest Biotherapeutics,5.0,0.0
2012,432,TRIP,TripAdvisor,5.0,0.0
2012,433,PII,Polaris,5.0,0.0
2012,434,FHN,First Horizon,5.0,0.0
2012,435,FBIN,Fortune Brands Innovations,5.0,0.0
2012,436,COO,Cooper Companies,5.0,0.0
2012,437,TKR,Timken,5.0,0.0
2012,438,ONB,Old National Bancorp /In/,5.0,0.0
2012,439,RRX,Regal Rexnord,5.0,0.0
2012,440,HUBB,Hubbell,5.0,0.0
2012,441,WSM,Williams Sonoma,5.0,0.0
2012,442,HOLX,Hologic,4.0,0.0
2012,443,NRG,Nrg Energy,4.0,0.0
2012,444,GEL,Genesis Energy,4.0,0.0
2012,445,HE,Hawaiian Electric Industries,4.0,0.0
2012,446,AAP,Advance Auto Parts,4.0,0.0
2012,447,WU,Western Union,4.0,0.0
2012,448,WRB,Berkley W R,4.0,0.0
2012,449,TXT,Textron,4.0,0.0
2012,450,DKS,Dick's Sporting Goods,4.0,0.0
2012,451,WAB,Westinghouse Air Brake Technologies,4.0,0.0
2012,452,CCK,Crown Holdings,4.0,0.0
2012,453,VYX,NCR Voyix,4.0,0.0
2012,454,NDAQ,Nasdaq,4.0,0.0
2012,455,ATI,Ati,4.0,0.0
2012,456,PWR,Quanta Services,4.0,0.0
2012,457,INGR,Ingredion,4.0,0.0
2012,458,FREJP,Federal Home Loan Mortgage,4.0,0.0
2012,459,ULTA,Ulta Beauty,4.0,0.0
2012,460,IPG,Interpublic Group Of Companies,4.0,0.0
2012,461,SNA,Snap-on,4.0,0.0
2012,462,MELI,Mercadolibre,4.0,0.0
2012,463,MD,Pediatrix Medical Group,4.0,0.0
2012,464,GT,Goodyear Tire & Rubber Co /Oh/,4.0,0.0
2012,465,ENOV,Enovis,4.0,0.0
2012,466,GRPN,Groupon,4.0,0.0
2012,467,SSB,SouthState,4.0,0.0
2012,468,LNG,Cheniere Energy,4.0,0.0
2012,469,MSM,Msc Industrial Direct Co,4.0,0.0
2012,470,SKT,Tanger,4.0,0.0
2012,471,LAMR,Lamar Advertising Co,4.0,0.0
2012,472,WCN,Waste Connections,4.0,0.0
2012,473,CUZ,Cousins Properties,4.0,0.0
2012,474,MTD,Mettler Toledo International Inc/,4.0,0.0
2012,475,PB,Prosperity Bancshares,4.0,0.0
2012,476,HL,Hecla Mining Co,4.0,0.0
2012,477,DEI,Douglas Emmett,4.0,0.0
2012,478,JLL,Jones Lang Lasalle,4.0,0.0
2012,479,CMA,Comerica Inc /New/,4.0,0.0
2012,480,AROC,Archrock,4.0,0.0
2012,481,NOW,ServiceNow,4.0,0.0
2012,482,PANW,Palo Alto Networks,4.0,0.0
2012,483,DCI,DONALDSON Co,4.0,0.0
2012,484,DVA,Davita,4.0,0.0
2012,485,AMD,Advanced Micro Devices,4.0,0.0
2012,486,ALSN,Allison Transmission Holdings,4.0,0.0
2012,487,RPM,Rpm International Inc,4.0,0.0
2012,488,UGI,Ugi Corp /Pa/,4.0,0.0
2012,489,LEG,Leggett & Platt,4.0,0.0
2012,490,HIW,Highwoods Properties,4.0,0.0
2012,491,BRO,Brown & Brown,4.0,0.0
2012,492,CDNS,Cadence Design Systems,4.0,0.0
2012,493,RGA,Reinsurance Group Of America,4.0,0.0
2012,494,EA,Electronic Arts,4.0,0.0
2012,495,CPAY,Corpay,4.0,0.0
2012,496,CPRT,Copart,4.0,0.0
2012,497,RNR,Renaissancere Holdings,4.0,0.0
2012,498,MNKD,Mannkind,4.0,0.0
2012,499,WTRG,Essential Utilities,4.0,0.0
2012,500,AGCO,Agco Corp,4.0,0.0
2012,501,VRSN,Verisign Inc/Ca,4.0,0.0
2012,502,BXMT,Blackstone Mortgage Trust,4.0,0.0
2012,503,CXW,CoreCivic,4.0,0.0
2012,504,AEO,American Eagle Outfitters,4.0,0.0
2012,505,PHM,Pultegroup Inc/Mi/,3.0,0.0
2012,506,RVTY,Revvity,3.0,0.0
2012,507,IEX,Idex Corp,3.0,0.0
2012,508,GPN,Global Payments,3.0,0.0
2012,509,STAG,STAG Industrial,3.0,0.0
2012,510,LDOS,Leidos Holdings,3.0,0.0
2012,511,WULF,Terawulf,3.0,0.0
2012,512,COHR,Coherent,3.0,0.0
2012,513,UNM,Unum Group,3.0,0.0
2012,514,UBSI,United Bankshares Inc/Wv,3.0,0.0
2012,515,FDS,Factset Research Systems,3.0,0.0
2012,516,FTNT,Fortinet,3.0,0.0
2012,517,UNFI,United Natural Foods,3.0,0.0
2012,518,DVAX,Dynavax Technologies,3.0,0.0
2012,519,UMBF,Umb Financial,3.0,0.0
2012,520,KEX,Kirby,3.0,0.0
2012,521,CUBE,CubeSmart,3.0,0.0
2012,522,WBS,Webster Financial,3.0,0.0
2012,523,FSLR,First Solar,3.0,0.0
2012,524,INCY,Incyte,3.0,0.0
2012,525,JAZZ,Jazz Pharmaceuticals,3.0,0.0
2012,526,NDSN,Nordson,3.0,0.0
2012,527,AFG,American Financial Group,3.0,0.0
2012,528,CIM,Chimera Investment,3.0,0.0
2012,529,OTEX,Open Text,3.0,0.0
2012,530,BOKF,Bok Financial,3.0,0.0
2012,531,OI,"O-I Glass, Inc.",3.0,0.0
2012,532,ROL,Rollins,3.0,0.0
2012,533,ADC,Agree Realty,3.0,0.0
2012,534,RS,Reliance,3.0,0.0
2012,535,ERIE,Erie Indemnity,3.0,0.0
2012,536,GTLS,Chart Industries,3.0,0.0
2012,537,GL,Globe Life,3.0,0.0
2012,538,TFX,Teleflex,3.0,0.0
2012,539,CMP,Compass Minerals International,3.0,0.0
2012,540,ZION,"Zions Bancorporation, National Association /Ut/",3.0,0.0
2012,541,TOL,Toll Brothers,3.0,0.0
2012,542,MTCH,Match Group,3.0,0.0
2012,543,FLO,Flowers Foods,3.0,0.0
2012,544,URBN,Urban Outfitters,3.0,0.0
2012,545,MSTR,Microstrategy,3.0,0.0
2012,546,BBY,Best Buy Co,3.0,0.0
2012,547,GGG,Graco,3.0,0.0
2012,548,CBOE,Cboe Global Markets,3.0,0.0
2012,549,IT,Gartner,3.0,0.0
2012,550,VIAV,Viavi Solutions,3.0,0.0
2012,551,ATR,Aptargroup,3.0,0.0
2012,552,ALKS,Alkermes plc.,3.0,0.0
2012,553,CVLT,Commvault Systems,3.0,0.0
2012,554,ACM,Aecom,3.0,0.0
2012,555,KMT,Kennametal,3.0,0.0
2012,556,ATEC,Alphatec Holdings,3.0,0.0
2012,557,WSO,Watsco,3.0,0.0
2012,558,HLX,Helix Energy Solutions Group,3.0,0.0
2012,559,LXP,LXP Industrial Trust,3.0,0.0
2012,560,ALK,Alaska Air Group,3.0,0.0
2012,561,PCH,Potlatchdeltic,3.0,0.0
2012,562,SWKS,Skyworks Solutions,3.0,0.0
2012,563,MGM,MGM Resorts International,3.0,0.0
2012,564,CNK,Cinemark Holdings,3.0,0.0
2012,565,LAZ,Lazard,3.0,0.0
2012,566,EWBC,East West Bancorp,3.0,0.0
2012,567,OC,Owens Corning,3.0,0.0
2012,568,ODFL,Old Dominion Freight Line,3.0,0.0
2012,569,UHS,Universal Health Services,3.0,0.0
2012,570,SON,Sonoco Products,3.0,0.0
2012,571,TDY,Teledyne Technologies,3.0,0.0
2012,572,RHI,Robert Half,3.0,0.0
2012,573,WCC,Wesco International,3.0,0.0
2012,574,CBSH,Commerce Bancshares Inc /Mo/,3.0,0.0
2012,575,CLH,Clean Harbors,3.0,0.0
2012,576,CCO,Clear Channel Outdoor Holdings,3.0,0.0
2012,577,EGP,Eastgroup Properties,3.0,0.0
2012,578,RLJ,RLJ Lodging Trust,3.0,0.0
2012,579,SLGN,Silgan Holdings,3.0,0.0
2012,580,URI,United Rentals,3.0,0.0
2012,581,SAFE,Safehold,3.0,0.0
2012,582,AMPY,Amplify Energy,3.0,0.0
2012,583,BIO,Bio-Rad Laboratories,3.0,0.0
2012,584,CDP,Copt Defense Properties,3.0,0.0
2012,585,JKHY,Jack Henry & Associates,3.0,0.0
2012,586,SEIC,Sei Investments,3.0,0.0
2012,587,ELS,Equity Lifestyle Properties,3.0,0.0
2012,588,THC,Tenet Healthcare,3.0,0.0
2012,589,GME,GameStop,3.0,0.0
2012,590,ON,On Semiconductor,3.0,0.0
2012,591,DLB,Dolby Laboratories,3.0,0.0
2012,592,RES,Rpc,3.0,0.0
2012,593,HUN,Huntsman,3.0,0.0
2012,594,BKH,Black Hills Corp /Sd/,3.0,0.0
2012,595,CLNE,Clean Energy Fuels,3.0,0.0
2012,596,EPC,Edgewell Personal Care,3.0,0.0
2012,597,NHI,National Health Investors,3.0,0.0
2012,598,GNTX,Gentex,3.0,0.0
2012,599,TFSL,TFS Financial,3.0,0.0
2012,600,LECO,Lincoln Electric Holdings,3.0,0.0
2012,601,UAN,Cvr Partners,3.0,0.0
2012,602,PTC,Ptc,3.0,0.0
2012,603,BR,Broadridge Financial Solutions,3.0,0.0
2012,604,TER,Teradyne,3.0,0.0
2012,605,FTK,Flotek Industries Inc/Cn/,3.0,0.0
2012,606,AVY,Avery Dennison,3.0,0.0
2012,607,G,Genpact,3.0,0.0
2012,608,VMI,Valmont Industries,3.0,0.0
2012,609,ORI,Old Republic International,3.0,0.0
2012,610,CRS,Carpenter Technology,3.0,0.0
2012,611,GWRE,Guidewire Software,3.0,0.0
2012,612,SEE,Sealed Air Corp,3.0,0.0
2012,613,MYGN,Myriad Genetics,3.0,0.0
2012,614,AXS,Axis Capital Holdings,3.0,0.0
2012,615,SPH,Suburban Propane Partners,3.0,0.0
2012,616,NVR,Nvr,3.0,0.0
2012,617,SMG,Scotts Miracle-Gro,3.0,0.0
2012,618,HEI,Heico,3.0,0.0
2012,619,EFC,Ellington Financial,3.0,0.0
2012,620,CSGP,Costar Group,3.0,0.0
2012,621,GSG,iShares S&P GSCI Commodity-Indexed Trust,3.0,0.0
2012,622,TDS,Telephone & Data Systems Inc,3.0,0.0
2012,623,TECH,Bio-Techne,3.0,0.0
2012,624,GORO,Gold Resource,2.0,0.0
2012,625,HAIN,Hain Celestial Group,2.0,0.0
2012,626,UHAL,U-Haul Holding Co /NV/,2.0,0.0
2012,627,FAF,First American Financial,2.0,0.0
2012,628,NEOG,Neogen,2.0,0.0
2012,629,ACTG,Acacia Research,2.0,0.0
2012,630,WTFC,Wintrust Financial,2.0,0.0
2012,631,TTC,Toro,2.0,0.0
2012,632,NRP,Natural Resource Partners,2.0,0.0
2012,633,AVT,Avnet,2.0,0.0
2012,634,VRE,Veris Residential,2.0,0.0
2012,635,RHP,Ryman Hospitality Properties,2.0,0.0
2012,636,ALNY,Alnylam Pharmaceuticals,2.0,0.0
2012,637,SEB,Seaboard Corp,2.0,0.0
2012,638,PRA,Proassurance,2.0,0.0
2012,639,NEU,Newmarket,2.0,0.0
2012,640,AL,Air Lease,2.0,0.0
2012,641,PSMT,Pricesmart,2.0,0.0
2012,642,AGEN,Agenus,2.0,0.0
2012,643,MORN,Morningstar,2.0,0.0
2012,644,IDA,Idacorp,2.0,0.0
2012,645,KNX,Knight-Swift Transportation Holdings,2.0,0.0
2012,646,MIDD,Middleby,2.0,0.0
2012,647,TYL,Tyler Technologies,2.0,0.0
2012,648,ELME,Elme Communities,2.0,0.0
2012,649,UTHR,United Therapeutics,2.0,0.0
2012,650,SR,Spire,2.0,0.0
2012,651,BRRN,Byrn,2.0,0.0
2012,652,WWD,Woodward,2.0,0.0
2012,653,TXNM,Txnm Energy,2.0,0.0
2012,654,EPR-PE,Epr Properties,2.0,0.0
2012,655,MSCI,Msci,2.0,0.0
2012,656,PDM,Piedmont Realty Trust,2.0,0.0
2012,657,LPLA,LPL Financial Holdings,2.0,0.0
2012,658,MUX,McEwen,2.0,0.0
2012,659,HRB,H&R Block,2.0,0.0
2012,660,WLY,John Wiley & Sons,2.0,0.0
2012,661,ARI,Apollo Commercial Real Estate Finance,2.0,0.0
2012,662,PMT,PennyMac Mortgage Investment Trust,2.0,0.0
2012,663,MCY,Mercury General,2.0,0.0
2012,664,INVA,Innoviva,2.0,0.0
2012,665,FCFS,FirstCash Holdings,2.0,0.0
2012,666,AWI,Armstrong World Industries,2.0,0.0
2012,667,LYV,Live Nation Entertainment,2.0,0.0
2012,668,AMCX,AMC Networks,2.0,0.0
2012,669,MMS,Maximus,2.0,0.0
2012,670,BDN,Brandywine Realty Trust,2.0,0.0
2012,671,ARLP,Alliance Resource Partners,2.0,0.0
2012,672,ALEX,Alexander & Baldwin,2.0,0.0
2012,673,WSBC,Wesbanco,2.0,0.0
2012,674,WKC,World Kinect,2.0,0.0
2012,675,PBI,Pitney Bowes Inc,2.0,0.0
2012,676,ACHC,Acadia Healthcare Company,2.0,0.0
2012,677,JBLU,Jetblue Airways,2.0,0.0
2012,678,BKE,Buckle,2.0,0.0
2012,679,RWT,Redwood Trust,2.0,0.0
2012,680,ZBRA,Zebra Technologies,2.0,0.0
2012,681,HNI,Hni,2.0,0.0
2012,682,CBT,Cabot,2.0,0.0
2012,683,SIG,Signet Jewelers,2.0,0.0
2012,684,HXL,Hexcel Corp,2.0,0.0
2012,685,ITT,Itt,2.0,0.0
2012,686,CYDY,CytoDyn,2.0,0.0
2012,687,TTWO,Take Two Interactive Software,2.0,0.0
2012,688,AYI,Acuity Inc. (De),2.0,0.0
2012,689,MTN,Vail Resorts,2.0,0.0
2012,690,EXAS,Exact Sciences,2.0,0.0
2012,691,STGW,Stagwell,2.0,0.0
2012,692,EHC,Encompass Health,2.0,0.0
2012,693,GEO,Geo Group,2.0,0.0
2012,694,HKHC,Horizon Kinetics Holding,2.0,0.0
2012,695,JBL,Jabil,2.0,0.0
2012,696,GNRC,Generac Holdings,2.0,0.0
2012,697,UPBD,Upbound Group,2.0,0.0
2012,698,CRI,Carters,2.0,0.0
2012,699,ITRI,Itron,2.0,0.0
2012,700,ALGN,Align Technology,2.0,0.0
2012,701,AVA,Avista,2.0,0.0
2012,702,STLD,Steel Dynamics,2.0,0.0
2012,703,PAG,Penske Automotive Group,2.0,0.0
2012,704,MAN,ManpowerGroup,2.0,0.0
2012,705,R,Ryder System,2.0,0.0
2012,706,TCBI,Texas Capital Bancshares Inc/Tx,2.0,0.0
2012,707,FCNCA,First Citizens Bancshares Inc,2.0,0.0
2012,708,PFS,Provident Financial Services,2.0,0.0
2012,709,MTZ,Mastec,2.0,0.0
2012,710,NVRI,Enviri,2.0,0.0
2012,711,SCI,Service Corp International,2.0,0.0
2012,712,CASY,Caseys General Stores,2.0,0.0
2012,713,BC,Brunswick,2.0,0.0
2012,714,MZTI,Marzetti,2.0,0.0
2012,715,HAE,Haemonetics,2.0,0.0
2012,716,SGI,Somnigroup International,2.0,0.0
2012,717,WST,West Pharmaceutical Services,2.0,0.0
2012,718,FR,First Industrial Realty Trust,2.0,0.0
2012,719,EXP,Eagle Materials,2.0,0.0
2012,720,OSK,Oshkosh,2.0,0.0
2012,721,FIVE,Five Below,2.0,0.0
2012,722,NG,Novagold Resources,2.0,0.0
2012,723,BANC,Banc Of California,2.0,0.0
2012,724,SFNC,Simmons First National,2.0,0.0
2012,725,LII,Lennox International,2.0,0.0
2012,726,COLM,Columbia Sportswear,2.0,0.0
2012,727,CLPT,ClearPoint Neuro,2.0,0.0
2012,728,BKU,BankUnited,2.0,0.0
2012,729,CRL,Charles River Laboratories International,2.0,0.0
2012,730,VECO,Veeco Instruments,2.0,0.0
2012,731,SSNC,SS&C Technologies Holdings,2.0,0.0
2012,732,FUL,Fuller H B,2.0,0.0
2012,733,NWBI,Northwest Bancshares,2.0,0.0
2012,734,MGEE,Mge Energy,2.0,0.0
2012,735,CIEN,Ciena,2.0,0.0
2012,736,LSTR,Landstar System,2.0,0.0
2012,737,BDC,Belden,2.0,0.0
2012,738,BOH,Bank Of Hawaii,2.0,0.0
2012,739,MKSI,Mks,2.0,0.0
2012,740,FLEX,Flex,2.0,0.0
2012,741,IONS,Ionis Pharmaceuticals,2.0,0.0
2012,742,KMPR,Kemper,2.0,0.0
2012,743,FULT,Fulton Financial,2.0,0.0
2012,744,AIZ,Assurant,2.0,0.0
2012,745,ACIW,Aci Worldwide,2.0,0.0
2012,746,PPC,Pilgrims Pride,2.0,0.0
2012,747,DAN,Dana,2.0,0.0
2012,748,BWXT,BWX Technologies,2.0,0.0
2012,749,SF,Stifel Financial,2.0,0.0
2012,750,HLF,Herbalife,2.0,0.0
2012,751,HII,Huntington Ingalls Industries,2.0,0.0
2012,752,ALX,Alexanders,2.0,0.0
2012,753,TTEK,Tetra Tech,2.0,0.0
2012,754,DBA,Invesco Db Agriculture Fund,2.0,0.0
2012,755,BAH,Booz Allen Hamilton Holding,2.0,0.0
2012,756,CAKE,Cheesecake Factory,2.0,0.0
2012,757,MDU,Mdu Resources Group,2.0,0.0
2012,758,WWW,Wolverine World Wide Inc,2.0,0.0
2012,759,RBC,RBC Bearings,2.0,0.0
2012,760,HRI,Herc Holdings,2.0,0.0
2012,761,HCSG,Healthcare Services Group,2.0,0.0
2012,762,HI,Hillenbrand,2.0,0.0
2012,763,OFIX,Orthofix Medical,2.0,0.0
2012,764,ADTN,ADTRAN Holdings,2.0,0.0
2012,765,CNS,Cohen & Steers,2.0,0.0
2012,766,AIT,Applied Industrial Technologies,2.0,0.0
2012,767,CHH,Choice Hotels International Inc,2.0,0.0
2012,768,GATX,Gatx,2.0,0.0
2012,769,POOL,Pool,2.0,0.0
2012,770,EME,EMCOR Group,2.0,0.0
2012,771,IBKR,Interactive Brokers Group,2.0,0.0
2012,772,TR,Tootsie Roll Industries,2.0,0.0
2012,773,SXT,Sensient Technologies,2.0,0.0
2012,774,ICUI,Icu Medical Inc,2.0,0.0
2012,775,CMC,Commercial Metals,2.0,0.0
2012,776,FIBK,First Interstate Bancsystem,2.0,0.0
2012,777,REPX,Riley Exploration Permian,2.0,0.0
2012,778,EPAC,Enerpac Tool Group,1.0,0.0
2012,779,PODD,Insulet,1.0,0.0
2012,780,TGNA,Tegna,1.0,0.0
2012,781,HOPE,Hope Bancorp,1.0,0.0
2012,782,PENN,PENN Entertainment,1.0,0.0
2012,783,CFFN,Capitol Federal Financial,1.0,0.0
2012,784,GVA,Granite Construction,1.0,0.0
2012,785,BRC,Brady,1.0,0.0
2012,786,VSH,Vishay Intertechnology,1.0,0.0
2012,787,CBU,Community Financial System,1.0,0.0
2012,788,INSM,Insmed,1.0,0.0
2012,789,WTS,Watts Water Technologies,1.0,0.0
2012,790,CAPR,Capricor Therapeutics,1.0,0.0
2012,791,DPZ,Dominos Pizza,1.0,0.0
2012,792,GMED,Globus Medical,1.0,0.0
2012,793,CBRL,Cracker Barrel Old Country Store,1.0,0.0
2012,794,FELE,Franklin Electric Co,1.0,0.0
2012,795,CSR,Centerspace,1.0,0.0
2012,796,CVBF,Cvb Financial,1.0,0.0
2012,797,ENS,EnerSys,1.0,0.0
2012,798,VAC,Marriott Vacations Worldwide,1.0,0.0
2012,799,ENTG,Entegris,1.0,0.0
2012,800,SAM,Boston Beer Co,1.0,0.0
2012,801,CRUS,Cirrus Logic,1.0,0.0
2012,802,DECK,Deckers Outdoor,1.0,0.0
2012,803,MLI,Mueller Industries,1.0,0.0
2012,804,MOH,Molina Healthcare,1.0,0.0
2012,805,ZD,Ziff Davis,1.0,0.0
2012,806,AN,Autonation,1.0,0.0
2012,807,BPOP,Popular,1.0,0.0
2012,808,SHOO,Steven Madden,1.0,0.0
2012,809,THG,Hanover Insurance Group,1.0,0.0
2012,810,LPX,Louisiana-Pacific,1.0,0.0
2012,811,SSD,Simpson Manufacturing Co.,1.0,0.0
2012,812,TSN,Tyson Foods,1.0,0.0
2012,813,ALGT,Allegiant Travel,1.0,0.0
2012,814,NYT,New York Times,1.0,0.0
2012,815,UNF,Unifirst,1.0,0.0
2012,816,TRMK,Trustmark,1.0,0.0
2012,817,EAT,Brinker International,1.0,0.0
2012,818,CATY,Cathay General Ban,1.0,0.0
2012,819,WERN,Werner Enterprises,1.0,0.0
2012,820,PLCE,Childrens Place,1.0,0.0
2012,821,VCEL,Vericel,1.0,0.0
2012,822,MTH,Meritage Homes,1.0,0.0
2012,823,LQDT,Liquidity Services,1.0,0.0
2012,824,SCS,Steelcase,1.0,0.0
2012,825,WAFD,Wafd,1.0,0.0
2012,826,GES,Guess,1.0,0.0
2012,827,SCL,Stepan,1.0,0.0
2012,828,UVV,Universal Corp /Va/,1.0,0.0
2012,829,AMSC,American Superconductor Corp,1.0,0.0
2012,830,MKTX,Marketaxess Holdings,1.0,0.0
2012,831,BUSE,First Busey Corp /Nv/,1.0,0.0
2012,832,MTX,Minerals Technologies,1.0,0.0
2012,833,IMAX,Imax,1.0,0.0
2012,834,FDP,Fresh Del Monte Produce,1.0,0.0
2012,835,DKL,Delek Logistics Partners,1.0,0.0
2012,836,EZPW,Ezcorp,1.0,0.0
2012,837,CACI,Caci International Inc,1.0,0.0
2012,838,CW,Curtiss Wright,1.0,0.0
2012,839,SNX,Td Synnex,1.0,0.0
2012,840,OLED,Universal Display Corp \Pa\,1.0,0.0
2012,841,RIGL,Rigel Pharmaceuticals,1.0,0.0
2012,842,AOS,Smith A O,1.0,0.0
2012,843,JJSF,J&J Snack Foods,1.0,0.0
2012,844,MANH,Manhattan Associates,1.0,0.0
2012,845,EXEL,Exelixis,1.0,0.0
2012,846,BCO,Brinks,1.0,0.0
2012,847,EVR,Evercore,1.0,0.0
2012,848,BCPC,Balchem,1.0,0.0
2012,849,PRK,Park National Corp /Oh/,1.0,0.0
2012,850,SYNA,Synaptics,1.0,0.0
2012,851,UEC,Uranium Energy,1.0,0.0
2012,852,ABR,Arbor Realty Trust,1.0,0.0
2012,853,AZZ,Azz,1.0,0.0
2012,854,WAL,Western Alliance Ban,1.0,0.0
2012,855,CHDN,Churchill Downs,1.0,0.0
2012,856,IBOC,International Bancshares,1.0,0.0
2012,857,MTSI,MACOM Technology Solutions Holdings,1.0,0.0
2012,858,ABM,Abm Industries Inc,1.0,0.0
2012,859,HTO,H2O America,1.0,0.0
2012,860,TXRH,Texas Roadhouse,1.0,0.0
2012,861,YELP,Yelp,1.0,0.0
2012,862,LOGI,Logitech International S.A.,1.0,0.0
2012,863,CALM,Cal-Maine Foods,1.0,0.0
2012,864,RAMP,LiveRamp Holdings,1.0,0.0
2012,865,SPB,Spectrum Brands Holdings,1.0,0.0
2012,866,FWRD,Forward Air,1.0,0.0
2012,867,AVAV,AeroVironment,1.0,0.0
2012,868,CWT,California Water Service Group,1.0,0.0
2012,869,MPWR,Monolithic Power Systems,1.0,0.0
2012,870,CACC,Credit Acceptance,1.0,0.0
2012,871,CCOI,Cogent Communications Holdings,1.0,0.0
2012,872,GTY,Getty Realty Corp /Md/,1.0,0.0
2012,873,NNI,Nelnet,1.0,0.0
2012,874,MASI,Masimo,1.0,0.0
2012,875,KUBR,Kuber Resources,1.0,0.0
2012,876,WABC,Westamerica Ban,1.0,0.0
2012,877,IDCC,InterDigital,1.0,0.0
2012,878,NBTB,Nbt Bancorp,1.0,0.0
2012,879,BLKB,Blackbaud,1.0,0.0
2012,880,BGC,BGC Group,1.0,0.0
2012,881,AMKR,Amkor Technology,1.0,0.0
2012,882,BANR,Banner,1.0,0.0
2012,883,DORM,Dorman Products,1.0,0.0
2012,884,TRN,Trinity Industries,1.0,0.0
2012,885,FCN,Fti Consulting,1.0,0.0
2012,886,MTDR,Matador Resources,1.0,0.0
2012,887,HTLD,Heartland Express,1.0,0.0
2012,888,KALU,Kaiser Aluminum,1.0,0.0
2012,889,EYPT,EyePoint Pharmaceuticals,1.0,0.0
2012,890,IART,Integra Lifesciences Holdings,1.0,0.0
2012,891,DMLP,"Dorchester Minerals, L.P.",1.0,0.0
2012,892,FICO,Fair Isaac,1.0,0.0
2012,893,ABUS,Arbutus Biopharma,1.0,0.0
2012,894,EPAM,EPAM Systems,1.0,0.0
2012,895,ANDE,Andersons,1.0,0.0
2012,896,PBH,Prestige Consumer Healthcare,1.0,0.0
2012,897,POWI,Power Integrations,1.0,0.0
2012,898,GHC,Graham Holdings,1.0,0.0
2012,899,BJRI,BJs RESTAURANTS,1.0,0.0
2012,900,WMK,Weis Markets,1.0,0.0
2012,901,TTMI,Ttm Technologies,1.0,0.0
2012,902,DXCM,Dexcom,1.0,0.0
2012,903,CHE,Chemed,1.0,0.0
2012,904,PRLB,Proto Labs,1.0,0.0
2012,905,KWR,Quaker Chemical,1.0,0.0
2012,906,HOMB,Home Bancshares,1.0,0.0
2012,907,CXT,Crane NXT,1.0,0.0
2012,908,SSTK,Shutterstock,1.0,0.0
2012,909,JBTM,JBT Marel,1.0,0.0
2012,910,AWR,American States Water,1.0,0.0
2012,911,EEFT,Euronet Worldwide,1.0,0.0
2012,912,TILE,Interface,1.0,0.0
2012,913,LAD,Lithia Motors,1.0,0.0
2012,914,GEF,Greif,1.0,0.0
2012,915,EGY,Vaalco Energy Inc,1.0,0.0
2012,916,WEN,Wendy's,1.0,0.0
2012,917,KBH,Kb Home,1.0,0.0
2012,918,AVD,American Vanguard,1.0,0.0
2012,919,GERN,Geron,1.0,0.0
2012,920,FOR,Forestar Group,1.0,0.0
2012,921,SPXC,SPX Technologies,1.0,0.0
2012,922,CNO,CNO Financial Group,1.0,0.0
2012,923,MWA,Mueller Water Products,1.0,0.0
2012,924,NPKI,NPK International,1.0,0.0
2012,925,PZZA,Papa Johns International,1.0,0.0
2012,926,LRN,Stride,1.0,0.0
2012,927,GOOD,Gladstone Commercial,1.0,0.0
2012,928,CENX,Century Aluminum,1.0,0.0
2012,929,GLP,Global Partners,1.0,0.0
2012,930,PEGA,Pegasystems,1.0,0.0
2012,931,EBS,Emergent BioSolutions,1.0,0.0
2012,932,EHTH,eHealth,1.0,0.0
2012,933,IOSP,Innospec,1.0,0.0
2012,934,KTOS,Kratos Defense & Security Solutions,1.0,0.0
2012,935,ABCB,Ameris Ban,1.0,0.0
2012,936,FRME,First Merchants,1.0,0.0
2012,937,NBHC,National Bank Holdings,1.0,0.0
2012,938,ASGN,Asgn,1.0,0.0
2012,939,FOLD,Amicus Therapeutics,1.0,0.0
2012,940,HLIO,Helios Technologies,1.0,0.0
2012,941,LNN,Lindsay,1.0,0.0
2012,942,DIN,Dine Brands Global,1.0,0.0
2012,943,PRIM,Primoris Services,1.0,0.0
2012,944,KAR,Openlane,1.0,0.0
2012,945,VRTS,Virtus Investment Partners,1.0,0.0
2012,946,CATX,Perspective Therapeutics,1.0,0.0
2012,947,HMN,Horace Mann Educators Corp,1.0,0.0
2012,948,CMPR,Cimpress,1.0,0.0
2012,949,DIOD,Diodes Inc /Del/,1.0,0.0
2012,950,ACAD,Acadia Pharmaceuticals,1.0,0.0
2012,951,HALO,Halozyme Therapeutics,1.0,0.0
2012,952,STC,Stewart Information Services,1.0,0.0
2012,953,BKNG,Booking Holdings,1.0,0.0
2012,954,CNMD,Conmed,1.0,0.0
2012,955,ASTE,Astec Industries,1.0,0.0
2012,956,DXPE,Dxp Enterprises,1.0,0.0
2012,957,NBIX,Neurocrine Biosciences,1.0,0.0
2012,958,MATX,Matson,1.0,0.0
2012,959,PCRX,Pacira BioSciences,1.0,0.0
2012,960,UFPI,Ufp Industries,1.0,0.0
2012,961,KOP,Koppers Holdings,1.0,0.0
2012,962,GIII,G Iii Apparel Group Ltd,1.0,0.0
2012,963,EXPO,Exponent,1.0,0.0
2012,964,UI,Ubiquiti,1.0,0.0
2012,965,THR,Thermon Group Holdings,1.0,0.0
2012,966,NHC,National Healthcare,1.0,0.0
2012,967,RGR,Sturm Ruger & Co,1.0,0.0
2012,968,WSR,Whitestone REIT,1.0,0.0
2012,969,FBP,First Bancorp /Pr/,1.0,0.0
2012,970,AXON,Axon Enterprise,1.0,0.0
2012,971,MGRC,Mcgrath Rent,1.0,0.0
2012,972,ITGR,Integer Holdings,1.0,0.0
2012,973,WOR,Worthington Enterprises,1.0,0.0
2012,974,RUSHA,Rush Enterprises Inc \Tx\,1.0,0.0
2012,975,CAPL,CrossAmerica Partners,1.0,0.0
2012,976,XPO,Xpo,1.0,0.0
2012,977,SAH,Sonic Automotive,1.0,0.0
2012,978,UHT,Universal Health Realty Income Trust,1.0,0.0
2012,979,CAR,Avis Budget Group,1.0,0.0
2012,980,FCF,First Commonwealth Financial Corp /Pa/,1.0,0.0
2012,981,PLUG,Plug Power,1.0,0.0
2012,982,HOV,Hovnanian Enterprises,1.0,0.0
2012,983,DWSN,Dawson Geophysical,1.0,0.0
2012,984,KFY,Korn Ferry,1.0,0.0
2012,985,GDOT,Green Dot,1.0,0.0
2012,986,BMI,Badger Meter,1.0,0.0
2012,987,ACCO,Acco Brands,1.0,0.0
2012,988,STBA,S&T Bancorp,1.0,0.0
2012,989,SAFT,Safety Insurance Group,1.0,0.0
2012,990,OMCL,Omnicell,1.0,0.0
2012,991,ECPG,Encore Capital Group,1.0,0.0
2012,992,LZB,La-Z-Boy,1.0,0.0
2012,993,APEI,American Public Education,1.0,0.0
2012,994,ETD,Ethan Allen Interiors,1.0,0.0
2012,995,PEBO,Peoples Bancorp,1.0,0.0
2012,996,AGO,Assured Guaranty,1.0,0.0
2012,997,AIN,Albany International Corp,1.0,0.0
2012,998,BANF,Bancfirst Corp /Ok/,1.0,0.0
2012,999,RH,Rh,1.0,0.0
2012,1000,TREX,Trex Co,1.0,0.0
2013,1,AAPL,Apple,500.0,2.9
2013,2,XOM,Exxon Mobil,419.0,2.5
2013,3,GOOGL,Alphabet,340.0,2.0
2013,4,MSFT,Microsoft,278.0,1.6
2013,5,BRK-B,Berkshire Hathaway,256.0,1.5
2013,6,WMT,Walmart,250.0,1.5
2013,7,CVX,Chevron,248.0,1.5
2013,8,JNJ,Johnson & Johnson,222.0,1.3
2013,9,VZ,Verizon Communications,207.0,1.2
2013,10,PFE,Pfizer,199.0,1.2
2013,11,IBM,International Business Machines,198.0,1.2
2013,12,PG,Procter & Gamble,189.0,1.1
2013,13,T,AT&T,183.0,1.1
2013,14,AMZN,Amazon Com,183.0,1.1
2013,15,KO,Coca Cola,178.0,1.0
2013,16,JPM,JPMorgan Chase,159.0,0.9
2013,17,PM,Philip Morris International,157.0,0.9
2013,18,MRK,Merck & Co.,147.0,0.9
2013,19,GE,GE Aerospace,141.0,0.8
2013,20,WFC,Wells Fargo & Company/Mn,140.0,0.8
2013,21,META,Meta Platforms,138.0,0.8
2013,22,BA,Boeing,138.0,0.8
2013,23,SLB,Schlumberger Limited/Nv,135.0,0.8
2013,24,CMCSA,Comcast,130.0,0.8
2013,25,INTC,Intel,129.0,0.8
2013,26,WBD,Warner Bros. Discovery,116.0,0.7
2013,27,V,Visa,114.0,0.7
2013,28,PEP,Pepsico,113.0,0.7
2013,29,BAC,Bank Of America Corp,113.0,0.7
2013,30,BMY,Bristol Myers Squibb,108.0,0.6
2013,31,RTX,Rtx,103.0,0.6
2013,32,ORCL,Oracle,101.0,0.6
2013,33,ENB,Enbridge,95.0,0.6
2013,34,ABBV,AbbVie,93.0,0.5
2013,35,GILD,Gilead Sciences,93.0,0.5
2013,36,MMM,3M,93.0,0.5
2013,37,CVS,Cvs Health,91.0,0.5
2013,38,C,Citigroup,91.0,0.5
2013,39,CSCO,Cisco Systems,89.0,0.5
2013,40,PCG,Pg&E,89.0,0.5
2013,41,COP,Conocophillips,86.0,0.5
2013,42,OXY,Occidental Petroleum Corp,85.0,0.5
2013,43,KMI,Kinder Morgan,80.0,0.5
2013,44,QCOM,Qualcomm Inc,79.0,0.5
2013,45,UNP,Union Pacific,77.0,0.4
2013,46,HD,Home Depot,77.0,0.4
2013,47,UPS,United Parcel Service,75.0,0.4
2013,48,MA,Mastercard,74.0,0.4
2013,49,MDT,Medtronic,74.0,0.4
2013,50,HON,Honeywell International,72.0,0.4
2013,51,IEP,Icahn Enterprises L.P.,70.0,0.4
2013,52,NKE,Nike,70.0,0.4
2013,53,UNH,Unitedhealth Group,68.0,0.4
2013,54,ABT,Abbott Laboratories,67.0,0.4
2013,55,KDP,Keurig Dr Pepper,66.0,0.4
2013,56,MO,Altria Group,64.0,0.4
2013,57,USB,Us Bancorp \De\,63.0,0.4
2013,58,EPD,Enterprise Products Partners L.P.,62.0,0.4
2013,59,AXP,American Express,62.0,0.4
2013,60,F,Ford Motor,62.0,0.4
2013,61,AMGN,Amgen,62.0,0.4
2013,62,MDLZ,Mondelez International,62.0,0.4
2013,63,MET,Metlife,60.0,0.4
2013,64,SBUX,Starbucks,59.0,0.3
2013,65,D,Dominion Energy,57.0,0.3
2013,66,COST,Costco Wholesale Corp,56.0,0.3
2013,67,FCX,Freeport-Mcmoran,54.0,0.3
2013,68,DHR,Danaher Corp,54.0,0.3
2013,69,GS,Goldman Sachs Group,54.0,0.3
2013,70,DUK,Duke Energy,54.0,0.3
2013,71,LVS,Las Vegas Sands,53.0,0.3
2013,72,CL,Colgate Palmolive,52.0,0.3
2013,73,PLDGP,Prologis,50.0,0.3
2013,74,MS,Morgan Stanley,49.0,0.3
2013,75,LLY,Eli Lilly,48.0,0.3
2013,76,COF,Capital One Financial,48.0,0.3
2013,77,ACN,Accenture,48.0,0.3
2013,78,WMB,Williams Companies,47.0,0.3
2013,79,TFC,Truist Financial,47.0,0.3
2013,80,CRM,Salesforce,46.0,0.3
2013,81,SO,Southern,46.0,0.3
2013,82,SCHW,Schwab Charles,45.0,0.3
2013,83,TJX,Tjx Companies Inc,45.0,0.3
2013,84,MPLX,Mplx,45.0,0.3
2013,85,CCL,Carnival,45.0,0.3
2013,86,EOG,Eog Resources,45.0,0.3
2013,87,BHC,Bausch Health Companies,44.0,0.3
2013,88,HAL,Halliburton,42.0,0.2
2013,89,CAT,Caterpillar,42.0,0.2
2013,90,TMO,Thermo Fisher Scientific,41.0,0.2
2013,91,BIIB,Biogen,41.0,0.2
2013,92,CB,Chubb,40.0,0.2
2013,93,TXN,Texas Instruments,40.0,0.2
2013,94,KMB,Kimberly Clark,40.0,0.2
2013,95,EMR,Emerson Electric,39.0,0.2
2013,96,ADP,Automatic Data Processing,39.0,0.2
2013,97,DVN,Devon Energy Corp,38.0,0.2
2013,98,BAX,Baxter International,38.0,0.2
2013,99,TSLA,Tesla,38.0,0.2
2013,100,WELL,Welltower,37.0,0.2
2013,101,NEE,Nextera Energy,37.0,0.2
2013,102,AMT,American Tower Corp /Ma/,37.0,0.2
2013,103,TMUS,T-Mobile US,37.0,0.2
2013,104,GM,General Motors,37.0,0.2
2013,105,PAA,Plains All American Pipeline,37.0,0.2
2013,106,OKE,Oneok Inc /New/,34.0,0.2
2013,107,PLD,Prologis,34.0,0.2
2013,108,NOV,Nov,34.0,0.2
2013,109,LMT,Lockheed Martin,34.0,0.2
2013,110,O,Realty Income,34.0,0.2
2013,111,FDX,Fedex,33.0,0.2
2013,112,PRU,Prudential Financial,32.0,0.2
2013,113,CCI,Crown Castle,32.0,0.2
2013,114,LUMN,Lumen Technologies,32.0,0.2
2013,115,PNC,Pnc Financial Services Group,31.0,0.2
2013,116,PSX,Phillips 66,31.0,0.2
2013,117,VTR,Ventas,31.0,0.2
2013,118,AFL,Aflac,31.0,0.2
2013,119,CTSH,Cognizant Technology Solutions,31.0,0.2
2013,120,EQT,Eqt,31.0,0.2
2013,121,BEN,Franklin Resources,30.0,0.2
2013,122,ETN,Eaton Corp,30.0,0.2
2013,123,CTRA,Coterra Energy,29.0,0.2
2013,124,ECL,Ecolab,29.0,0.2
2013,125,TGT,Target,29.0,0.2
2013,126,CSX,Csx,29.0,0.2
2013,127,NLY,Annaly Capital Management,29.0,0.2
2013,128,SYK,Stryker,29.0,0.2
2013,129,REGN,Regeneron Pharmaceuticals,29.0,0.2
2013,130,CME,Cme Group,28.0,0.2
2013,131,FIS,Fidelity National Information Services,28.0,0.2
2013,132,LOW,Lowes Companies,28.0,0.2
2013,133,EL,Estee Lauder Companies,27.0,0.2
2013,134,AIG,American International Group,27.0,0.2
2013,135,VFC,V F,27.0,0.2
2013,136,GIS,General Mills,27.0,0.2
2013,137,CRK,Comstock Resources,27.0,0.2
2013,138,CP,Canadian Pacific Kansas City Ltd/Cn,26.0,0.2
2013,139,PSA,Public Storage,26.0,0.2
2013,140,JCI,Johnson Controls International,26.0,0.2
2013,141,PPG,Ppg Industries,26.0,0.2
2013,142,LYB,LyondellBasell Industries N.V.,26.0,0.2
2013,143,ICE,Intercontinental Exchange,26.0,0.2
2013,144,AILIH,Ameren Illinois,26.0,0.2
2013,145,GD,General Dynamics,26.0,0.2
2013,146,AEP,American Electric Power Co,25.0,0.1
2013,147,NEM,NEWMONT Corp,25.0,0.1
2013,148,AILIP,Ameren Illinois,25.0,0.1
2013,149,BX,Blackstone,24.0,0.1
2013,150,ITW,Illinois Tool Works,24.0,0.1
2013,151,ADI,Analog Devices,24.0,0.1
2013,152,CLDX,Celldex Therapeutics,24.0,0.1
2013,153,BK,Bank of New York Mellon,24.0,0.1
2013,154,SCCO,Southern Copper Corp/,24.0,0.1
2013,155,MU,Micron Technology,24.0,0.1
2013,156,MMC,Marsh & Mclennan Companies,24.0,0.1
2013,157,APD,Air Products & Chemicals,24.0,0.1
2013,158,EXC,Exelon,23.0,0.1
2013,159,SPGI,S&P Global,23.0,0.1
2013,160,ADBE,Adobe,23.0,0.1
2013,161,WY,Weyerhaeuser,23.0,0.1
2013,162,FREJP,Federal Home Loan Mortgage,23.0,0.1
2013,163,OMC,Omnicom Group,22.0,0.1
2013,164,AGNC,AGNC Investment,22.0,0.1
2013,165,DE,Deere,22.0,0.1
2013,166,IMO,Imperial Oil,22.0,0.1
2013,167,NFLX,Netflix,22.0,0.1
2013,168,SRE,Sempra,22.0,0.1
2013,169,IFF,International Flavors & Fragrances,22.0,0.1
2013,170,IP,International Paper Co /New/,22.0,0.1
2013,171,KKR,KKR & Co.,22.0,0.1
2013,172,KR,Kroger,22.0,0.1
2013,173,BDX,Becton Dickinson,21.0,0.1
2013,174,PCAR,Paccar,21.0,0.1
2013,175,ADM,Archer-Daniels-Midland,21.0,0.1
2013,176,NSC,Norfolk Southern,21.0,0.1
2013,177,STT,State Street,20.0,0.1
2013,178,ELV,Elevance Health,20.0,0.1
2013,179,ED,Consolidated Edison,20.0,0.1
2013,180,WYNN,Wynn Resorts,20.0,0.1
2013,181,MCK,Mckesson,20.0,0.1
2013,182,K,Kellanova,20.0,0.1
2013,183,RRC,Range Resources,20.0,0.1
2013,184,HSY,Hershey,20.0,0.1
2013,185,INTU,Intuit,20.0,0.1
2013,186,AR,Antero Resources,20.0,0.1
2013,187,WDC,Western Digital,20.0,0.1
2013,188,CMI,Cummins,19.0,0.1
2013,189,EQR,Equity Residential,19.0,0.1
2013,190,TRV,Travelers Companies,19.0,0.1
2013,191,ARR,Armour Residential REIT,19.0,0.1
2013,192,MARA,MARA Holdings,19.0,0.1
2013,193,FE,Firstenergy,19.0,0.1
2013,194,WDAY,Workday,19.0,0.1
2013,195,PPL,Ppl,19.0,0.1
2013,196,TRGP,Targa Resources,19.0,0.1
2013,197,VRTX,Vertex Pharmaceuticals Inc / Ma,19.0,0.1
2013,198,APO,Apollo Global Management,19.0,0.1
2013,199,XPRO,Expro Group Holdings N.V.,19.0,0.1
2013,200,APTV,Aptiv,18.0,0.1
2013,201,SHW,Sherwin Williams,18.0,0.1
2013,202,TROW,Price T Rowe Group,18.0,0.1
2013,203,TT,Trane Technologies,18.0,0.1
2013,204,WM,Waste Management,18.0,0.1
2013,205,EMN,Eastman Chemical,18.0,0.1
2013,206,DAL,Delta Air Lines,18.0,0.1
2013,207,HBAN,Huntington Bancshares Inc /Md/,18.0,0.1
2013,208,AON,Aon,18.0,0.1
2013,209,BSX,Boston Scientific,18.0,0.1
2013,210,EIX,Edison International,18.0,0.1
2013,211,SYY,Sysco,18.0,0.1
2013,212,TNDM,Tandem Diabetes Care,18.0,0.1
2013,213,EQIX,Equinix,17.0,0.1
2013,214,XEL,Xcel Energy,17.0,0.1
2013,215,FITB,Fifth Third Ban,17.0,0.1
2013,216,MTB,M&T Bank,17.0,0.1
2013,217,CHTR,"Charter Communications, Inc. /Mo/",17.0,0.1
2013,218,DLR,Digital Realty Trust,17.0,0.1
2013,219,NVAX,Novavax,17.0,0.1
2013,220,AAL,American Airlines Group,17.0,0.1
2013,221,VNO,Vornado Realty Trust,17.0,0.1
2013,222,DOC,Healthpeak Properties,17.0,0.1
2013,223,AVB,Avalonbay Communities,17.0,0.1
2013,224,SM,SM Energy,17.0,0.1
2013,225,CMG,Chipotle Mexican Grill,17.0,0.1
2013,226,ROST,Ross Stores,16.0,0.1
2013,227,DOV,Dover,16.0,0.1
2013,228,NOC,Northrop Grumman Corp,16.0,0.1
2013,229,PH,Parker-Hannifin,16.0,0.1
2013,230,NCLH,Norwegian Cruise Line Holdings,16.0,0.1
2013,231,IVZ,Invesco,16.0,0.1
2013,232,PEG,Public Service Enterprise Group,16.0,0.1
2013,233,ES,Eversource Energy,16.0,0.1
2013,234,PGR,Progressive Corp/Oh/,16.0,0.1
2013,235,TEL,TE Connectivity,16.0,0.1
2013,236,BXP,Bxp,16.0,0.1
2013,237,ZBH,Zimmer Biomet Holdings,16.0,0.1
2013,238,CAH,Cardinal Health,16.0,0.1
2013,239,PAYX,Paychex,16.0,0.1
2013,240,PNR,Pentair,16.0,0.1
2013,241,WES,Western Midstream Partners,16.0,0.1
2013,242,MAC,Macerich,15.0,0.1
2013,243,GLW,Corning Inc /Ny,15.0,0.1
2013,244,CNP,Centerpoint Energy,15.0,0.1
2013,245,VLO,Valero Energy Corp/Tx,15.0,0.1
2013,246,MOS,Mosaic,15.0,0.1
2013,247,CLF,Cleveland-Cliffs,15.0,0.1
2013,248,FANG,Diamondback Energy,15.0,0.1
2013,249,YUM,Yum Brands,15.0,0.1
2013,250,ISRG,Intuitive Surgical,15.0,0.1
2013,251,KEY,Keycorp /New/,15.0,0.1
2013,252,ROP,Roper Technologies,14.0,0.1
2013,253,GLPI,Gaming & Leisure Properties,14.0,0.1
2013,254,ALL,Allstate,14.0,0.1
2013,255,PAGP,Plains Gp Holdings,14.0,0.1
2013,256,ILMN,Illumina,14.0,0.1
2013,257,APH,Amphenol Corp,14.0,0.1
2013,258,FAST,Fastenal,14.0,0.1
2013,259,AMAT,Applied Materials Inc,14.0,0.1
2013,260,CQP,"Cheniere Energy Partners, L.P.",14.0,0.1
2013,261,MAT,Mattel Inc,14.0,0.1
2013,262,ZTS,Zoetis,14.0,0.1
2013,263,GEN,Gen Digital,14.0,0.1
2013,264,CAG,Conagra Brands,14.0,0.1
2013,265,MCO,Moodys Corp,14.0,0.1
2013,266,COR,Cencora,14.0,0.1
2013,267,ORLY,O Reilly Automotive,14.0,0.1
2013,268,NWL,Newell Brands,14.0,0.1
2013,269,BMRN,Biomarin Pharmaceutical,14.0,0.1
2013,270,MPC,Marathon Petroleum,14.0,0.1
2013,271,GAP,Gap,13.0,0.1
2013,272,WEC,Wec Energy Group,13.0,0.1
2013,273,COTY,Coty,13.0,0.1
2013,274,HST,Host Hotels & Resorts,13.0,0.1
2013,275,DDD,3D Systems,13.0,0.1
2013,276,KIM,Kimco Realty,13.0,0.1
2013,277,WPC,W. P. Carey,13.0,0.1
2013,278,ROK,Rockwell Automation,13.0,0.1
2013,279,MAR,Marriott International Inc /Md/,13.0,0.1
2013,280,LHX,"L3Harris Technologies, Inc.",13.0,0.1
2013,281,CF,CF Industries Holdings,13.0,0.1
2013,282,RCL,Royal Caribbean Cruises,13.0,0.1
2013,283,CG,Carlyle Group,13.0,0.1
2013,284,ORC,Orchid Island Capital,13.0,0.1
2013,285,BWA,Borgwarner,13.0,0.1
2013,286,DG,Dollar General,13.0,0.1
2013,287,CPB,Campbell's,13.0,0.1
2013,288,WAB,Westinghouse Air Brake Technologies,13.0,0.1
2013,289,SWK,Stanley Black & Decker,13.0,0.1
2013,290,HUM,Humana,12.0,0.1
2013,291,STZ,Constellation Brands,12.0,0.1
2013,292,NUE,Nucor,12.0,0.1
2013,293,STX,Seagate Technology Holdings,12.0,0.1
2013,294,UAL,United Airlines Holdings,12.0,0.1
2013,295,FLR,Fluor,12.0,0.1
2013,296,GWW,W.W. Grainger,12.0,0.1
2013,297,M,Macy's,12.0,0.1
2013,298,AME,Ametek Inc/,12.0,0.1
2013,299,AJG,Arthur J. Gallagher,12.0,0.1
2013,300,SJM,J M Smucker,12.0,0.1
2013,301,DTE,Dte Energy,12.0,0.1
2013,302,SIRI,Sirius Xm Holdings,12.0,0.1
2013,303,EG,Everest Group,12.0,0.1
2013,304,NXPI,NXP Semiconductors N.V.,12.0,0.1
2013,305,CNA,Cna Financial,12.0,0.1
2013,306,HRL,Hormel Foods Corp,12.0,0.1
2013,307,NTRS,Northern Trust,11.0,0.1
2013,308,GPC,Genuine Parts,11.0,0.1
2013,309,DLTR,Dollar Tree,11.0,0.1
2013,310,TPR,Tapestry,11.0,0.1
2013,311,MNST,Monster Beverage,11.0,0.1
2013,312,ETR,Entergy Corp,11.0,0.1
2013,313,CLX,Clorox Co,11.0,0.1
2013,314,WTW,Willis Towers Watson,11.0,0.1
2013,315,MSI,Motorola Solutions,11.0,0.1
2013,316,ARE,Alexandria Real Estate Equities,11.0,0.1
2013,317,RL,Ralph Lauren,11.0,0.1
2013,318,AMP,Ameriprise Financial,11.0,0.1
2013,319,PFG,Principal Financial Group,11.0,0.1
2013,320,HCA,HCA Healthcare,11.0,0.1
2013,321,TAP,Molson Coors Beverage,11.0,0.1
2013,322,TSCO,Tractor Supply Co,11.0,0.1
2013,323,HLT,Hilton Worldwide Holdings,10.0,0.1
2013,324,CINF,Cincinnati Financial,10.0,0.1
2013,325,AES,Aes,10.0,0.1
2013,326,JEF,Jefferies Financial Group,10.0,0.1
2013,327,NI,Nisource,10.0,0.1
2013,328,EBAY,Ebay,10.0,0.1
2013,329,RSG,Republic Services,10.0,0.1
2013,330,A,Agilent Technologies,10.0,0.1
2013,331,HPQ,Hp,10.0,0.1
2013,332,BF-A,Brown Forman,10.0,0.1
2013,333,INCY,Incyte,10.0,0.1
2013,334,NWSA,News,10.0,0.1
2013,335,FLS,Flowserve,10.0,0.1
2013,336,HIG,Hartford Insurance Group,10.0,0.1
2013,337,AEE,Ameren,10.0,0.1
2013,338,L,Loews,10.0,0.1
2013,339,LNC,Lincoln National,10.0,0.1
2013,340,HSIC,Henry Schein,10.0,0.1
2013,341,XRAY,Dentsply Sirona,10.0,0.1
2013,342,PTEN,Patterson Uti Energy,10.0,0.1
2013,343,GRPN,Groupon,10.0,0.1
2013,344,TRIP,TripAdvisor,10.0,0.1
2013,345,SBAC,Sba Communications,10.0,0.1
2013,346,LUV,Southwest Airlines,9.0,0.1
2013,347,TDG,TransDigm Group,9.0,0.1
2013,348,MUR,Murphy Oil,9.0,0.1
2013,349,MKC,Mccormick & Co,9.0,0.1
2013,350,ESS,Essex Property Trust,9.0,0.1
2013,351,UAA,Under Armour,9.0,0.1
2013,352,CHD,Church & Dwight Co Inc,9.0,0.1
2013,353,MHK,Mohawk Industries,9.0,0.1
2013,354,LNG,Cheniere Energy,9.0,0.1
2013,355,BBY,Best Buy Co,9.0,0.1
2013,356,MCHP,Microchip Technology,9.0,0.1
2013,357,GRMN,Garmin,9.0,0.1
2013,358,EXR,Extra Space Storage,9.0,0.1
2013,359,NVDA,NVIDIA,9.0,0.1
2013,360,LRCX,Lam Research,9.0,0.1
2013,361,ALV,Autoliv,9.0,0.1
2013,362,FRT,Federal Realty Investment Trust,9.0,0.1
2013,363,CNX,CNX Resources,9.0,0.1
2013,364,VSAT,Viasat,9.0,0.1
2013,365,VRSK,Verisk Analytics,9.0,0.1
2013,366,ALNY,Alnylam Pharmaceuticals,9.0,0.1
2013,367,RF,Regions Financial,9.0,0.1
2013,368,EXPE,Expedia Group,8.0,0.0
2013,369,REG,Regency Centers,8.0,0.0
2013,370,ADSK,Autodesk,8.0,0.0
2013,371,KLAC,Kla,8.0,0.0
2013,372,XYL,Xylem,8.0,0.0
2013,373,HP,Helmerich & Payne,8.0,0.0
2013,374,LKQ,Lkq,8.0,0.0
2013,375,PII,Polaris,8.0,0.0
2013,376,HPP,Hudson Pacific Properties,8.0,0.0
2013,377,EFX,Equifax,8.0,0.0
2013,378,AWK,American Water Works Company,8.0,0.0
2013,379,CMS,Cms Energy,8.0,0.0
2013,380,J,Jacobs Solutions,8.0,0.0
2013,381,WLK,Westlake,8.0,0.0
2013,382,PGEN,Precigen,8.0,0.0
2013,383,TRMB,Trimble,8.0,0.0
2013,384,MNKD,Mannkind,8.0,0.0
2013,385,MKL,Markel Group,8.0,0.0
2013,386,COLB,Columbia Banking System,8.0,0.0
2013,387,ACGL,Arch Capital Group,8.0,0.0
2013,388,MAS,Masco Corp,8.0,0.0
2013,389,HLF,Herbalife,8.0,0.0
2013,390,CPAY,Corpay,8.0,0.0
2013,391,CUK,Carnival,8.0,0.0
2013,392,NOW,ServiceNow,8.0,0.0
2013,393,OII,Oceaneering International,8.0,0.0
2013,394,NTAP,NetApp,8.0,0.0
2013,395,JAZZ,Jazz Pharmaceuticals,8.0,0.0
2013,396,LULU,lululemon athletica,8.0,0.0
2013,397,LH,Labcorp Holdings,8.0,0.0
2013,398,CUKPF,Carnival,8.0,0.0
2013,399,IQV,Iqvia Holdings,8.0,0.0
2013,400,AZO,Autozone,8.0,0.0
2013,401,VMC,Vulcan Materials,8.0,0.0
2013,402,CBRE,Cbre Group,8.0,0.0
2013,403,HOG,Harley-Davidson,8.0,0.0
2013,404,HAS,Hasbro,8.0,0.0
2013,405,ATO,Atmos Energy,8.0,0.0
2013,406,INVX,Innovex International,8.0,0.0
2013,407,FBIN,Fortune Brands Innovations,8.0,0.0
2013,408,ALB,Albemarle,7.0,0.0
2013,409,FNF,Fidelity National Financial,7.0,0.0
2013,410,HR,Healthcare Realty Trust,7.0,0.0
2013,411,JBHT,Hunt J B Transport Services,7.0,0.0
2013,412,MPW,Medical Properties Trust,7.0,0.0
2013,413,BALL,Ball,7.0,0.0
2013,414,CNC,Centene,7.0,0.0
2013,415,EW,Edwards Lifesciences,7.0,0.0
2013,416,KMX,Carmax,7.0,0.0
2013,417,MAA,Mid America Apartment Communities,7.0,0.0
2013,418,DRI,Darden Restaurants,7.0,0.0
2013,419,OGE,Oge Energy,7.0,0.0
2013,420,SNPS,Synopsys,7.0,0.0
2013,421,CDE,Coeur Mining,7.0,0.0
2013,422,SLG,Sl Green Realty,7.0,0.0
2013,423,CHRW,C. H. Robinson Worldwide,7.0,0.0
2013,424,GT,Goodyear Tire & Rubber Co /Oh/,7.0,0.0
2013,425,RJF,Raymond James Financial,7.0,0.0
2013,426,AKAM,Akamai Technologies,7.0,0.0
2013,427,RMD,Resmed,7.0,0.0
2013,428,NDAQ,Nasdaq,7.0,0.0
2013,429,ALKS,Alkermes plc.,7.0,0.0
2013,430,WTRG,Essential Utilities,7.0,0.0
2013,431,CTAS,Cintas,7.0,0.0
2013,432,ST,Sensata Technologies Holding,7.0,0.0
2013,433,KOS,Kosmos Energy,7.0,0.0
2013,434,IONS,Ionis Pharmaceuticals,7.0,0.0
2013,435,AAP,Advance Auto Parts,7.0,0.0
2013,436,SBRA,Sabra Health Care REIT,7.0,0.0
2013,437,SSB,SouthState,7.0,0.0
2013,438,BKD,Brookdale Senior Living,6.0,0.0
2013,439,STGW,Stagwell,6.0,0.0
2013,440,IPG,Interpublic Group Of Companies,6.0,0.0
2013,441,GEL,Genesis Energy,6.0,0.0
2013,442,DBC,Invesco DB Commodity Index Tracking Fund,6.0,0.0
2013,443,GME,GameStop,6.0,0.0
2013,444,TXT,Textron,6.0,0.0
2013,445,KSS,Kohls,6.0,0.0
2013,446,TWO,Two Harbors Investment,6.0,0.0
2013,447,DHI,Horton D R Inc,6.0,0.0
2013,448,VEEV,Veeva Systems,6.0,0.0
2013,449,PNW,Pinnacle West Capital,6.0,0.0
2013,450,COO,Cooper Companies,6.0,0.0
2013,451,ENOV,Enovis,6.0,0.0
2013,452,WULF,Terawulf,6.0,0.0
2013,453,BRX,Brixmor Property Group,6.0,0.0
2013,454,AMD,Advanced Micro Devices,6.0,0.0
2013,455,CMA,Comerica Inc /New/,6.0,0.0
2013,456,CE,Celanese,6.0,0.0
2013,457,MGM,MGM Resorts International,6.0,0.0
2013,458,MLM,Martin Marietta Materials,6.0,0.0
2013,459,LDOS,Leidos Holdings,6.0,0.0
2013,460,AROC,Archrock,6.0,0.0
2013,461,GNW,Genworth Financial,6.0,0.0
2013,462,ARMK,Aramark,6.0,0.0
2013,463,WAT,Waters Corp,6.0,0.0
2013,464,KRC,Kilroy Realty,6.0,0.0
2013,465,ONB,Old National Bancorp /In/,6.0,0.0
2013,466,EXPD,Expeditors International Of Washington,6.0,0.0
2013,467,AMH,American Homes 4 Rent,6.0,0.0
2013,468,PB,Prosperity Bancshares,6.0,0.0
2013,469,DGX,Quest Diagnostics,6.0,0.0
2013,470,FSLR,First Solar,6.0,0.0
2013,471,NWBO,Northwest Biotherapeutics,6.0,0.0
2013,472,UDR,Udr,6.0,0.0
2013,473,IRM,Iron Mountain,6.0,0.0
2013,474,HUBB,Hubbell,6.0,0.0
2013,475,CPT,Camden Property Trust,6.0,0.0
2013,476,UNM,Unum Group,6.0,0.0
2013,477,EA,Electronic Arts,6.0,0.0
2013,478,NNN,Nnn Reit,6.0,0.0
2013,479,LNT,Alliant Energy,6.0,0.0
2013,480,VYX,NCR Voyix,6.0,0.0
2013,481,IDXX,Idexx Laboratories Inc,6.0,0.0
2013,482,ULTA,Ulta Beauty,6.0,0.0
2013,483,SNA,Snap-on,6.0,0.0
2013,484,FHN,First Horizon,6.0,0.0
2013,485,OIS,Oil States International,6.0,0.0
2013,486,NRG,Nrg Energy,6.0,0.0
2013,487,IEX,Idex Corp,5.0,0.0
2013,488,VRSN,Verisign Inc/Ca,5.0,0.0
2013,489,MELI,Mercadolibre,5.0,0.0
2013,490,OI,"O-I Glass, Inc.",5.0,0.0
2013,491,OTEX,Open Text,5.0,0.0
2013,492,CBOE,Cboe Global Markets,5.0,0.0
2013,493,WU,Western Union,5.0,0.0
2013,494,STWD,Starwood Property Trust,5.0,0.0
2013,495,CSGP,Costar Group,5.0,0.0
2013,496,KEX,Kirby,5.0,0.0
2013,497,SUI,Sun Communities,5.0,0.0
2013,498,DHC,Diversified Healthcare Trust,5.0,0.0
2013,499,LAMR,Lamar Advertising Co,5.0,0.0
2013,500,APAM,Artisan Partners Asset Management,5.0,0.0
2013,501,RGA,Reinsurance Group Of America,5.0,0.0
2013,502,FFIV,F5,5.0,0.0
2013,503,TKR,Timken,5.0,0.0
2013,504,RPM,Rpm International Inc,5.0,0.0
2013,505,CCK,Crown Holdings,5.0,0.0
2013,506,ALK,Alaska Air Group,5.0,0.0
2013,507,WBS,Webster Financial,5.0,0.0
2013,508,WCN,Waste Connections,5.0,0.0
2013,509,HOLX,Hologic,5.0,0.0
2013,510,SEE,Sealed Air Corp,5.0,0.0
2013,511,SAFE,Safehold,5.0,0.0
2013,512,UHS,Universal Health Services,5.0,0.0
2013,513,MTD,Mettler Toledo International Inc/,5.0,0.0
2013,514,TYL,Tyler Technologies,5.0,0.0
2013,515,WSM,Williams Sonoma,5.0,0.0
2013,516,RRX,Regal Rexnord,5.0,0.0
2013,517,URI,United Rentals,5.0,0.0
2013,518,UMBF,Umb Financial,5.0,0.0
2013,519,UTHR,United Therapeutics,5.0,0.0
2013,520,WRB,Berkley W R,5.0,0.0
2013,521,ATI,Ati,5.0,0.0
2013,522,CUZ,Cousins Properties,5.0,0.0
2013,523,EWBC,East West Bancorp,5.0,0.0
2013,524,GL,Globe Life,5.0,0.0
2013,525,DX,Dynex Capital,5.0,0.0
2013,526,GNTX,Gentex,5.0,0.0
2013,527,AFG,American Financial Group,5.0,0.0
2013,528,HKHC,Horizon Kinetics Holding,5.0,0.0
2013,529,UGI,Ugi Corp /Pa/,5.0,0.0
2013,530,IT,Gartner,5.0,0.0
2013,531,GGG,Graco,5.0,0.0
2013,532,JLL,Jones Lang Lasalle,5.0,0.0
2013,533,PWR,Quanta Services,5.0,0.0
2013,534,PBI,Pitney Bowes Inc,5.0,0.0
2013,535,UHAL,U-Haul Holding Co /NV/,5.0,0.0
2013,536,MIDD,Middleby,5.0,0.0
2013,537,OPCH,Option Care Health,5.0,0.0
2013,538,RVTY,Revvity,5.0,0.0
2013,539,IOVA,Iovance Biotherapeutics,5.0,0.0
2013,540,CPRT,Copart,5.0,0.0
2013,541,BR,Broadridge Financial Solutions,5.0,0.0
2013,542,LYV,Live Nation Entertainment,5.0,0.0
2013,543,DCI,DONALDSON Co,5.0,0.0
2013,544,BXMT,Blackstone Mortgage Trust,5.0,0.0
2013,545,GTLS,Chart Industries,5.0,0.0
2013,546,ODFL,Old Dominion Freight Line,5.0,0.0
2013,547,BRO,Brown & Brown,5.0,0.0
2013,548,MTCH,Match Group,5.0,0.0
2013,549,GPN,Global Payments,5.0,0.0
2013,550,FLO,Flowers Foods,5.0,0.0
2013,551,LAZ,Lazard,5.0,0.0
2013,552,HE,Hawaiian Electric Industries,4.0,0.0
2013,553,DKS,Dick's Sporting Goods,4.0,0.0
2013,554,ROL,Rollins,4.0,0.0
2013,555,ZION,"Zions Bancorporation, National Association /Ut/",4.0,0.0
2013,556,UBSI,United Bankshares Inc/Wv,4.0,0.0
2013,557,ATR,Aptargroup,4.0,0.0
2013,558,CVI,Cvr Energy,4.0,0.0
2013,559,HAIN,Hain Celestial Group,4.0,0.0
2013,560,FTK,Flotek Industries Inc/Cn/,4.0,0.0
2013,561,UNFI,United Natural Foods,4.0,0.0
2013,562,INGR,Ingredion,4.0,0.0
2013,563,MD,Pediatrix Medical Group,4.0,0.0
2013,564,ACHC,Acadia Healthcare Company,4.0,0.0
2013,565,MSM,Msc Industrial Direct Co,4.0,0.0
2013,566,AGCO,Agco Corp,4.0,0.0
2013,567,TDY,Teledyne Technologies,4.0,0.0
2013,568,RNR,Renaissancere Holdings,4.0,0.0
2013,569,GWRE,Guidewire Software,4.0,0.0
2013,570,DVA,Davita,4.0,0.0
2013,571,HUN,Huntsman,4.0,0.0
2013,572,JKHY,Jack Henry & Associates,4.0,0.0
2013,573,TDC,Teradata Corp,4.0,0.0
2013,574,MDGL,Madrigal Pharmaceuticals,4.0,0.0
2013,575,LEG,Leggett & Platt,4.0,0.0
2013,576,ORI,Old Republic International,4.0,0.0
2013,577,CCO,Clear Channel Outdoor Holdings,4.0,0.0
2013,578,SWKS,Skyworks Solutions,4.0,0.0
2013,579,RHI,Robert Half,4.0,0.0
2013,580,SEIC,Sei Investments,4.0,0.0
2013,581,NEOG,Neogen,4.0,0.0
2013,582,TFX,Teleflex,4.0,0.0
2013,583,MSTR,Microstrategy,4.0,0.0
2013,584,SON,Sonoco Products,4.0,0.0
2013,585,FDS,Factset Research Systems,4.0,0.0
2013,586,ALGN,Align Technology,4.0,0.0
2013,587,COMM,CommScope Holding Company,4.0,0.0
2013,588,YELP,Yelp,4.0,0.0
2013,589,KBR,Kbr,4.0,0.0
2013,590,PTC,Ptc,4.0,0.0
2013,591,NDSN,Nordson,4.0,0.0
2013,592,HIW,Highwoods Properties,4.0,0.0
2013,593,MAN,ManpowerGroup,4.0,0.0
2013,594,BOKF,Bok Financial,4.0,0.0
2013,595,INVA,Innoviva,4.0,0.0
2013,596,KMT,Kennametal,4.0,0.0
2013,597,BKH,Black Hills Corp /Sd/,4.0,0.0
2013,598,WCC,Wesco International,4.0,0.0
2013,599,RS,Reliance,4.0,0.0
2013,600,PPC,Pilgrims Pride,4.0,0.0
2013,601,PHM,Pultegroup Inc/Mi/,4.0,0.0
2013,602,LECO,Lincoln Electric Holdings,4.0,0.0
2013,603,CBSH,Commerce Bancshares Inc /Mo/,4.0,0.0
2013,604,RGLD,Royal Gold,4.0,0.0
2013,605,DEI,Douglas Emmett,4.0,0.0
2013,606,WSO,Watsco,4.0,0.0
2013,607,STAG,STAG Industrial,4.0,0.0
2013,608,CIM,Chimera Investment,4.0,0.0
2013,609,USAC,USA Compression Partners,4.0,0.0
2013,610,AVY,Avery Dennison,4.0,0.0
2013,611,GBCI,Glacier Bancorp,4.0,0.0
2013,612,PSMT,Pricesmart,4.0,0.0
2013,613,CNK,Cinemark Holdings,4.0,0.0
2013,614,CDNS,Cadence Design Systems,4.0,0.0
2013,615,ITT,Itt,4.0,0.0
2013,616,ESBA,"Empire State Realty OP, L.P.",4.0,0.0
2013,617,BWXT,BWX Technologies,4.0,0.0
2013,618,ACM,Aecom,4.0,0.0
2013,619,LPLA,LPL Financial Holdings,4.0,0.0
2013,620,EPR,Epr Properties,4.0,0.0
2013,621,ATEC,Alphatec Holdings,4.0,0.0
2013,622,PBF,PBF Energy,4.0,0.0
2013,623,EPC,Edgewell Personal Care,4.0,0.0
2013,624,SKT,Tanger,4.0,0.0
2013,625,INSM,Insmed,4.0,0.0
2013,626,DLB,Dolby Laboratories,4.0,0.0
2013,627,RLJ,RLJ Lodging Trust,4.0,0.0
2013,628,CUBE,CubeSmart,4.0,0.0
2013,629,THC,Tenet Healthcare,4.0,0.0
2013,630,SMG,Scotts Miracle-Gro,4.0,0.0
2013,631,SFM,Sprouts Farmers Market,4.0,0.0
2013,632,HRB,H&R Block,4.0,0.0
2013,633,AVT,Avnet,4.0,0.0
2013,634,HEI,Heico,4.0,0.0
2013,635,SSNC,SS&C Technologies Holdings,4.0,0.0
2013,636,HII,Huntington Ingalls Industries,4.0,0.0
2013,637,WST,West Pharmaceutical Services,4.0,0.0
2013,638,AXS,Axis Capital Holdings,4.0,0.0
2013,639,TECH,Bio-Techne,3.0,0.0
2013,640,FNMA,Federal National Mortgage Association Fannie Mae,3.0,0.0
2013,641,ADC,Agree Realty,3.0,0.0
2013,642,AL,Air Lease,3.0,0.0
2013,643,ESPR,Esperion Therapeutics,3.0,0.0
2013,644,HLX,Helix Energy Solutions Group,3.0,0.0
2013,645,ESI,Element Solutions,3.0,0.0
2013,646,HXL,Hexcel Corp,3.0,0.0
2013,647,KODK,Eastman Kodak,3.0,0.0
2013,648,TFSL,TFS Financial,3.0,0.0
2013,649,ERIE,Erie Indemnity,3.0,0.0
2013,650,CMP,Compass Minerals International,3.0,0.0
2013,651,GSAT,Globalstar,3.0,0.0
2013,652,GOGO,Gogo,3.0,0.0
2013,653,TTC,Toro,3.0,0.0
2013,654,URBN,Urban Outfitters,3.0,0.0
2013,655,GNRC,Generac Holdings,3.0,0.0
2013,656,CIEN,Ciena,3.0,0.0
2013,657,AIZ,Assurant,3.0,0.0
2013,658,COHR,Coherent,3.0,0.0
2013,659,CVLT,Commvault Systems,3.0,0.0
2013,660,EYPT,EyePoint Pharmaceuticals,3.0,0.0
2013,661,OC,Owens Corning,3.0,0.0
2013,662,SGI,Somnigroup International,3.0,0.0
2013,663,ON,On Semiconductor,3.0,0.0
2013,664,PCH,Potlatchdeltic,3.0,0.0
2013,665,TTWO,Take Two Interactive Software,3.0,0.0
2013,666,CXW,CoreCivic,3.0,0.0
2013,667,MSCI,Msci,3.0,0.0
2013,668,CLH,Clean Harbors,3.0,0.0
2013,669,JBLU,Jetblue Airways,3.0,0.0
2013,670,OSK,Oshkosh,3.0,0.0
2013,671,AYI,Acuity Inc. (De),3.0,0.0
2013,672,G,Genpact,3.0,0.0
2013,673,TOL,Toll Brothers,3.0,0.0
2013,674,SF,Stifel Financial,3.0,0.0
2013,675,EGP,Eastgroup Properties,3.0,0.0
2013,676,CRS,Carpenter Technology,3.0,0.0
2013,677,WTFC,Wintrust Financial,3.0,0.0
2013,678,PAG,Penske Automotive Group,3.0,0.0
2013,679,SPH,Suburban Propane Partners,3.0,0.0
2013,680,FTNT,Fortinet,3.0,0.0
2013,681,WSBC,Wesbanco,3.0,0.0
2013,682,NEU,Newmarket,3.0,0.0
2013,683,PANW,Palo Alto Networks,3.0,0.0
2013,684,SLGN,Silgan Holdings,3.0,0.0
2013,685,ELS,Equity Lifestyle Properties,3.0,0.0
2013,686,ALEX,Alexander & Baldwin,3.0,0.0
2013,687,VIAV,Viavi Solutions,3.0,0.0
2013,688,CDW,Cdw,3.0,0.0
2013,689,REXR,Rexford Industrial Realty,3.0,0.0
2013,690,BC,Brunswick,3.0,0.0
2013,691,SIG,Signet Jewelers,3.0,0.0
2013,692,GERN,Geron,3.0,0.0
2013,693,KNX,Knight-Swift Transportation Holdings,3.0,0.0
2013,694,SSTK,Shutterstock,3.0,0.0
2013,695,AMCX,AMC Networks,3.0,0.0
2013,696,MORN,Morningstar,3.0,0.0
2013,697,LXP,LXP Industrial Trust,3.0,0.0
2013,698,LII,Lennox International,3.0,0.0
2013,699,OMF,OneMain Holdings,3.0,0.0
2013,700,TDS,Telephone & Data Systems Inc,3.0,0.0
2013,701,EHC,Encompass Health,3.0,0.0
2013,702,SBH,Sally Beauty Holdings,3.0,0.0
2013,703,DECK,Deckers Outdoor,3.0,0.0
2013,704,VMI,Valmont Industries,3.0,0.0
2013,705,R,Ryder System,3.0,0.0
2013,706,FAF,First American Financial,3.0,0.0
2013,707,ZBRA,Zebra Technologies,3.0,0.0
2013,708,HRI,Herc Holdings,3.0,0.0
2013,709,NVR,Nvr,3.0,0.0
2013,710,ARLP,Alliance Resource Partners,3.0,0.0
2013,711,IDA,Idacorp,3.0,0.0
2013,712,CLNE,Clean Energy Fuels,3.0,0.0
2013,713,STLD,Steel Dynamics,3.0,0.0
2013,714,HNI,Hni,3.0,0.0
2013,715,SMTC,Semtech,3.0,0.0
2013,716,UI,Ubiquiti,3.0,0.0
2013,717,FIVE,Five Below,3.0,0.0
2013,718,FIBK,First Interstate Bancsystem,3.0,0.0
2013,719,TER,Teradyne,3.0,0.0
2013,720,MCY,Mercury General,3.0,0.0
2013,721,WWW,Wolverine World Wide Inc,3.0,0.0
2013,722,BDC,Belden,3.0,0.0
2013,723,GMED,Globus Medical,3.0,0.0
2013,724,COLM,Columbia Sportswear,3.0,0.0
2013,725,AMPY,Amplify Energy,3.0,0.0
2013,726,FCFS,FirstCash Holdings,3.0,0.0
2013,727,WWD,Woodward,3.0,0.0
2013,728,TCBI,Texas Capital Bancshares Inc/Tx,3.0,0.0
2013,729,NHI,National Health Investors,3.0,0.0
2013,730,IBKR,Interactive Brokers Group,3.0,0.0
2013,731,CASY,Caseys General Stores,3.0,0.0
2013,732,SFNC,Simmons First National,3.0,0.0
2013,733,SR,Spire,3.0,0.0
2013,734,TXNM,Txnm Energy,3.0,0.0
2013,735,CDP,Copt Defense Properties,3.0,0.0
2013,736,SEB,Seaboard Corp,3.0,0.0
2013,737,CBT,Cabot,3.0,0.0
2013,738,FCNCA,First Citizens Bancshares Inc,3.0,0.0
2013,739,NRP,Natural Resource Partners,3.0,0.0
2013,740,WLY,John Wiley & Sons,3.0,0.0
2013,741,RC,Ready Capital,3.0,0.0
2013,742,RHP,Ryman Hospitality Properties,3.0,0.0
2013,743,ENS,EnerSys,3.0,0.0
2013,744,CRI,Carters,3.0,0.0
2013,745,ESRT,Empire State Realty Trust,3.0,0.0
2013,746,CRL,Charles River Laboratories International,3.0,0.0
2013,747,PODD,Insulet,3.0,0.0
2013,748,WAL,Western Alliance Ban,3.0,0.0
2013,749,DXCM,Dexcom,3.0,0.0
2013,750,EFC,Ellington Financial,3.0,0.0
2013,751,AEO,American Eagle Outfitters,3.0,0.0
2013,752,SAM,Boston Beer Co,3.0,0.0
2013,753,ACIW,Aci Worldwide,3.0,0.0
2013,754,PFS,Provident Financial Services,3.0,0.0
2013,755,SCI,Service Corp International,3.0,0.0
2013,756,MTN,Vail Resorts,3.0,0.0
2013,757,NYT,New York Times,2.0,0.0
2013,758,GSG,iShares S&P GSCI Commodity-Indexed Trust,2.0,0.0
2013,759,BDN,Brandywine Realty Trust,2.0,0.0
2013,760,PCRX,Pacira BioSciences,2.0,0.0
2013,761,AWI,Armstrong World Industries,2.0,0.0
2013,762,EXP,Eagle Materials,2.0,0.0
2013,763,TGNA,Tegna,2.0,0.0
2013,764,CBRL,Cracker Barrel Old Country Store,2.0,0.0
2013,765,WT,WisdomTree,2.0,0.0
2013,766,BKU,BankUnited,2.0,0.0
2013,767,SNX,Td Synnex,2.0,0.0
2013,768,HOMB,Home Bancshares,2.0,0.0
2013,769,RWT,Redwood Trust,2.0,0.0
2013,770,MZTI,Marzetti,2.0,0.0
2013,771,KMPR,Kemper,2.0,0.0
2013,772,MDU,Mdu Resources Group,2.0,0.0
2013,773,MKTX,Marketaxess Holdings,2.0,0.0
2013,774,DPZ,Dominos Pizza,2.0,0.0
2013,775,BKE,Buckle,2.0,0.0
2013,776,FULT,Fulton Financial,2.0,0.0
2013,777,TSN,Tyson Foods,2.0,0.0
2013,778,BOH,Bank Of Hawaii,2.0,0.0
2013,779,MMS,Maximus,2.0,0.0
2013,780,RAMP,LiveRamp Holdings,2.0,0.0
2013,781,EVR,Evercore,2.0,0.0
2013,782,GEO,Geo Group,2.0,0.0
2013,783,AVA,Avista,2.0,0.0
2013,784,MTDR,Matador Resources,2.0,0.0
2013,785,BAH,Booz Allen Hamilton Holding,2.0,0.0
2013,786,CVBF,Cvb Financial,2.0,0.0
2013,787,FR,First Industrial Realty Trust,2.0,0.0
2013,788,RBC,RBC Bearings,2.0,0.0
2013,789,NVRI,Enviri,2.0,0.0
2013,790,ZD,Ziff Davis,2.0,0.0
2013,791,DVAX,Dynavax Technologies,2.0,0.0
2013,792,CW,Curtiss Wright,2.0,0.0
2013,793,CHH,Choice Hotels International Inc,2.0,0.0
2013,794,CAKE,Cheesecake Factory,2.0,0.0
2013,795,EXAS,Exact Sciences,2.0,0.0
2013,796,WKC,World Kinect,2.0,0.0
2013,797,ARI,Apollo Commercial Real Estate Finance,2.0,0.0
2013,798,ADTN,ADTRAN Holdings,2.0,0.0
2013,799,FLEX,Flex,2.0,0.0
2013,800,SPNT,SiriusPoint,2.0,0.0
2013,801,NWBI,Northwest Bancshares,2.0,0.0
2013,802,DAN,Dana,2.0,0.0
2013,803,TMHC,Taylor Morrison Home,2.0,0.0
2013,804,CMC,Commercial Metals,2.0,0.0
2013,805,PLUG,Plug Power,2.0,0.0
2013,806,JBL,Jabil,2.0,0.0
2013,807,EPR-PE,Epr Properties,2.0,0.0
2013,808,HOPE,Hope Bancorp,2.0,0.0
2013,809,POOL,Pool,2.0,0.0
2013,810,CBU,Community Financial System,2.0,0.0
2013,811,THG,Hanover Insurance Group,2.0,0.0
2013,812,HI,Hillenbrand,2.0,0.0
2013,813,TNL,Travel & Leisure,2.0,0.0
2013,814,WTS,Watts Water Technologies,2.0,0.0
2013,815,SXT,Sensient Technologies,2.0,0.0
2013,816,PDM,Piedmont Realty Trust,2.0,0.0
2013,817,HL,Hecla Mining Co,2.0,0.0
2013,818,ELME,Elme Communities,2.0,0.0
2013,819,CNS,Cohen & Steers,2.0,0.0
2013,820,AOS,Smith A O,2.0,0.0
2013,821,HAE,Haemonetics,2.0,0.0
2013,822,EPAC,Enerpac Tool Group,2.0,0.0
2013,823,ANDE,Andersons,2.0,0.0
2013,824,MKSI,Mks,2.0,0.0
2013,825,BANC,Banc Of California,2.0,0.0
2013,826,VRE,Veris Residential,2.0,0.0
2013,827,SYNA,Synaptics,2.0,0.0
2013,828,LOGI,Logitech International S.A.,2.0,0.0
2013,829,EAT,Brinker International,2.0,0.0
2013,830,VECO,Veeco Instruments,2.0,0.0
2013,831,MGEE,Mge Energy,2.0,0.0
2013,832,PMT,PennyMac Mortgage Investment Trust,2.0,0.0
2013,833,BFAM,Bright Horizons Family Solutions,2.0,0.0
2013,834,FELE,Franklin Electric Co,2.0,0.0
2013,835,HCSG,Healthcare Services Group,2.0,0.0
2013,836,MYGN,Myriad Genetics,2.0,0.0
2013,837,IRT,Independence Realty Trust,2.0,0.0
2013,838,LSTR,Landstar System,2.0,0.0
2013,839,NJR,New Jersey Resources,2.0,0.0
2013,840,UPBD,Upbound Group,2.0,0.0
2013,841,TR,Tootsie Roll Industries,2.0,0.0
2013,842,CCOI,Cogent Communications Holdings,2.0,0.0
2013,843,BCRX,Biocryst Pharmaceuticals,2.0,0.0
2013,844,ALGT,Allegiant Travel,2.0,0.0
2013,845,PENN,PENN Entertainment,2.0,0.0
2013,846,EME,EMCOR Group,2.0,0.0
2013,847,BPOP,Popular,2.0,0.0
2013,848,FMCC,Federal Home Loan Mortgage,2.0,0.0
2013,849,BCPC,Balchem,2.0,0.0
2013,850,EPAM,EPAM Systems,2.0,0.0
2013,851,PEGA,Pegasystems,2.0,0.0
2013,852,SCS,Steelcase,2.0,0.0
2013,853,CAPR,Capricor Therapeutics,2.0,0.0
2013,854,GATX,Gatx,2.0,0.0
2013,855,EEFT,Euronet Worldwide,2.0,0.0
2013,856,MTX,Minerals Technologies,2.0,0.0
2013,857,ITRI,Itron,2.0,0.0
2013,858,UNF,Unifirst,2.0,0.0
2013,859,TXRH,Texas Roadhouse,2.0,0.0
2013,860,AIT,Applied Industrial Technologies,2.0,0.0
2013,861,MTG,Mgic Investment,2.0,0.0
2013,862,TTEK,Tetra Tech,2.0,0.0
2013,863,ADMA,Adma Biologics,2.0,0.0
2013,864,VTOL,Bristow Group,2.0,0.0
2013,865,VSH,Vishay Intertechnology,2.0,0.0
2013,866,CATY,Cathay General Ban,2.0,0.0
2013,867,DXPE,Dxp Enterprises,2.0,0.0
2013,868,HASI,HA Sustainable Infrastructure Capital,2.0,0.0
2013,869,MLI,Mueller Industries,2.0,0.0
2013,870,SHOO,Steven Madden,2.0,0.0
2013,871,HALO,Halozyme Therapeutics,2.0,0.0
2013,872,ENTG,Entegris,2.0,0.0
2013,873,MANH,Manhattan Associates,2.0,0.0
2013,874,BLKB,Blackbaud,2.0,0.0
2013,875,UAN,Cvr Partners,2.0,0.0
2013,876,GHC,Graham Holdings,2.0,0.0
2013,877,PBH,Prestige Consumer Healthcare,2.0,0.0
2013,878,MTH,Meritage Homes,2.0,0.0
2013,879,PSIX,Power Solutions International,2.0,0.0
2013,880,AN,Autonation,2.0,0.0
2013,881,JJSF,J&J Snack Foods,2.0,0.0
2013,882,BURL,Burlington Stores,2.0,0.0
2013,883,MPWR,Monolithic Power Systems,2.0,0.0
2013,884,SPB,Spectrum Brands Holdings,2.0,0.0
2013,885,PRLB,Proto Labs,2.0,0.0
2013,886,LAD,Lithia Motors,2.0,0.0
2013,887,NXST,Nexstar Media Group,2.0,0.0
2013,888,TPH,Tri Pointe Homes,2.0,0.0
2013,889,PRIM,Primoris Services,2.0,0.0
2013,890,ALX,Alexanders,2.0,0.0
2013,891,NDLS,Noodles,2.0,0.0
2013,892,DKL,Delek Logistics Partners,2.0,0.0
2013,893,POWI,Power Integrations,2.0,0.0
2013,894,CNO,CNO Financial Group,2.0,0.0
2013,895,WEN,Wendy's,2.0,0.0
2013,896,DORM,Dorman Products,2.0,0.0
2013,897,CLPT,ClearPoint Neuro,2.0,0.0
2013,898,IBOC,International Bancshares,2.0,0.0
2013,899,GES,Guess,2.0,0.0
2013,900,ABM,Abm Industries Inc,2.0,0.0
2013,901,OLED,Universal Display Corp \Pa\,2.0,0.0
2013,902,CACI,Caci International Inc,2.0,0.0
2013,903,IMAX,Imax,2.0,0.0
2013,904,CYDY,CytoDyn,2.0,0.0
2013,905,TRMK,Trustmark,2.0,0.0
2013,906,ICUI,Icu Medical Inc,2.0,0.0
2013,907,ABUS,Arbutus Biopharma,2.0,0.0
2013,908,TRN,Trinity Industries,2.0,0.0
2013,909,RNG,RingCentral,2.0,0.0
2013,910,CHDN,Churchill Downs,2.0,0.0
2013,911,ARWR,Arrowhead Pharmaceuticals,2.0,0.0
2013,912,BUSE,First Busey Corp /Nv/,2.0,0.0
2013,913,AGEN,Agenus,2.0,0.0
2013,914,AWHL,Aspira Women's Health,2.0,0.0
2013,915,PRK,Park National Corp /Oh/,2.0,0.0
2013,916,CFFN,Capitol Federal Financial,2.0,0.0
2013,917,GIII,G Iii Apparel Group Ltd,2.0,0.0
2013,918,BANR,Banner,2.0,0.0
2013,919,JBTM,JBT Marel,2.0,0.0
2013,920,EVTC,Evertec,2.0,0.0
2013,921,GVA,Granite Construction,2.0,0.0
2013,922,NNI,Nelnet,2.0,0.0
2013,923,HTLD,Heartland Express,2.0,0.0
2013,924,AMKR,Amkor Technology,2.0,0.0
2013,925,SSD,Simpson Manufacturing Co.,2.0,0.0
2013,926,MASI,Masimo,2.0,0.0
2013,927,SCL,Stepan,1.0,0.0
2013,928,WERN,Werner Enterprises,1.0,0.0
2013,929,PZZA,Papa Johns International,1.0,0.0
2013,930,BKNG,Booking Holdings,1.0,0.0
2013,931,MWA,Mueller Water Products,1.0,0.0
2013,932,AZZ,Azz,1.0,0.0
2013,933,FICO,Fair Isaac,1.0,0.0
2013,934,DBA,Invesco Db Agriculture Fund,1.0,0.0
2013,935,EHTH,eHealth,1.0,0.0
2013,936,CSR,Centerspace,1.0,0.0
2013,937,ASGN,Asgn,1.0,0.0
2013,938,ABCB,Ameris Ban,1.0,0.0
2013,939,CAR,Avis Budget Group,1.0,0.0
2013,940,WABC,Westamerica Ban,1.0,0.0
2013,941,BCO,Brinks,1.0,0.0
2013,942,PTCT,Ptc Therapeutics,1.0,0.0
2013,943,ACTG,Acacia Research,1.0,0.0
2013,944,GDOT,Green Dot,1.0,0.0
2013,945,CACC,Credit Acceptance,1.0,0.0
2013,946,ITGR,Integer Holdings,1.0,0.0
2013,947,BRC,Brady,1.0,0.0
2013,948,CMPR,Cimpress,1.0,0.0
2013,949,CWT,California Water Service Group,1.0,0.0
2013,950,FWRD,Forward Air,1.0,0.0
2013,951,NPKI,NPK International,1.0,0.0
2013,952,UVV,Universal Corp /Va/,1.0,0.0
2013,953,WSFS,Wsfs Financial,1.0,0.0
2013,954,HLIO,Helios Technologies,1.0,0.0
2013,955,NBTB,Nbt Bancorp,1.0,0.0
2013,956,FDP,Fresh Del Monte Produce,1.0,0.0
2013,957,CXT,Crane NXT,1.0,0.0
2013,958,KWR,Quaker Chemical,1.0,0.0
2013,959,VRTS,Virtus Investment Partners,1.0,0.0
2013,960,GPRE,Green Plains,1.0,0.0
2013,961,TREX,Trex Co,1.0,0.0
2013,962,CALM,Cal-Maine Foods,1.0,0.0
2013,963,AVAV,AeroVironment,1.0,0.0
2013,964,MDXG,Mimedx Group,1.0,0.0
2013,965,LPX,Louisiana-Pacific,1.0,0.0
2013,966,FRME,First Merchants,1.0,0.0
2013,967,RH,Rh,1.0,0.0
2013,968,ABR,Arbor Realty Trust,1.0,0.0
2013,969,MTSI,MACOM Technology Solutions Holdings,1.0,0.0
2013,970,TILE,Interface,1.0,0.0
2013,971,HMN,Horace Mann Educators Corp,1.0,0.0
2013,972,AXON,Axon Enterprise,1.0,0.0
2013,973,FCN,Fti Consulting,1.0,0.0
2013,974,WOR,Worthington Enterprises,1.0,0.0
2013,975,KTOS,Kratos Defense & Security Solutions,1.0,0.0
2013,976,WMK,Weis Markets,1.0,0.0
2013,977,DMLP,"Dorchester Minerals, L.P.",1.0,0.0
2013,978,SPXC,SPX Technologies,1.0,0.0
2013,979,CERS,Cerus,1.0,0.0
2013,980,HTO,H2O America,1.0,0.0
2013,981,AIR,Aar,1.0,0.0
2013,982,EBS,Emergent BioSolutions,1.0,0.0
2013,983,IART,Integra Lifesciences Holdings,1.0,0.0
2013,984,KFY,Korn Ferry,1.0,0.0
2013,985,PLCE,Childrens Place,1.0,0.0
2013,986,GLP,Global Partners,1.0,0.0
2013,987,KAR,Openlane,1.0,0.0
2013,988,AAOI,Applied Optoelectronics,1.0,0.0
2013,989,CNMD,Conmed,1.0,0.0
2013,990,AAON,Aaon,1.0,0.0
2013,991,BGC,BGC Group,1.0,0.0
2013,992,RGR,Sturm Ruger & Co,1.0,0.0
2013,993,VCYT,Veracyte,1.0,0.0
2013,994,GEF,Greif,1.0,0.0
2013,995,IPAR,Interparfums,1.0,0.0
2013,996,OMCL,Omnicell,1.0,0.0
2013,997,IOSP,Innospec,1.0,0.0
2013,998,KALU,Kaiser Aluminum,1.0,0.0
2013,999,ARQ,Arq,1.0,0.0
2013,1000,CHEF,Chefs' Warehouse,1.0,0.0
2014,1,AAPL,Apple,664.0,3.5
2014,2,XOM,Exxon Mobil,383.0,2.0
2014,3,GOOGL,Alphabet,361.0,1.9
2014,4,MSFT,Microsoft,345.0,1.8
2014,5,BRK-B,Berkshire Hathaway,324.0,1.7
2014,6,JNJ,Johnson & Johnson,253.0,1.3
2014,7,WMT,Walmart,246.0,1.3
2014,8,CVX,Chevron,223.0,1.2
2014,9,PG,Procter & Gamble,212.0,1.1
2014,10,META,Meta Platforms,198.0,1.0
2014,11,VZ,Verizon Communications,197.0,1.0
2014,12,PFE,Pfizer,196.0,1.0
2014,13,INTC,Intel,189.0,1.0
2014,14,KO,Coca Cola,182.0,1.0
2014,15,T,AT&T,174.0,0.9
2014,16,JPM,JPMorgan Chase,170.0,0.9
2014,17,WFC,Wells Fargo & Company/Mn,169.0,0.9
2014,18,MRK,Merck & Co.,161.0,0.8
2014,19,IBM,International Business Machines,159.0,0.8
2014,20,PM,Philip Morris International,147.0,0.8
2014,21,AMZN,Amazon Com,144.0,0.8
2014,22,CMCSA,Comcast,142.0,0.7
2014,23,V,Visa,134.0,0.7
2014,24,PEP,Pepsico,133.0,0.7
2014,25,BA,Boeing,132.0,0.7
2014,26,BAC,Bank Of America Corp,130.0,0.7
2014,27,SLB,Schlumberger Limited/Nv,128.0,0.7
2014,28,GE,GE Aerospace,127.0,0.7
2014,29,CVS,Cvs Health,123.0,0.6
2014,30,ORCL,Oracle,122.0,0.6
2014,31,BMY,Bristol Myers Squibb,120.0,0.6
2014,32,PCG,Pg&E,117.0,0.6
2014,33,GILD,Gilead Sciences,117.0,0.6
2014,34,ABBV,AbbVie,116.0,0.6
2014,35,ENB,Enbridge,112.0,0.6
2014,36,MMM,3M,104.0,0.5
2014,37,RTX,Rtx,103.0,0.5
2014,38,KDP,Keurig Dr Pepper,98.0,0.5
2014,39,HD,Home Depot,97.0,0.5
2014,40,KMI,Kinder Morgan,94.0,0.5
2014,41,C,Citigroup,94.0,0.5
2014,42,CSCO,Cisco Systems,94.0,0.5
2014,43,UNH,Unitedhealth Group,92.0,0.5
2014,44,WBD,Warner Bros. Discovery,86.0,0.5
2014,45,AMGN,Amgen,86.0,0.5
2014,46,NKE,Nike,86.0,0.4
2014,47,MDT,Medtronic,85.0,0.4
2014,48,COP,Conocophillips,85.0,0.4
2014,49,MO,Altria Group,82.0,0.4
2014,50,QCOM,Qualcomm Inc,81.0,0.4
2014,51,UPS,United Parcel Service,79.0,0.4
2014,52,ABT,Abbott Laboratories,78.0,0.4
2014,53,HON,Honeywell International,78.0,0.4
2014,54,EPD,Enterprise Products Partners L.P.,78.0,0.4
2014,55,MA,Mastercard,77.0,0.4
2014,56,MPLX,Mplx,75.0,0.4
2014,57,OXY,Occidental Petroleum Corp,72.0,0.4
2014,58,UNP,Union Pacific,71.0,0.4
2014,59,USB,Us Bancorp \De\,70.0,0.4
2014,60,D,Dominion Energy,68.0,0.4
2014,61,LLY,Eli Lilly,65.0,0.3
2014,62,DUK,Duke Energy,65.0,0.3
2014,63,AXP,American Express,63.0,0.3
2014,64,MDLZ,Mondelez International,63.0,0.3
2014,65,COST,Costco Wholesale Corp,62.0,0.3
2014,66,F,Ford Motor,62.0,0.3
2014,67,SBUX,Starbucks,61.0,0.3
2014,68,MET,Metlife,61.0,0.3
2014,69,MS,Morgan Stanley,61.0,0.3
2014,70,DHR,Danaher Corp,60.0,0.3
2014,71,IEP,Icahn Enterprises L.P.,59.0,0.3
2014,72,GS,Goldman Sachs Group,59.0,0.3
2014,73,PLDGP,Prologis,58.0,0.3
2014,74,BKR,Baker Hughes,56.0,0.3
2014,75,CRM,Salesforce,56.0,0.3
2014,76,CL,Colgate Palmolive,56.0,0.3
2014,77,SO,Southern,55.0,0.3
2014,78,WMB,Williams Companies,55.0,0.3
2014,79,CCL,Carnival,55.0,0.3
2014,80,BHC,Bausch Health Companies,53.0,0.3
2014,81,ACN,Accenture,53.0,0.3
2014,82,WELL,Welltower,53.0,0.3
2014,83,SCHW,Schwab Charles,53.0,0.3
2014,84,TDW,Tidewater,52.0,0.3
2014,85,COF,Capital One Financial,52.0,0.3
2014,86,MARA,MARA Holdings,51.0,0.3
2014,87,FREJP,Federal Home Loan Mortgage,51.0,0.3
2014,88,BIIB,Biogen,50.0,0.3
2014,89,EOG,Eog Resources,49.0,0.3
2014,90,TXN,Texas Instruments,49.0,0.3
2014,91,TFC,Truist Financial,49.0,0.3
2014,92,NEE,Nextera Energy,47.0,0.2
2014,93,TJX,Tjx Companies Inc,47.0,0.2
2014,94,TMO,Thermo Fisher Scientific,47.0,0.2
2014,95,AMT,American Tower Corp /Ma/,46.0,0.2
2014,96,CB,Chubb,45.0,0.2
2014,97,LMT,Lockheed Martin,44.0,0.2
2014,98,O,Realty Income,43.0,0.2
2014,99,REGN,Regeneron Pharmaceuticals,43.0,0.2
2014,100,FDX,Fedex,43.0,0.2
2014,101,CAT,Caterpillar,42.0,0.2
2014,102,MU,Micron Technology,41.0,0.2
2014,103,PLD,Prologis,40.0,0.2
2014,104,BAX,Baxter International,40.0,0.2
2014,105,LUMN,Lumen Technologies,40.0,0.2
2014,106,LVS,Las Vegas Sands,39.0,0.2
2014,107,VTR,Ventas,38.0,0.2
2014,108,KMB,Kimberly Clark,38.0,0.2
2014,109,DVN,Devon Energy Corp,38.0,0.2
2014,110,GD,General Dynamics,37.0,0.2
2014,111,PNC,Pnc Financial Services Group,37.0,0.2
2014,112,CSX,Csx,37.0,0.2
2014,113,PAA,Plains All American Pipeline,36.0,0.2
2014,114,SYK,Stryker,36.0,0.2
2014,115,AAL,American Airlines Group,35.0,0.2
2014,116,EMR,Emerson Electric,35.0,0.2
2014,117,CCI,Crown Castle,34.0,0.2
2014,118,FCX,Freeport-Mcmoran,34.0,0.2
2014,119,ADP,Automatic Data Processing,33.0,0.2
2014,120,CP,Canadian Pacific Kansas City Ltd/Cn,33.0,0.2
2014,121,AEP,American Electric Power Co,33.0,0.2
2014,122,HAL,Halliburton,33.0,0.2
2014,123,VFC,V F,32.0,0.2
2014,124,PSA,Public Storage,32.0,0.2
2014,125,DAL,Delta Air Lines,32.0,0.2
2014,126,LOW,Lowes Companies,32.0,0.2
2014,127,FIS,Fidelity National Information Services,32.0,0.2
2014,128,EXC,Exelon,32.0,0.2
2014,129,CME,Cme Group,32.0,0.2
2014,130,GM,General Motors,31.0,0.2
2014,131,PRU,Prudential Financial,31.0,0.2
2014,132,PPG,Ppg Industries,31.0,0.2
2014,133,OKE,Oneok Inc /New/,31.0,0.2
2014,134,NLY,Annaly Capital Management,31.0,0.2
2014,135,APD,Air Products & Chemicals,31.0,0.2
2014,136,VRTX,Vertex Pharmaceuticals Inc / Ma,30.0,0.2
2014,137,ADBE,Adobe,30.0,0.2
2014,138,AIG,American International Group,30.0,0.2
2014,139,TMUS,T-Mobile US,30.0,0.2
2014,140,ECL,Ecolab,29.0,0.2
2014,141,BEN,Franklin Resources,29.0,0.2
2014,142,PSX,Phillips 66,29.0,0.2
2014,143,JCI,Johnson Controls International,28.0,0.1
2014,144,KR,Kroger,28.0,0.1
2014,145,MMC,Marsh & Mclennan Companies,28.0,0.1
2014,146,TGT,Target,28.0,0.1
2014,147,BK,Bank of New York Mellon,28.0,0.1
2014,148,TSLA,Tesla,28.0,0.1
2014,149,ELV,Elevance Health,28.0,0.1
2014,150,GIS,General Mills,28.0,0.1
2014,151,EL,Estee Lauder Companies,28.0,0.1
2014,152,SRE,Sempra,27.0,0.1
2014,153,ITW,Illinois Tool Works,27.0,0.1
2014,154,ILMN,Illumina,27.0,0.1
2014,155,AFL,Aflac,27.0,0.1
2014,156,EQR,Equity Residential,27.0,0.1
2014,157,BDX,Becton Dickinson,27.0,0.1
2014,158,AILIP,Ameren Illinois,27.0,0.1
2014,159,SPGI,S&P Global,26.0,0.1
2014,160,ETN,Eaton Corp,26.0,0.1
2014,161,BX,Blackstone,26.0,0.1
2014,162,AILIH,Ameren Illinois,26.0,0.1
2014,163,WY,Weyerhaeuser,26.0,0.1
2014,164,IFF,International Flavors & Fragrances,26.0,0.1
2014,165,EQT,Eqt,26.0,0.1
2014,166,MPC,Marathon Petroleum,26.0,0.1
2014,167,MCK,Mckesson,26.0,0.1
2014,168,LYB,LyondellBasell Industries N.V.,26.0,0.1
2014,169,EIX,Edison International,25.0,0.1
2014,170,CTSH,Cognizant Technology Solutions,25.0,0.1
2014,171,ADM,Archer-Daniels-Midland,25.0,0.1
2014,172,AGNC,AGNC Investment,25.0,0.1
2014,173,SHW,Sherwin Williams,25.0,0.1
2014,174,ICE,Intercontinental Exchange,25.0,0.1
2014,175,NSC,Norfolk Southern,25.0,0.1
2014,176,INTU,Intuit,24.0,0.1
2014,177,WDAY,Workday,24.0,0.1
2014,178,PPL,Ppl,24.0,0.1
2014,179,ADI,Analog Devices,24.0,0.1
2014,180,PCAR,Paccar,24.0,0.1
2014,181,IP,International Paper Co /New/,24.0,0.1
2014,182,ED,Consolidated Edison,24.0,0.1
2014,183,WES,Western Midstream Partners,24.0,0.1
2014,184,NOV,Nov,24.0,0.1
2014,185,DE,Deere,23.0,0.1
2014,186,OMC,Omnicom Group,23.0,0.1
2014,187,AVB,Avalonbay Communities,23.0,0.1
2014,188,DLR,Digital Realty Trust,23.0,0.1
2014,189,TRGP,Targa Resources,23.0,0.1
2014,190,SCCO,Southern Copper Corp/,23.0,0.1
2014,191,FE,Firstenergy,23.0,0.1
2014,192,TRV,Travelers Companies,23.0,0.1
2014,193,CTRA,Coterra Energy,22.0,0.1
2014,194,XEL,Xcel Energy,22.0,0.1
2014,195,WDC,Western Digital,22.0,0.1
2014,196,EQIX,Equinix,22.0,0.1
2014,197,RCL,Royal Caribbean Cruises,22.0,0.1
2014,198,VNO,Vornado Realty Trust,22.0,0.1
2014,199,STT,State Street,22.0,0.1
2014,200,MAC,Macerich,22.0,0.1
2014,201,UAL,United Airlines Holdings,22.0,0.1
2014,202,K,Kellanova,22.0,0.1
2014,203,IMO,Imperial Oil,21.0,0.1
2014,204,NCLH,Norwegian Cruise Line Holdings,21.0,0.1
2014,205,CMG,Chipotle Mexican Grill,21.0,0.1
2014,206,APTV,Aptiv,21.0,0.1
2014,207,HSY,Hershey,21.0,0.1
2014,208,LUV,Southwest Airlines,21.0,0.1
2014,209,NOC,Northrop Grumman Corp,21.0,0.1
2014,210,CHTR,"Charter Communications, Inc. /Mo/",21.0,0.1
2014,211,MAR,Marriott International Inc /Md/,21.0,0.1
2014,212,KKR,KKR & Co.,21.0,0.1
2014,213,WM,Waste Management,21.0,0.1
2014,214,PEG,Public Service Enterprise Group,21.0,0.1
2014,215,NFLX,Netflix,21.0,0.1
2014,216,NEM,NEWMONT Corp,21.0,0.1
2014,217,BXP,Bxp,20.0,0.1
2014,218,AON,Aon,20.0,0.1
2014,219,DOC,Healthpeak Properties,20.0,0.1
2014,220,ES,Eversource Energy,20.0,0.1
2014,221,CMI,Cummins,20.0,0.1
2014,222,BSX,Boston Scientific,20.0,0.1
2014,223,GLW,Corning Inc /Ny,20.0,0.1
2014,224,HBAN,Huntington Bancshares Inc /Md/,20.0,0.1
2014,225,ORLY,O Reilly Automotive,20.0,0.1
2014,226,SYY,Sysco,19.0,0.1
2014,227,NVAX,Novavax,19.0,0.1
2014,228,ISRG,Intuitive Surgical,19.0,0.1
2014,229,NXPI,NXP Semiconductors N.V.,19.0,0.1
2014,230,ZBH,Zimmer Biomet Holdings,19.0,0.1
2014,231,CAH,Cardinal Health,19.0,0.1
2014,232,TEL,TE Connectivity,19.0,0.1
2014,233,TROW,Price T Rowe Group,19.0,0.1
2014,234,MTB,M&T Bank,19.0,0.1
2014,235,ALL,Allstate,18.0,0.1
2014,236,CLDX,Celldex Therapeutics,18.0,0.1
2014,237,COTY,Coty,18.0,0.1
2014,238,MNST,Monster Beverage,18.0,0.1
2014,239,ZTS,Zoetis,18.0,0.1
2014,240,ARR,Armour Residential REIT,18.0,0.1
2014,241,IVZ,Invesco,18.0,0.1
2014,242,COR,Cencora,18.0,0.1
2014,243,BMRN,Biomarin Pharmaceutical,17.0,0.1
2014,244,HUM,Humana,17.0,0.1
2014,245,STZ,Constellation Brands,17.0,0.1
2014,246,WEC,Wec Energy Group,17.0,0.1
2014,247,TT,Trane Technologies,17.0,0.1
2014,248,EMN,Eastman Chemical,17.0,0.1
2014,249,PAYX,Paychex,17.0,0.1
2014,250,KIM,Kimco Realty,17.0,0.1
2014,251,FANG,Diamondback Energy,17.0,0.1
2014,252,FITB,Fifth Third Ban,17.0,0.1
2014,253,MCO,Moodys Corp,17.0,0.1
2014,254,APH,Amphenol Corp,17.0,0.1
2014,255,AMAT,Applied Materials Inc,17.0,0.1
2014,256,ROST,Ross Stores,17.0,0.1
2014,257,HST,Host Hotels & Resorts,16.0,0.1
2014,258,HCA,HCA Healthcare,16.0,0.1
2014,259,ROP,Roper Technologies,16.0,0.1
2014,260,PH,Parker-Hannifin,16.0,0.1
2014,261,BFH,Bread Financial Holdings,16.0,0.1
2014,262,NWL,Newell Brands,16.0,0.1
2014,263,PGR,Progressive Corp/Oh/,16.0,0.1
2014,264,ETR,Entergy Corp,16.0,0.1
2014,265,CQP,"Cheniere Energy Partners, L.P.",15.0,0.1
2014,266,CNP,Centerpoint Energy,15.0,0.1
2014,267,WYNN,Wynn Resorts,15.0,0.1
2014,268,DTE,Dte Energy,15.0,0.1
2014,269,M,Macy's,15.0,0.1
2014,270,WPC,W. P. Carey,15.0,0.1
2014,271,KEY,Keycorp /New/,15.0,0.1
2014,272,ARE,Alexandria Real Estate Equities,15.0,0.1
2014,273,CAG,Conagra Brands,15.0,0.1
2014,274,HPQ,Hp,15.0,0.1
2014,275,SWK,Stanley Black & Decker,15.0,0.1
2014,276,LNG,Cheniere Energy,15.0,0.1
2014,277,VLO,Valero Energy Corp/Tx,15.0,0.1
2014,278,WAB,Westinghouse Air Brake Technologies,15.0,0.1
2014,279,GPC,Genuine Parts,15.0,0.1
2014,280,LC,LendingClub,15.0,0.1
2014,281,INCY,Incyte,15.0,0.1
2014,282,YUM,Yum Brands,15.0,0.1
2014,283,MOS,Mosaic,14.0,0.1
2014,284,UAA,Under Armour,14.0,0.1
2014,285,TAP,Molson Coors Beverage,14.0,0.1
2014,286,FAST,Fastenal,14.0,0.1
2014,287,APO,Apollo Global Management,14.0,0.1
2014,288,GEN,Gen Digital,14.0,0.1
2014,289,GAP,Gap,14.0,0.1
2014,290,HRL,Hormel Foods Corp,14.0,0.1
2014,291,DG,Dollar General,14.0,0.1
2014,292,EW,Edwards Lifesciences,14.0,0.1
2014,293,QSR,Restaurant Brands International,14.0,0.1
2014,294,PAGP,Plains Gp Holdings,14.0,0.1
2014,295,LHX,"L3Harris Technologies, Inc.",14.0,0.1
2014,296,NI,Nisource,13.0,0.1
2014,297,ESS,Essex Property Trust,13.0,0.1
2014,298,CF,CF Industries Holdings,13.0,0.1
2014,299,CPB,Campbell's,13.0,0.1
2014,300,LRCX,Lam Research,13.0,0.1
2014,301,ALNY,Alnylam Pharmaceuticals,13.0,0.1
2014,302,ORC,Orchid Island Capital,13.0,0.1
2014,303,BF-A,Brown Forman,13.0,0.1
2014,304,CNC,Centene,13.0,0.1
2014,305,AEE,Ameren,13.0,0.1
2014,306,EG,Everest Group,13.0,0.1
2014,307,PNR,Pentair,13.0,0.1
2014,308,CLX,Clorox Co,13.0,0.1
2014,309,AR,Antero Resources,13.0,0.1
2014,310,RRC,Range Resources,13.0,0.1
2014,311,NTRS,Northern Trust,13.0,0.1
2014,312,ROK,Rockwell Automation,12.0,0.1
2014,313,BWA,Borgwarner,12.0,0.1
2014,314,RSG,Republic Services,12.0,0.1
2014,315,STX,Seagate Technology Holdings,12.0,0.1
2014,316,EXR,Extra Space Storage,12.0,0.1
2014,317,AMP,Ameriprise Financial,12.0,0.1
2014,318,HLT,Hilton Worldwide Holdings,12.0,0.1
2014,319,ADSK,Autodesk,12.0,0.1
2014,320,AJG,Arthur J. Gallagher,12.0,0.1
2014,321,GWW,W.W. Grainger,12.0,0.1
2014,322,AME,Ametek Inc/,12.0,0.1
2014,323,DLTR,Dollar Tree,12.0,0.1
2014,324,SIRI,Sirius Xm Holdings,12.0,0.1
2014,325,EA,Electronic Arts,12.0,0.1
2014,326,SBAC,Sba Communications,12.0,0.1
2014,327,DOV,Dover,12.0,0.1
2014,328,REG,Regency Centers,12.0,0.1
2014,329,TDG,TransDigm Group,12.0,0.1
2014,330,HSIC,Henry Schein,12.0,0.1
2014,331,HIG,Hartford Insurance Group,12.0,0.1
2014,332,IRM,Iron Mountain,12.0,0.1
2014,333,FRT,Federal Realty Investment Trust,11.0,0.1
2014,334,XPRO,Expro Group Holdings N.V.,11.0,0.1
2014,335,HPP,Hudson Pacific Properties,11.0,0.1
2014,336,NUE,Nucor,11.0,0.1
2014,337,RL,Ralph Lauren,11.0,0.1
2014,338,PFG,Principal Financial Group,11.0,0.1
2014,339,WTW,Willis Towers Watson,11.0,0.1
2014,340,A,Agilent Technologies,11.0,0.1
2014,341,MSI,Motorola Solutions,11.0,0.1
2014,342,SJM,J M Smucker,11.0,0.1
2014,343,LNC,Lincoln National,11.0,0.1
2014,344,XRAY,Dentsply Sirona,11.0,0.1
2014,345,CMS,Cms Energy,11.0,0.1
2014,346,CHD,Church & Dwight Co Inc,11.0,0.1
2014,347,TSCO,Tractor Supply Co,11.0,0.1
2014,348,CFG,Citizens Financial Group Inc/Ri,11.0,0.1
2014,349,EBAY,Ebay,11.0,0.1
2014,350,CNA,Cna Financial,10.0,0.1
2014,351,EXPE,Expedia Group,10.0,0.1
2014,352,AWK,American Water Works Company,10.0,0.1
2014,353,GRMN,Garmin,10.0,0.1
2014,354,CINF,Cincinnati Financial,10.0,0.1
2014,355,IONS,Ionis Pharmaceuticals,10.0,0.1
2014,356,ESPR,Esperion Therapeutics,10.0,0.1
2014,357,NOW,ServiceNow,10.0,0.1
2014,358,JAZZ,Jazz Pharmaceuticals,10.0,0.1
2014,359,NVDA,NVIDIA,10.0,0.1
2014,360,UDR,Udr,10.0,0.1
2014,361,CBRE,Cbre Group,10.0,0.1
2014,362,CPAY,Corpay,10.0,0.1
2014,363,SYF,Synchrony Financial,10.0,0.1
2014,364,MKC,Mccormick & Co,10.0,0.1
2014,365,CRK,Comstock Resources,10.0,0.1
2014,366,IQV,Iqvia Holdings,10.0,0.1
2014,367,CG,Carlyle Group,10.0,0.1
2014,368,AES,Aes,10.0,0.1
2014,369,ALV,Autoliv,10.0,0.1
2014,370,ALKS,Alkermes plc.,10.0,0.1
2014,371,EFX,Equifax,10.0,0.1
2014,372,MHK,Mohawk Industries,10.0,0.1
2014,373,CUK,Carnival,10.0,0.1
2014,374,HR,Healthcare Realty Trust,9.0,0.0
2014,375,BALL,Ball,9.0,0.0
2014,376,AZO,Autozone,9.0,0.0
2014,377,MKL,Markel Group,9.0,0.0
2014,378,PGEN,Precigen,9.0,0.0
2014,379,ATO,Atmos Energy,9.0,0.0
2014,380,XYL,Xylem,9.0,0.0
2014,381,MCHP,Microchip Technology,9.0,0.0
2014,382,FLR,Fluor,9.0,0.0
2014,383,KLAC,Kla,9.0,0.0
2014,384,LH,Labcorp Holdings,9.0,0.0
2014,385,AKAM,Akamai Technologies,9.0,0.0
2014,386,RF,Regions Financial,9.0,0.0
2014,387,MAT,Mattel Inc,9.0,0.0
2014,388,ST,Sensata Technologies Holding,9.0,0.0
2014,389,SLG,Sl Green Realty,9.0,0.0
2014,390,CHRW,C. H. Robinson Worldwide,9.0,0.0
2014,391,NWSA,News,9.0,0.0
2014,392,MAA,Mid America Apartment Communities,9.0,0.0
2014,393,BKD,Brookdale Senior Living,9.0,0.0
2014,394,MAS,Masco Corp,9.0,0.0
2014,395,TNDM,Tandem Diabetes Care,9.0,0.0
2014,396,PII,Polaris,9.0,0.0
2014,397,L,Loews,9.0,0.0
2014,398,TRIP,TripAdvisor,9.0,0.0
2014,399,STWD,Starwood Property Trust,9.0,0.0
2014,400,CTAS,Cintas,9.0,0.0
2014,401,VMC,Vulcan Materials,9.0,0.0
2014,402,PANW,Palo Alto Networks,9.0,0.0
2014,403,CUKPF,Carnival,8.0,0.0
2014,404,VRSK,Verisk Analytics,8.0,0.0
2014,405,NWBO,Northwest Biotherapeutics,8.0,0.0
2014,406,GLPI,Gaming & Leisure Properties,8.0,0.0
2014,407,SWKS,Skyworks Solutions,8.0,0.0
2014,408,JEF,Jefferies Financial Group,8.0,0.0
2014,409,MPW,Medical Properties Trust,8.0,0.0
2014,410,GT,Goodyear Tire & Rubber Co /Oh/,8.0,0.0
2014,411,KRC,Kilroy Realty,8.0,0.0
2014,412,PNW,Pinnacle West Capital,8.0,0.0
2014,413,UGI,Ugi Corp /Pa/,8.0,0.0
2014,414,RMD,Resmed,8.0,0.0
2014,415,AAP,Advance Auto Parts,8.0,0.0
2014,416,NTAP,NetApp,8.0,0.0
2014,417,PPC,Pilgrims Pride,8.0,0.0
2014,418,NDAQ,Nasdaq,8.0,0.0
2014,419,KMX,Carmax,8.0,0.0
2014,420,MNKD,Mannkind,8.0,0.0
2014,421,COLB,Columbia Banking System,8.0,0.0
2014,422,SABR,Sabre,8.0,0.0
2014,423,JBHT,Hunt J B Transport Services,8.0,0.0
2014,424,COO,Cooper Companies,8.0,0.0
2014,425,SNPS,Synopsys,8.0,0.0
2014,426,WLK,Westlake,8.0,0.0
2014,427,HAS,Hasbro,8.0,0.0
2014,428,CNX,CNX Resources,8.0,0.0
2014,429,SM,SM Energy,8.0,0.0
2014,430,SBRA,Sabra Health Care REIT,8.0,0.0
2014,431,BRX,Brixmor Property Group,8.0,0.0
2014,432,FLS,Flowserve,8.0,0.0
2014,433,IPG,Interpublic Group Of Companies,8.0,0.0
2014,434,VSAT,Viasat,8.0,0.0
2014,435,WTRG,Essential Utilities,8.0,0.0
2014,436,ACGL,Arch Capital Group,8.0,0.0
2014,437,RJF,Raymond James Financial,8.0,0.0
2014,438,CPT,Camden Property Trust,8.0,0.0
2014,439,FFIV,F5,8.0,0.0
2014,440,TPR,Tapestry,8.0,0.0
2014,441,NNN,Nnn Reit,7.0,0.0
2014,442,SUI,Sun Communities,7.0,0.0
2014,443,LNT,Alliant Energy,7.0,0.0
2014,444,DGX,Quest Diagnostics,7.0,0.0
2014,445,HOG,Harley-Davidson,7.0,0.0
2014,446,TXT,Textron,7.0,0.0
2014,447,OGE,Oge Energy,7.0,0.0
2014,448,ALLY,Ally Financial,7.0,0.0
2014,449,MUR,Murphy Oil,7.0,0.0
2014,450,DHI,Horton D R Inc,7.0,0.0
2014,451,BBY,Best Buy Co,7.0,0.0
2014,452,LKQ,Lkq,7.0,0.0
2014,453,FBIN,Fortune Brands Innovations,7.0,0.0
2014,454,DRI,Darden Restaurants,7.0,0.0
2014,455,SNA,Snap-on,7.0,0.0
2014,456,OTEX,Open Text,7.0,0.0
2014,457,ALB,Albemarle,7.0,0.0
2014,458,IDXX,Idexx Laboratories Inc,7.0,0.0
2014,459,HKHC,Horizon Kinetics Holding,7.0,0.0
2014,460,JLL,Jones Lang Lasalle,7.0,0.0
2014,461,TWO,Two Harbors Investment,7.0,0.0
2014,462,ALK,Alaska Air Group,7.0,0.0
2014,463,TRMB,Trimble,7.0,0.0
2014,464,UHS,Universal Health Services,7.0,0.0
2014,465,HP,Helmerich & Payne,7.0,0.0
2014,466,GRPN,Groupon,7.0,0.0
2014,467,WAT,Waters Corp,7.0,0.0
2014,468,ODFL,Old Dominion Freight Line,7.0,0.0
2014,469,CBOE,Cboe Global Markets,7.0,0.0
2014,470,MLM,Martin Marietta Materials,7.0,0.0
2014,471,SSB,SouthState,7.0,0.0
2014,472,CE,Celanese,7.0,0.0
2014,473,FHN,First Horizon,7.0,0.0
2014,474,WRB,Berkley W R,6.0,0.0
2014,475,MELI,Mercadolibre,6.0,0.0
2014,476,URI,United Rentals,6.0,0.0
2014,477,PTEN,Patterson Uti Energy,6.0,0.0
2014,478,SEE,Sealed Air Corp,6.0,0.0
2014,479,AMH,American Homes 4 Rent,6.0,0.0
2014,480,WULF,Terawulf,6.0,0.0
2014,481,ARMK,Aramark,6.0,0.0
2014,482,MTD,Mettler Toledo International Inc/,6.0,0.0
2014,483,RPM,Rpm International Inc,6.0,0.0
2014,484,KSS,Kohls,6.0,0.0
2014,485,LYV,Live Nation Entertainment,6.0,0.0
2014,486,HOLX,Hologic,6.0,0.0
2014,487,WSM,Williams Sonoma,6.0,0.0
2014,488,CMA,Comerica Inc /New/,6.0,0.0
2014,489,EXPD,Expeditors International Of Washington,6.0,0.0
2014,490,RGA,Reinsurance Group Of America,6.0,0.0
2014,491,CSGP,Costar Group,6.0,0.0
2014,492,GNK,Genco Shipping & Trading,6.0,0.0
2014,493,JBLU,Jetblue Airways,6.0,0.0
2014,494,OII,Oceaneering International,6.0,0.0
2014,495,KRG,Kite Realty Group Trust,6.0,0.0
2014,496,SLNO,Soleno Therapeutics,6.0,0.0
2014,497,RHI,Robert Half,6.0,0.0
2014,498,LEG,Leggett & Platt,6.0,0.0
2014,499,GPN,Global Payments,6.0,0.0
2014,500,IEX,Idex Corp,6.0,0.0
2014,501,HE,Hawaiian Electric Industries,6.0,0.0
2014,502,CCK,Crown Holdings,6.0,0.0
2014,503,J,Jacobs Solutions,6.0,0.0
2014,504,STGW,Stagwell,6.0,0.0
2014,505,ONB,Old National Bancorp /In/,6.0,0.0
2014,506,UNM,Unum Group,6.0,0.0
2014,507,AROC,Archrock,6.0,0.0
2014,508,HUBB,Hubbell,6.0,0.0
2014,509,ESI,Element Solutions,6.0,0.0
2014,510,WU,Western Union,6.0,0.0
2014,511,IT,Gartner,6.0,0.0
2014,512,UHAL,U-Haul Holding Co /NV/,6.0,0.0
2014,513,ACHC,Acadia Healthcare Company,6.0,0.0
2014,514,UTHR,United Therapeutics,6.0,0.0
2014,515,ARLP,Alliance Resource Partners,6.0,0.0
2014,516,MGM,MGM Resorts International,5.0,0.0
2014,517,KNX,Knight-Swift Transportation Holdings,5.0,0.0
2014,518,WCN,Waste Connections,5.0,0.0
2014,519,LAMR,Lamar Advertising Co,5.0,0.0
2014,520,MSTR,Microstrategy,5.0,0.0
2014,521,KEYS,Keysight Technologies,5.0,0.0
2014,522,BR,Broadridge Financial Solutions,5.0,0.0
2014,523,ARES,Ares Management,5.0,0.0
2014,524,CUZ,Cousins Properties,5.0,0.0
2014,525,INGR,Ingredion,5.0,0.0
2014,526,MD,Pediatrix Medical Group,5.0,0.0
2014,527,EWBC,East West Bancorp,5.0,0.0
2014,528,RGLD,Royal Gold,5.0,0.0
2014,529,GSAT,Globalstar,5.0,0.0
2014,530,INVX,Innovex International,5.0,0.0
2014,531,ULTA,Ulta Beauty,5.0,0.0
2014,532,DHC,Diversified Healthcare Trust,5.0,0.0
2014,533,OCUL,Ocular Therapeutix,5.0,0.0
2014,534,TYL,Tyler Technologies,5.0,0.0
2014,535,WBS,Webster Financial,5.0,0.0
2014,536,EXAS,Exact Sciences,5.0,0.0
2014,537,UBSI,United Bankshares Inc/Wv,5.0,0.0
2014,538,VRSN,Verisign Inc/Ca,5.0,0.0
2014,539,GEL,Genesis Energy,5.0,0.0
2014,540,TTWO,Take Two Interactive Software,5.0,0.0
2014,541,NRG,Nrg Energy,5.0,0.0
2014,542,PEB,Pebblebrook Hotel Trust,5.0,0.0
2014,543,CDNS,Cadence Design Systems,5.0,0.0
2014,544,PB,Prosperity Bancshares,5.0,0.0
2014,545,DVA,Davita,5.0,0.0
2014,546,FTNT,Fortinet,5.0,0.0
2014,547,ENOV,Enovis,5.0,0.0
2014,548,AFG,American Financial Group,5.0,0.0
2014,549,CUBE,CubeSmart,5.0,0.0
2014,550,FDS,Factset Research Systems,5.0,0.0
2014,551,RRX,Regal Rexnord,5.0,0.0
2014,552,RLJ,RLJ Lodging Trust,5.0,0.0
2014,553,GL,Globe Life,5.0,0.0
2014,554,KOS,Kosmos Energy,5.0,0.0
2014,555,LAZ,Lazard,5.0,0.0
2014,556,DX,Dynex Capital,5.0,0.0
2014,557,RVTY,Revvity,5.0,0.0
2014,558,COMM,CommScope Holding Company,5.0,0.0
2014,559,BXMT,Blackstone Mortgage Trust,5.0,0.0
2014,560,VYX,NCR Voyix,5.0,0.0
2014,561,PBI,Pitney Bowes Inc,5.0,0.0
2014,562,VEEV,Veeva Systems,5.0,0.0
2014,563,HIW,Highwoods Properties,5.0,0.0
2014,564,TDY,Teledyne Technologies,5.0,0.0
2014,565,OUT,OUTFRONT Media,5.0,0.0
2014,566,ROL,Rollins,5.0,0.0
2014,567,GGG,Graco,5.0,0.0
2014,568,SEIC,Sei Investments,5.0,0.0
2014,569,DCI,DONALDSON Co,5.0,0.0
2014,570,LULU,lululemon athletica,5.0,0.0
2014,571,SIG,Signet Jewelers,5.0,0.0
2014,572,FSLR,First Solar,5.0,0.0
2014,573,DNOW,Dnow,5.0,0.0
2014,574,SAFE,Safehold,5.0,0.0
2014,575,ALLE,Allegion,5.0,0.0
2014,576,SSNC,SS&C Technologies Holdings,5.0,0.0
2014,577,DEI,Douglas Emmett,5.0,0.0
2014,578,FNF,Fidelity National Financial,5.0,0.0
2014,579,ATI,Ati,5.0,0.0
2014,580,BRO,Brown & Brown,5.0,0.0
2014,581,DDD,3D Systems,5.0,0.0
2014,582,ESBA,"Empire State Realty OP, L.P.",5.0,0.0
2014,583,MIDD,Middleby,5.0,0.0
2014,584,STAG,STAG Industrial,5.0,0.0
2014,585,GME,GameStop,5.0,0.0
2014,586,ARDX,Ardelyx,5.0,0.0
2014,587,LDOS,Leidos Holdings,5.0,0.0
2014,588,DBC,Invesco DB Commodity Index Tracking Fund,5.0,0.0
2014,589,CDW,Cdw,5.0,0.0
2014,590,JKHY,Jack Henry & Associates,4.0,0.0
2014,591,HII,Huntington Ingalls Industries,4.0,0.0
2014,592,EPR,Epr Properties,4.0,0.0
2014,593,EPC,Edgewell Personal Care,4.0,0.0
2014,594,OPCH,Option Care Health,4.0,0.0
2014,595,CCO,Clear Channel Outdoor Holdings,4.0,0.0
2014,596,THC,Tenet Healthcare,4.0,0.0
2014,597,WSO,Watsco,4.0,0.0
2014,598,SON,Sonoco Products,4.0,0.0
2014,599,HAIN,Hain Celestial Group,4.0,0.0
2014,600,MSM,Msc Industrial Direct Co,4.0,0.0
2014,601,PTC,Ptc,4.0,0.0
2014,602,KEX,Kirby,4.0,0.0
2014,603,UMBF,Umb Financial,4.0,0.0
2014,604,ELS,Equity Lifestyle Properties,4.0,0.0
2014,605,AMD,Advanced Micro Devices,4.0,0.0
2014,606,RARE,Ultragenyx Pharmaceutical,4.0,0.0
2014,607,ATR,Aptargroup,4.0,0.0
2014,608,PTCT,Ptc Therapeutics,4.0,0.0
2014,609,RNR,Renaissancere Holdings,4.0,0.0
2014,610,NDSN,Nordson,4.0,0.0
2014,611,PWR,Quanta Services,4.0,0.0
2014,612,DXCM,Dexcom,4.0,0.0
2014,613,SKT,Tanger,4.0,0.0
2014,614,AYI,Acuity Inc. (De),4.0,0.0
2014,615,CPRT,Copart,4.0,0.0
2014,616,OMF,OneMain Holdings,4.0,0.0
2014,617,GWRE,Guidewire Software,4.0,0.0
2014,618,DLB,Dolby Laboratories,4.0,0.0
2014,619,ERIE,Erie Indemnity,4.0,0.0
2014,620,ZION,"Zions Bancorporation, National Association /Ut/",4.0,0.0
2014,621,PLUG,Plug Power,4.0,0.0
2014,622,TFSL,TFS Financial,4.0,0.0
2014,623,ZBRA,Zebra Technologies,4.0,0.0
2014,624,UNFI,United Natural Foods,4.0,0.0
2014,625,PHM,Pultegroup Inc/Mi/,4.0,0.0
2014,626,OI,"O-I Glass, Inc.",4.0,0.0
2014,627,APAM,Artisan Partners Asset Management,4.0,0.0
2014,628,HRB,H&R Block,4.0,0.0
2014,629,CNK,Cinemark Holdings,4.0,0.0
2014,630,CLF,Cleveland-Cliffs,4.0,0.0
2014,631,TDC,Teradata Corp,4.0,0.0
2014,632,FTK,Flotek Industries Inc/Cn/,4.0,0.0
2014,633,MTCH,Match Group,4.0,0.0
2014,634,SEB,Seaboard Corp,4.0,0.0
2014,635,AVY,Avery Dennison,4.0,0.0
2014,636,ALGN,Align Technology,4.0,0.0
2014,637,BKH,Black Hills Corp /Sd/,4.0,0.0
2014,638,CBSH,Commerce Bancshares Inc /Mo/,4.0,0.0
2014,639,ON,On Semiconductor,4.0,0.0
2014,640,CIM,Chimera Investment,4.0,0.0
2014,641,ANET,Arista Networks,4.0,0.0
2014,642,HUN,Huntsman,4.0,0.0
2014,643,ACM,Aecom,4.0,0.0
2014,644,GNTX,Gentex,4.0,0.0
2014,645,CVI,Cvr Energy,4.0,0.0
2014,646,HEI,Heico,4.0,0.0
2014,647,FLO,Flowers Foods,4.0,0.0
2014,648,AL,Air Lease,4.0,0.0
2014,649,WST,West Pharmaceutical Services,4.0,0.0
2014,650,PCRX,Pacira BioSciences,4.0,0.0
2014,651,LECO,Lincoln Electric Holdings,4.0,0.0
2014,652,AXS,Axis Capital Holdings,4.0,0.0
2014,653,DKS,Dick's Sporting Goods,4.0,0.0
2014,654,ADC,Agree Realty,4.0,0.0
2014,655,BWXT,BWX Technologies,4.0,0.0
2014,656,HNI,Hni,4.0,0.0
2014,657,CMP,Compass Minerals International,4.0,0.0
2014,658,R,Ryder System,4.0,0.0
2014,659,SMG,Scotts Miracle-Gro,4.0,0.0
2014,660,ASH,Ashland,4.0,0.0
2014,661,CXW,CoreCivic,4.0,0.0
2014,662,IDA,Idacorp,4.0,0.0
2014,663,NEOG,Neogen,4.0,0.0
2014,664,GBCI,Glacier Bancorp,4.0,0.0
2014,665,BOKF,Bok Financial,4.0,0.0
2014,666,AVT,Avnet,4.0,0.0
2014,667,HLX,Helix Energy Solutions Group,4.0,0.0
2014,668,REXR,Rexford Industrial Realty,4.0,0.0
2014,669,LPLA,LPL Financial Holdings,4.0,0.0
2014,670,ORI,Old Republic International,4.0,0.0
2014,671,NVR,Nvr,4.0,0.0
2014,672,ITT,Itt,4.0,0.0
2014,673,KW,Kennedy-Wilson Holdings,4.0,0.0
2014,674,FAF,First American Financial,3.0,0.0
2014,675,HLF,Herbalife,3.0,0.0
2014,676,MSCI,Msci,3.0,0.0
2014,677,IOVA,Iovance Biotherapeutics,3.0,0.0
2014,678,TTC,Toro,3.0,0.0
2014,679,TECH,Bio-Techne,3.0,0.0
2014,680,EYPT,EyePoint Pharmaceuticals,3.0,0.0
2014,681,EGP,Eastgroup Properties,3.0,0.0
2014,682,AIZ,Assurant,3.0,0.0
2014,683,SF,Stifel Financial,3.0,0.0
2014,684,SLGN,Silgan Holdings,3.0,0.0
2014,685,NHI,National Health Investors,3.0,0.0
2014,686,BC,Brunswick,3.0,0.0
2014,687,NGNE,Neurogene,3.0,0.0
2014,688,WSBC,Wesbanco,3.0,0.0
2014,689,SGI,Somnigroup International,3.0,0.0
2014,690,EHC,Encompass Health,3.0,0.0
2014,691,INSM,Insmed,3.0,0.0
2014,692,RHP,Ryman Hospitality Properties,3.0,0.0
2014,693,LII,Lennox International,3.0,0.0
2014,694,WCC,Wesco International,3.0,0.0
2014,695,CDE,Coeur Mining,3.0,0.0
2014,696,GNW,Genworth Financial,3.0,0.0
2014,697,AGCO,Agco Corp,3.0,0.0
2014,698,VIAV,Viavi Solutions,3.0,0.0
2014,699,PCH,Potlatchdeltic,3.0,0.0
2014,700,PAG,Penske Automotive Group,3.0,0.0
2014,701,CRI,Carters,3.0,0.0
2014,702,G,Genpact,3.0,0.0
2014,703,PODD,Insulet,3.0,0.0
2014,704,YELP,Yelp,3.0,0.0
2014,705,GMED,Globus Medical,3.0,0.0
2014,706,MYGN,Myriad Genetics,3.0,0.0
2014,707,CDP,Copt Defense Properties,3.0,0.0
2014,708,DPZ,Dominos Pizza,3.0,0.0
2014,709,BAH,Booz Allen Hamilton Holding,3.0,0.0
2014,710,LXP,LXP Industrial Trust,3.0,0.0
2014,711,XPO,Xpo,3.0,0.0
2014,712,MAN,ManpowerGroup,3.0,0.0
2014,713,RS,Reliance,3.0,0.0
2014,714,SCI,Service Corp International,3.0,0.0
2014,715,HXL,Hexcel Corp,3.0,0.0
2014,716,CRL,Charles River Laboratories International,3.0,0.0
2014,717,DECK,Deckers Outdoor,3.0,0.0
2014,718,WTFC,Wintrust Financial,3.0,0.0
2014,719,SR,Spire,3.0,0.0
2014,720,MCY,Mercury General,3.0,0.0
2014,721,PBF,PBF Energy,3.0,0.0
2014,722,FLEX,Flex,3.0,0.0
2014,723,SHO,Sunstone Hotel Investors,3.0,0.0
2014,724,AKBA,Akebia Therapeutics,3.0,0.0
2014,725,SFM,Sprouts Farmers Market,3.0,0.0
2014,726,TER,Teradyne,3.0,0.0
2014,727,SAM,Boston Beer Co,3.0,0.0
2014,728,BCRX,Biocryst Pharmaceuticals,3.0,0.0
2014,729,MTN,Vail Resorts,3.0,0.0
2014,730,BDC,Belden,3.0,0.0
2014,731,WLY,John Wiley & Sons,3.0,0.0
2014,732,OSK,Oshkosh,3.0,0.0
2014,733,TOL,Toll Brothers,3.0,0.0
2014,734,CASY,Caseys General Stores,3.0,0.0
2014,735,DRH,DiamondRock Hospitality,3.0,0.0
2014,736,FCNCA,First Citizens Bancshares Inc,3.0,0.0
2014,737,WAL,Western Alliance Ban,3.0,0.0
2014,738,ESRT,Empire State Realty Trust,3.0,0.0
2014,739,PSMT,Pricesmart,3.0,0.0
2014,740,GEO,Geo Group,3.0,0.0
2014,741,ABUS,Arbutus Biopharma,3.0,0.0
2014,742,SBH,Sally Beauty Holdings,3.0,0.0
2014,743,TKR,Timken,3.0,0.0
2014,744,BURL,Burlington Stores,3.0,0.0
2014,745,SFNC,Simmons First National,3.0,0.0
2014,746,ZD,Ziff Davis,3.0,0.0
2014,747,BLNK,Blink Charging,3.0,0.0
2014,748,WWD,Woodward,3.0,0.0
2014,749,MMS,Maximus,3.0,0.0
2014,750,AVA,Avista,3.0,0.0
2014,751,TDS,Telephone & Data Systems Inc,3.0,0.0
2014,752,OC,Owens Corning,3.0,0.0
2014,753,SPH,Suburban Propane Partners,3.0,0.0
2014,754,VC,Visteon,3.0,0.0
2014,755,ALEX,Alexander & Baldwin,3.0,0.0
2014,756,STLD,Steel Dynamics,3.0,0.0
2014,757,RC,Ready Capital,3.0,0.0
2014,758,OIS,Oil States International,3.0,0.0
2014,759,TSN,Tyson Foods,3.0,0.0
2014,760,AMCX,AMC Networks,3.0,0.0
2014,761,BDN,Brandywine Realty Trust,3.0,0.0
2014,762,CTRE,CareTrust REIT,3.0,0.0
2014,763,SNX,Td Synnex,3.0,0.0
2014,764,QDMI,QDM International,3.0,0.0
2014,765,ALGT,Allegiant Travel,3.0,0.0
2014,766,GNRC,Generac Holdings,3.0,0.0
2014,767,KMT,Kennametal,3.0,0.0
2014,768,FR,First Industrial Realty Trust,3.0,0.0
2014,769,FIBK,First Interstate Bancsystem,3.0,0.0
2014,770,TGNA,Tegna,3.0,0.0
2014,771,SYNA,Synaptics,3.0,0.0
2014,772,URBN,Urban Outfitters,3.0,0.0
2014,773,MC,Moelis,3.0,0.0
2014,774,NTCT,Netscout Systems,3.0,0.0
2014,775,IVT,InvenTrust Properties,3.0,0.0
2014,776,NJR,New Jersey Resources,3.0,0.0
2014,777,ATEC,Alphatec Holdings,3.0,0.0
2014,778,CW,Curtiss Wright,3.0,0.0
2014,779,W,Wayfair,3.0,0.0
2014,780,ADMA,Adma Biologics,3.0,0.0
2014,781,OGS,ONE Gas,3.0,0.0
2014,782,PRA,Proassurance,3.0,0.0
2014,783,FOLD,Amicus Therapeutics,3.0,0.0
2014,784,CBRL,Cracker Barrel Old Country Store,3.0,0.0
2014,785,CHH,Choice Hotels International Inc,3.0,0.0
2014,786,VAC,Marriott Vacations Worldwide,3.0,0.0
2014,787,EPAM,EPAM Systems,3.0,0.0
2014,788,SXT,Sensient Technologies,3.0,0.0
2014,789,MZTI,Marzetti,3.0,0.0
2014,790,COHR,Coherent,3.0,0.0
2014,791,BFAM,Bright Horizons Family Solutions,3.0,0.0
2014,792,CLH,Clean Harbors,3.0,0.0
2014,793,EAT,Brinker International,3.0,0.0
2014,794,MKTX,Marketaxess Holdings,3.0,0.0
2014,795,LSTR,Landstar System,3.0,0.0
2014,796,VMI,Valmont Industries,3.0,0.0
2014,797,BKE,Buckle,3.0,0.0
2014,798,MTDR,Matador Resources,3.0,0.0
2014,799,THG,Hanover Insurance Group,2.0,0.0
2014,800,HRI,Herc Holdings,2.0,0.0
2014,801,LFUS,Littelfuse Inc,2.0,0.0
2014,802,MKSI,Mks,2.0,0.0
2014,803,CRS,Carpenter Technology,2.0,0.0
2014,804,MORN,Morningstar,2.0,0.0
2014,805,RWT,Redwood Trust,2.0,0.0
2014,806,SSTK,Shutterstock,2.0,0.0
2014,807,FCFS,FirstCash Holdings,2.0,0.0
2014,808,AAT,American Assets Trust,2.0,0.0
2014,809,MPWR,Monolithic Power Systems,2.0,0.0
2014,810,HI,Hillenbrand,2.0,0.0
2014,811,ELME,Elme Communities,2.0,0.0
2014,812,MANH,Manhattan Associates,2.0,0.0
2014,813,WKC,World Kinect,2.0,0.0
2014,814,TGTX,Tg Therapeutics,2.0,0.0
2014,815,EXP,Eagle Materials,2.0,0.0
2014,816,TNL,Travel & Leisure,2.0,0.0
2014,817,CENX,Century Aluminum,2.0,0.0
2014,818,USAC,USA Compression Partners,2.0,0.0
2014,819,EPR-PE,Epr Properties,2.0,0.0
2014,820,DAN,Dana,2.0,0.0
2014,821,FNMA,Federal National Mortgage Association Fannie Mae,2.0,0.0
2014,822,CIEN,Ciena,2.0,0.0
2014,823,TCBI,Texas Capital Bancshares Inc/Tx,2.0,0.0
2014,824,PFS,Provident Financial Services,2.0,0.0
2014,825,PDM,Piedmont Realty Trust,2.0,0.0
2014,826,CAKE,Cheesecake Factory,2.0,0.0
2014,827,BOH,Bank Of Hawaii,2.0,0.0
2014,828,COLM,Columbia Sportswear,2.0,0.0
2014,829,CAR,Avis Budget Group,2.0,0.0
2014,830,AGEN,Agenus,2.0,0.0
2014,831,MGNI,Magnite,2.0,0.0
2014,832,ENS,EnerSys,2.0,0.0
2014,833,POOL,Pool,2.0,0.0
2014,834,CBT,Cabot,2.0,0.0
2014,835,CVLT,Commvault Systems,2.0,0.0
2014,836,GHC,Graham Holdings,2.0,0.0
2014,837,EFC,Ellington Financial,2.0,0.0
2014,838,NBIX,Neurocrine Biosciences,2.0,0.0
2014,839,GOGO,Gogo,2.0,0.0
2014,840,BPOP,Popular,2.0,0.0
2014,841,ARI,Apollo Commercial Real Estate Finance,2.0,0.0
2014,842,ALX,Alexanders,2.0,0.0
2014,843,TXRH,Texas Roadhouse,2.0,0.0
2014,844,CHRS,Coherus Oncology,2.0,0.0
2014,845,FULT,Fulton Financial,2.0,0.0
2014,846,SMTC,Semtech,2.0,0.0
2014,847,FIVE,Five Below,2.0,0.0
2014,848,NYT,New York Times,2.0,0.0
2014,849,JBL,Jabil,2.0,0.0
2014,850,IRT,Independence Realty Trust,2.0,0.0
2014,851,AWI,Armstrong World Industries,2.0,0.0
2014,852,UPBD,Upbound Group,2.0,0.0
2014,853,CVBF,Cvb Financial,2.0,0.0
2014,854,GERN,Geron,2.0,0.0
2014,855,WT,WisdomTree,2.0,0.0
2014,856,CNS,Cohen & Steers,2.0,0.0
2014,857,HCSG,Healthcare Services Group,2.0,0.0
2014,858,AEO,American Eagle Outfitters,2.0,0.0
2014,859,CAPR,Capricor Therapeutics,2.0,0.0
2014,860,MTX,Minerals Technologies,2.0,0.0
2014,861,KBR,Kbr,2.0,0.0
2014,862,BKU,BankUnited,2.0,0.0
2014,863,EEFT,Euronet Worldwide,2.0,0.0
2014,864,BCPC,Balchem,2.0,0.0
2014,865,AOS,Smith A O,2.0,0.0
2014,866,JJSF,J&J Snack Foods,2.0,0.0
2014,867,RBC,RBC Bearings,2.0,0.0
2014,868,VECO,Veeco Instruments,2.0,0.0
2014,869,WTS,Watts Water Technologies,2.0,0.0
2014,870,AXON,Axon Enterprise,2.0,0.0
2014,871,KMPR,Kemper,2.0,0.0
2014,872,KODK,Eastman Kodak,2.0,0.0
2014,873,LAD,Lithia Motors,2.0,0.0
2014,874,NERV,Minerva Neurosciences,2.0,0.0
2014,875,HOMB,Home Bancshares,2.0,0.0
2014,876,AN,Autonation,2.0,0.0
2014,877,HTLD,Heartland Express,2.0,0.0
2014,878,ACIW,Aci Worldwide,2.0,0.0
2014,879,GATX,Gatx,2.0,0.0
2014,880,NAVI,Navient,2.0,0.0
2014,881,EVR,Evercore,2.0,0.0
2014,882,ICUI,Icu Medical Inc,2.0,0.0
2014,883,SPB,Spectrum Brands Holdings,2.0,0.0
2014,884,BGC,BGC Group,2.0,0.0
2014,885,UNF,Unifirst,2.0,0.0
2014,886,MTG,Mgic Investment,2.0,0.0
2014,887,ENTG,Entegris,2.0,0.0
2014,888,CBU,Community Financial System,2.0,0.0
2014,889,BLKB,Blackbaud,2.0,0.0
2014,890,CALM,Cal-Maine Foods,2.0,0.0
2014,891,EME,EMCOR Group,2.0,0.0
2014,892,DVAX,Dynavax Technologies,2.0,0.0
2014,893,LOGI,Logitech International S.A.,2.0,0.0
2014,894,MLI,Mueller Industries,2.0,0.0
2014,895,VSH,Vishay Intertechnology,2.0,0.0
2014,896,AMBA,Ambarella,2.0,0.0
2014,897,FFIN,First Financial Bankshares,2.0,0.0
2014,898,ITRI,Itron,2.0,0.0
2014,899,SEM,Select Medical Holdings,2.0,0.0
2014,900,DKL,Delek Logistics Partners,2.0,0.0
2014,901,ENPH,Enphase Energy,2.0,0.0
2014,902,HL,Hecla Mining Co,2.0,0.0
2014,903,WERN,Werner Enterprises,2.0,0.0
2014,904,TR,Tootsie Roll Industries,2.0,0.0
2014,905,HOPE,Hope Bancorp,2.0,0.0
2014,906,PMT,PennyMac Mortgage Investment Trust,2.0,0.0
2014,907,PZZA,Papa Johns International,2.0,0.0
2014,908,PENN,PENN Entertainment,2.0,0.0
2014,909,NWBI,Northwest Bancshares,2.0,0.0
2014,910,MDU,Mdu Resources Group,2.0,0.0
2014,911,CMC,Commercial Metals,2.0,0.0
2014,912,HASI,HA Sustainable Infrastructure Capital,2.0,0.0
2014,913,CMPR,Cimpress,2.0,0.0
2014,914,TMHC,Taylor Morrison Home,2.0,0.0
2014,915,HAE,Haemonetics,2.0,0.0
2014,916,ANDE,Andersons,2.0,0.0
2014,917,UI,Ubiquiti,2.0,0.0
2014,918,WMS,Advanced Drainage Systems,2.0,0.0
2014,919,VRE,Veris Residential,2.0,0.0
2014,920,OMER,Omeros,2.0,0.0
2014,921,HUBS,Hubspot,2.0,0.0
2014,922,AMKR,Amkor Technology,2.0,0.0
2014,923,ADTN,ADTRAN Holdings,2.0,0.0
2014,924,ABCB,Ameris Ban,2.0,0.0
2014,925,BUSE,First Busey Corp /Nv/,2.0,0.0
2014,926,XENE,Xenon Pharmaceuticals,2.0,0.0
2014,927,HQY,Healthequity,2.0,0.0
2014,928,BANC,Banc Of California,2.0,0.0
2014,929,PRI,Primerica,2.0,0.0
2014,930,GBX,Greenbrier Companies,2.0,0.0
2014,931,CATY,Cathay General Ban,2.0,0.0
2014,932,MDXG,Mimedx Group,2.0,0.0
2014,933,JBTM,JBT Marel,2.0,0.0
2014,934,GPRE,Green Plains,2.0,0.0
2014,935,IBKR,Interactive Brokers Group,2.0,0.0
2014,936,WEN,Wendy's,2.0,0.0
2014,937,AIT,Applied Industrial Technologies,2.0,0.0
2014,938,IMAX,Imax,2.0,0.0
2014,939,SPNT,SiriusPoint,2.0,0.0
2014,940,CCOI,Cogent Communications Holdings,2.0,0.0
2014,941,FICO,Fair Isaac,2.0,0.0
2014,942,PBH,Prestige Consumer Healthcare,2.0,0.0
2014,943,CRBP,Corbus Pharmaceuticals Holdings,2.0,0.0
2014,944,TTEK,Tetra Tech,2.0,0.0
2014,945,NNI,Nelnet,2.0,0.0
2014,946,MGEE,Mge Energy,2.0,0.0
2014,947,GSG,iShares S&P GSCI Commodity-Indexed Trust,2.0,0.0
2014,948,POST,Post Holdings,2.0,0.0
2014,949,SXC,SunCoke Energy,2.0,0.0
2014,950,GVA,Granite Construction,2.0,0.0
2014,951,IBOC,International Bancshares,2.0,0.0
2014,952,CHDN,Churchill Downs,2.0,0.0
2014,953,GTLS,Chart Industries,2.0,0.0
2014,954,ACTG,Acacia Research,2.0,0.0
2014,955,MTSI,MACOM Technology Solutions Holdings,2.0,0.0
2014,956,ABM,Abm Industries Inc,2.0,0.0
2014,957,CNO,CNO Financial Group,2.0,0.0
2014,958,CFFN,Capitol Federal Financial,2.0,0.0
2014,959,SMCI,Super Micro Computer,2.0,0.0
2014,960,IART,Integra Lifesciences Holdings,2.0,0.0
2014,961,TRN,Trinity Industries,2.0,0.0
2014,962,MWA,Mueller Water Products,2.0,0.0
2014,963,PRLB,Proto Labs,2.0,0.0
2014,964,FDP,Fresh Del Monte Produce,2.0,0.0
2014,965,PRK,Park National Corp /Oh/,2.0,0.0
2014,966,KWR,Quaker Chemical,2.0,0.0
2014,967,PEGA,Pegasystems,2.0,0.0
2014,968,CYDY,CytoDyn,2.0,0.0
2014,969,FWRD,Forward Air,2.0,0.0
2014,970,NXST,Nexstar Media Group,2.0,0.0
2014,971,NVRI,Enviri,2.0,0.0
2014,972,SHOO,Steven Madden,2.0,0.0
2014,973,MTUS,Metallus,2.0,0.0
2014,974,CAPL,CrossAmerica Partners,2.0,0.0
2014,975,AVAV,AeroVironment,2.0,0.0
2014,976,EPAC,Enerpac Tool Group,2.0,0.0
2014,977,CATX,Perspective Therapeutics,2.0,0.0
2014,978,RH,Rh,2.0,0.0
2014,979,POWI,Power Integrations,2.0,0.0
2014,980,DBA,Invesco Db Agriculture Fund,1.0,0.0
2014,981,OMCL,Omnicell,1.0,0.0
2014,982,SAIA,Saia,1.0,0.0
2014,983,DORM,Dorman Products,1.0,0.0
2014,984,AWR,American States Water,1.0,0.0
2014,985,TNET,Trinet Group,1.0,0.0
2014,986,CWT,California Water Service Group,1.0,0.0
2014,987,CACC,Credit Acceptance,1.0,0.0
2014,988,BANR,Banner,1.0,0.0
2014,989,EBS,Emergent BioSolutions,1.0,0.0
2014,990,CHE,Chemed,1.0,0.0
2014,991,TRMK,Trustmark,1.0,0.0
2014,992,BKNG,Booking Holdings,1.0,0.0
2014,993,KFY,Korn Ferry,1.0,0.0
2014,994,SSD,Simpson Manufacturing Co.,1.0,0.0
2014,995,TRS,Trimas,1.0,0.0
2014,996,ABG,Asbury Automotive Group,1.0,0.0
2014,997,CSR,Centerspace,1.0,0.0
2014,998,MTH,Meritage Homes,1.0,0.0
2014,999,PCTY,Paylocity Holding,1.0,0.0
2014,1000,KAR,Openlane,1.0,0.0
2015,1,AAPL,Apple,599.0,3.2
2015,2,GOOGL,Alphabet,535.0,2.8
2015,3,MSFT,Microsoft,412.0,2.2
2015,4,XOM,Exxon Mobil,323.0,1.7
2015,5,AMZN,Amazon Com,318.0,1.7
2015,6,BRK-B,Berkshire Hathaway,285.0,1.5
2015,7,META,Meta Platforms,265.0,1.4
2015,8,JNJ,Johnson & Johnson,249.0,1.3
2015,9,T,AT&T,212.0,1.1
2015,10,PFE,Pfizer,199.0,1.1
2015,11,VZ,Verizon Communications,194.0,1.0
2015,12,KO,Coca Cola,185.0,1.0
2015,13,PG,Procter & Gamble,185.0,1.0
2015,14,WMT,Walmart,184.0,1.0
2015,15,JPM,JPMorgan Chase,179.0,0.9
2015,16,CVX,Chevron,179.0,0.9
2015,17,INTC,Intel,176.0,0.9
2015,18,WFC,Wells Fargo & Company/Mn,167.0,0.9
2015,19,V,Visa,159.0,0.8
2015,20,PM,Philip Morris International,158.0,0.8
2015,21,GE,GE Aerospace,157.0,0.8
2015,22,MRK,Merck & Co.,147.0,0.8
2015,23,BA,Boeing,146.0,0.8
2015,24,BMY,Bristol Myers Squibb,140.0,0.7
2015,25,PEP,Pepsico,137.0,0.7
2015,26,CMCSA,Comcast,133.0,0.7
2015,27,IBM,International Business Machines,133.0,0.7
2015,28,KDP,Keurig Dr Pepper,127.0,0.7
2015,29,GILD,Gilead Sciences,126.0,0.7
2015,30,CVS,Cvs Health,124.0,0.7
2015,31,HD,Home Depot,123.0,0.6
2015,32,BAC,Bank Of America Corp,122.0,0.6
2015,33,PCG,Pg&E,117.0,0.6
2015,34,CSCO,Cisco Systems,116.0,0.6
2015,35,ORCL,Oracle,112.0,0.6
2015,36,UNH,Unitedhealth Group,107.0,0.6
2015,37,ABBV,AbbVie,105.0,0.6
2015,38,SLB,Schlumberger Limited/Nv,104.0,0.6
2015,39,NKE,Nike,98.0,0.5
2015,40,MO,Altria Group,97.0,0.5
2015,41,MDT,Medtronic,95.0,0.5
2015,42,MMM,3M,92.0,0.5
2015,43,C,Citigroup,90.0,0.5
2015,44,AMGN,Amgen,88.0,0.5
2015,45,KHC,Kraft Heinz,88.0,0.5
2015,46,MA,Mastercard,87.0,0.5
2015,47,RTX,Rtx,84.0,0.4
2015,48,HON,Honeywell International,80.0,0.4
2015,49,LLY,Eli Lilly,79.0,0.4
2015,50,ABT,Abbott Laboratories,78.0,0.4
2015,51,MDLZ,Mondelez International,78.0,0.4
2015,52,ENB,Enbridge,72.0,0.4
2015,53,COST,Costco Wholesale Corp,72.0,0.4
2015,54,SBUX,Starbucks,69.0,0.4
2015,55,UPS,United Parcel Service,69.0,0.4
2015,56,CRM,Salesforce,67.0,0.4
2015,57,WBD,Warner Bros. Discovery,67.0,0.4
2015,58,USB,Us Bancorp \De\,66.0,0.3
2015,59,ACN,Accenture,66.0,0.3
2015,60,DHR,Danaher Corp,64.0,0.3
2015,61,CCL,Carnival,63.0,0.3
2015,62,OXY,Occidental Petroleum Corp,60.0,0.3
2015,63,PLDGP,Prologis,60.0,0.3
2015,64,D,Dominion Energy,59.0,0.3
2015,65,SCHW,Schwab Charles,57.0,0.3
2015,66,COP,Conocophillips,57.0,0.3
2015,67,REGN,Regeneron Pharmaceuticals,56.0,0.3
2015,68,F,Ford Motor,56.0,0.3
2015,69,DUK,Duke Energy,56.0,0.3
2015,70,EPD,Enterprise Products Partners L.P.,55.0,0.3
2015,71,GS,Goldman Sachs Group,55.0,0.3
2015,72,CL,Colgate Palmolive,53.0,0.3
2015,73,MET,Metlife,53.0,0.3
2015,74,QCOM,Qualcomm Inc,53.0,0.3
2015,75,TMO,Thermo Fisher Scientific,53.0,0.3
2015,76,SO,Southern,53.0,0.3
2015,77,TXN,Texas Instruments,50.0,0.3
2015,78,LMT,Lockheed Martin,50.0,0.3
2015,79,MS,Morgan Stanley,50.0,0.3
2015,80,TJX,Tjx Companies Inc,49.0,0.3
2015,81,NFLX,Netflix,49.0,0.3
2015,82,NEE,Nextera Energy,48.0,0.3
2015,83,WELL,Welltower,48.0,0.3
2015,84,LIN,Linde,48.0,0.3
2015,85,AXP,American Express,47.0,0.3
2015,86,TFC,Truist Financial,47.0,0.2
2015,87,O,Realty Income,47.0,0.2
2015,88,UNP,Union Pacific,46.0,0.2
2015,89,BKR,Baker Hughes,46.0,0.2
2015,90,CB,Chubb,46.0,0.2
2015,91,AMT,American Tower Corp /Ma/,45.0,0.2
2015,92,COF,Capital One Financial,45.0,0.2
2015,93,BIIB,Biogen,45.0,0.2
2015,94,PSA,Public Storage,43.0,0.2
2015,95,TMUS,T-Mobile US,43.0,0.2
2015,96,KMB,Kimberly Clark,42.0,0.2
2015,97,LOW,Lowes Companies,41.0,0.2
2015,98,MPLX,Mplx,40.0,0.2
2015,99,PLD,Prologis,40.0,0.2
2015,100,IEP,Icahn Enterprises L.P.,39.0,0.2
2015,101,PNC,Pnc Financial Services Group,39.0,0.2
2015,102,CI,Cigna Group,39.0,0.2
2015,103,BHC,Bausch Health Companies,38.0,0.2
2015,104,FDX,Fedex,38.0,0.2
2015,105,CCI,Crown Castle,38.0,0.2
2015,106,EOG,Eog Resources,38.0,0.2
2015,107,ADBE,Adobe,37.0,0.2
2015,108,GD,General Dynamics,37.0,0.2
2015,109,SYK,Stryker,36.0,0.2
2015,110,TGT,Target,35.0,0.2
2015,111,ADP,Automatic Data Processing,34.0,0.2
2015,112,DAL,Delta Air Lines,33.0,0.2
2015,113,KMI,Kinder Morgan,33.0,0.2
2015,114,AIG,American International Group,33.0,0.2
2015,115,PSX,Phillips 66,33.0,0.2
2015,116,BDX,Becton Dickinson,33.0,0.2
2015,117,CME,Cme Group,33.0,0.2
2015,118,PYPL,PayPal Holdings,32.0,0.2
2015,119,ECL,Ecolab,32.0,0.2
2015,120,VRTX,Vertex Pharmaceuticals Inc / Ma,32.0,0.2
2015,121,EL,Estee Lauder Companies,32.0,0.2
2015,122,AEP,American Electric Power Co,32.0,0.2
2015,123,TSLA,Tesla,32.0,0.2
2015,124,WMB,Williams Companies,31.0,0.2
2015,125,CAT,Caterpillar,31.0,0.2
2015,126,FIS,Fidelity National Information Services,31.0,0.2
2015,127,GIS,General Mills,31.0,0.2
2015,128,ELV,Elevance Health,31.0,0.2
2015,129,GM,General Motors,31.0,0.2
2015,130,EQR,Equity Residential,31.0,0.2
2015,131,IFF,International Flavors & Fragrances,31.0,0.2
2015,132,ICE,Intercontinental Exchange,30.0,0.2
2015,133,MNST,Monster Beverage,30.0,0.2
2015,134,VFC,V F,30.0,0.2
2015,135,EQIX,Equinix,30.0,0.2
2015,136,LVS,Las Vegas Sands,29.0,0.2
2015,137,SPGI,S&P Global,29.0,0.2
2015,138,ADI,Analog Devices,29.0,0.2
2015,139,CTSH,Cognizant Technology Solutions,29.0,0.2
2015,140,HAL,Halliburton,28.0,0.2
2015,141,BK,Bank of New York Mellon,28.0,0.2
2015,142,PRU,Prudential Financial,28.0,0.1
2015,143,APD,Air Products & Chemicals,28.0,0.1
2015,144,LYB,LyondellBasell Industries N.V.,28.0,0.1
2015,145,AAL,American Airlines Group,28.0,0.1
2015,146,ILMN,Illumina,28.0,0.1
2015,147,NVAX,Novavax,27.0,0.1
2015,148,BSX,Boston Scientific,27.0,0.1
2015,149,RCL,Royal Caribbean Cruises,27.0,0.1
2015,150,MMC,Marsh & Mclennan Companies,27.0,0.1
2015,151,NLY,Annaly Capital Management,27.0,0.1
2015,152,INTU,Intuit,27.0,0.1
2015,153,NOC,Northrop Grumman Corp,27.0,0.1
2015,154,EMR,Emerson Electric,27.0,0.1
2015,155,AILIP,Ameren Illinois,27.0,0.1
2015,156,ITW,Illinois Tool Works,27.0,0.1
2015,157,VTR,Ventas,26.0,0.1
2015,158,DLR,Digital Realty Trust,26.0,0.1
2015,159,AILIH,Ameren Illinois,26.0,0.1
2015,160,AVB,Avalonbay Communities,26.0,0.1
2015,161,CSX,Csx,26.0,0.1
2015,162,PPL,Ppl,26.0,0.1
2015,163,EXC,Exelon,26.0,0.1
2015,164,AFL,Aflac,25.0,0.1
2015,165,LUMN,Lumen Technologies,25.0,0.1
2015,166,ORLY,O Reilly Automotive,25.0,0.1
2015,167,STZ,Constellation Brands,25.0,0.1
2015,168,MCK,Mckesson,24.0,0.1
2015,169,TRV,Travelers Companies,24.0,0.1
2015,170,SHW,Sherwin Williams,24.0,0.1
2015,171,APTV,Aptiv,24.0,0.1
2015,172,KR,Kroger,24.0,0.1
2015,173,SRE,Sempra,23.0,0.1
2015,174,ED,Consolidated Edison,23.0,0.1
2015,175,CHTR,"Charter Communications, Inc. /Mo/",23.0,0.1
2015,176,BX,Blackstone,23.0,0.1
2015,177,EIX,Edison International,23.0,0.1
2015,178,OMC,Omnicom Group,23.0,0.1
2015,179,COTY,Coty,23.0,0.1
2015,180,XEL,Xcel Energy,22.0,0.1
2015,181,PPG,Ppg Industries,22.0,0.1
2015,182,K,Kellanova,22.0,0.1
2015,183,INCY,Incyte,22.0,0.1
2015,184,WY,Weyerhaeuser,22.0,0.1
2015,185,WM,Waste Management,22.0,0.1
2015,186,LUV,Southwest Airlines,21.0,0.1
2015,187,HUM,Humana,21.0,0.1
2015,188,NXPI,NXP Semiconductors N.V.,21.0,0.1
2015,189,VLO,Valero Energy Corp/Tx,21.0,0.1
2015,190,DE,Deere,21.0,0.1
2015,191,MAC,Macerich,21.0,0.1
2015,192,CAH,Cardinal Health,21.0,0.1
2015,193,HBAN,Huntington Bancshares Inc /Md/,21.0,0.1
2015,194,JCI,Johnson Controls International,21.0,0.1
2015,195,ISRG,Intuitive Surgical,20.0,0.1
2015,196,FREJP,Federal Home Loan Mortgage,20.0,0.1
2015,197,ZTS,Zoetis,20.0,0.1
2015,198,BXP,Bxp,20.0,0.1
2015,199,SCCO,Southern Copper Corp/,20.0,0.1
2015,200,ETN,Eaton Corp,20.0,0.1
2015,201,COR,Cencora,20.0,0.1
2015,202,BMRN,Biomarin Pharmaceutical,20.0,0.1
2015,203,WDAY,Workday,20.0,0.1
2015,204,AGNC,AGNC Investment,20.0,0.1
2015,205,DVN,Devon Energy Corp,20.0,0.1
2015,206,SYY,Sysco,20.0,0.1
2015,207,ROP,Roper Technologies,20.0,0.1
2015,208,AON,Aon,20.0,0.1
2015,209,BAX,Baxter International,20.0,0.1
2015,210,CP,Canadian Pacific Kansas City Ltd/Cn,20.0,0.1
2015,211,NEM,NEWMONT Corp,20.0,0.1
2015,212,PAYX,Paychex,19.0,0.1
2015,213,PEG,Public Service Enterprise Group,19.0,0.1
2015,214,ZBH,Zimmer Biomet Holdings,19.0,0.1
2015,215,ES,Eversource Energy,19.0,0.1
2015,216,BEN,Franklin Resources,19.0,0.1
2015,217,TEL,TE Connectivity,19.0,0.1
2015,218,NSC,Norfolk Southern,19.0,0.1
2015,219,VNO,Vornado Realty Trust,19.0,0.1
2015,220,FANG,Diamondback Energy,19.0,0.1
2015,221,EXR,Extra Space Storage,19.0,0.1
2015,222,UAL,United Airlines Holdings,19.0,0.1
2015,223,PGR,Progressive Corp/Oh/,19.0,0.1
2015,224,ZVRA,Zevra Therapeutics,19.0,0.1
2015,225,NWL,Newell Brands,18.0,0.1
2015,226,STT,State Street,18.0,0.1
2015,227,WDC,Western Digital,18.0,0.1
2015,228,FE,Firstenergy,18.0,0.1
2015,229,HSY,Hershey,18.0,0.1
2015,230,CAG,Conagra Brands,18.0,0.1
2015,231,MTB,M&T Bank,18.0,0.1
2015,232,HRL,Hormel Foods Corp,18.0,0.1
2015,233,MAR,Marriott International Inc /Md/,18.0,0.1
2015,234,DOC,Healthpeak Properties,18.0,0.1
2015,235,IBRX,ImmunityBio,18.0,0.1
2015,236,KIM,Kimco Realty,18.0,0.1
2015,237,TAP,Molson Coors Beverage,18.0,0.1
2015,238,EQT,Eqt,18.0,0.1
2015,239,ADM,Archer-Daniels-Midland,18.0,0.1
2015,240,MU,Micron Technology,18.0,0.1
2015,241,MCO,Moodys Corp,18.0,0.1
2015,242,UAA,Under Armour,17.0,0.1
2015,243,EA,Electronic Arts,17.0,0.1
2015,244,BFH,Bread Financial Holdings,17.0,0.1
2015,245,EW,Edwards Lifesciences,17.0,0.1
2015,246,IP,International Paper Co /New/,17.0,0.1
2015,247,GPN,Global Payments,17.0,0.1
2015,248,WEC,Wec Energy Group,17.0,0.1
2015,249,PCAR,Paccar,17.0,0.1
2015,250,FITB,Fifth Third Ban,17.0,0.1
2015,251,PAA,Plains All American Pipeline,16.0,0.1
2015,252,BF-A,Brown Forman,16.0,0.1
2015,253,CNC,Centene,16.0,0.1
2015,254,IMO,Imperial Oil,16.0,0.1
2015,255,ROST,Ross Stores,16.0,0.1
2015,256,ALL,Allstate,16.0,0.1
2015,257,APH,Amphenol Corp,16.0,0.1
2015,258,GLW,Corning Inc /Ny,16.0,0.1
2015,259,CLDX,Celldex Therapeutics,16.0,0.1
2015,260,TROW,Price T Rowe Group,16.0,0.1
2015,261,OKE,Oneok Inc /New/,16.0,0.1
2015,262,NVDA,NVIDIA,15.0,0.1
2015,263,ARE,Alexandria Real Estate Equities,15.0,0.1
2015,264,ESS,Essex Property Trust,15.0,0.1
2015,265,CLX,Clorox Co,15.0,0.1
2015,266,MPC,Marathon Petroleum,15.0,0.1
2015,267,EXPE,Expedia Group,15.0,0.1
2015,268,CPB,Campbell's,15.0,0.1
2015,269,EMN,Eastman Chemical,15.0,0.1
2015,270,SWK,Stanley Black & Decker,15.0,0.1
2015,271,HCA,HCA Healthcare,15.0,0.1
2015,272,DG,Dollar General,15.0,0.1
2015,273,IVZ,Invesco,15.0,0.1
2015,274,YUM,Yum Brands,15.0,0.1
2015,275,TT,Trane Technologies,15.0,0.1
2015,276,CMG,Chipotle Mexican Grill,14.0,0.1
2015,277,DTE,Dte Energy,14.0,0.1
2015,278,KEY,Keycorp /New/,14.0,0.1
2015,279,WES,Western Midstream Partners,14.0,0.1
2015,280,NOW,ServiceNow,14.0,0.1
2015,281,KKR,KKR & Co.,14.0,0.1
2015,282,PANW,Palo Alto Networks,14.0,0.1
2015,283,LHX,"L3Harris Technologies, Inc.",14.0,0.1
2015,284,SIRI,Sirius Xm Holdings,14.0,0.1
2015,285,EG,Everest Group,14.0,0.1
2015,286,RSG,Republic Services,14.0,0.1
2015,287,CTRA,Coterra Energy,13.0,0.1
2015,288,M,Macy's,13.0,0.1
2015,289,NTRS,Northern Trust,13.0,0.1
2015,290,TDG,TransDigm Group,13.0,0.1
2015,291,EFX,Equifax,13.0,0.1
2015,292,ALKS,Alkermes plc.,13.0,0.1
2015,293,AMAT,Applied Materials Inc,13.0,0.1
2015,294,ARR,Armour Residential REIT,13.0,0.1
2015,295,AZO,Autozone,13.0,0.1
2015,296,QSR,Restaurant Brands International,13.0,0.1
2015,297,HSIC,Henry Schein,13.0,0.1
2015,298,DLTR,Dollar Tree,13.0,0.1
2015,299,WPC,W. P. Carey,13.0,0.1
2015,300,LRCX,Lam Research,13.0,0.1
2015,301,SWKS,Skyworks Solutions,13.0,0.1
2015,302,CQP,"Cheniere Energy Partners, L.P.",13.0,0.1
2015,303,FRT,Federal Realty Investment Trust,13.0,0.1
2015,304,SJM,J M Smucker,13.0,0.1
2015,305,LH,Labcorp Holdings,13.0,0.1
2015,306,ALNY,Alnylam Pharmaceuticals,13.0,0.1
2015,307,REG,Regency Centers,12.0,0.1
2015,308,VMC,Vulcan Materials,12.0,0.1
2015,309,UDR,Udr,12.0,0.1
2015,310,AME,Ametek Inc/,12.0,0.1
2015,311,EBAY,Ebay,12.0,0.1
2015,312,PH,Parker-Hannifin,12.0,0.1
2015,313,ETR,Entergy Corp,12.0,0.1
2015,314,MKL,Markel Group,12.0,0.1
2015,315,CNP,Centerpoint Energy,12.0,0.1
2015,316,CMI,Cummins,12.0,0.1
2015,317,WTW,Willis Towers Watson,12.0,0.1
2015,318,XRAY,Dentsply Sirona,12.0,0.1
2015,319,WAB,Westinghouse Air Brake Technologies,12.0,0.1
2015,320,NOV,Nov,12.0,0.1
2015,321,HIG,Hartford Insurance Group,12.0,0.1
2015,322,AEE,Ameren,12.0,0.1
2015,323,FAST,Fastenal,12.0,0.1
2015,324,GPC,Genuine Parts,12.0,0.1
2015,325,GEN,Gen Digital,12.0,0.1
2015,326,CINF,Cincinnati Financial,12.0,0.1
2015,327,ADSK,Autodesk,12.0,0.1
2015,328,AWK,American Water Works Company,12.0,0.1
2015,329,MHK,Mohawk Industries,12.0,0.1
2015,330,IQV,Iqvia Holdings,12.0,0.1
2015,331,MKC,Mccormick & Co,12.0,0.1
2015,332,XPRO,Expro Group Holdings N.V.,12.0,0.1
2015,333,ROK,Rockwell Automation,12.0,0.1
2015,334,TSCO,Tractor Supply Co,11.0,0.1
2015,335,AAP,Advance Auto Parts,11.0,0.1
2015,336,MSI,Motorola Solutions,11.0,0.1
2015,337,HPQ,Hp,11.0,0.1
2015,338,CUKPF,Carnival,11.0,0.1
2015,339,HPE,Hewlett Packard Enterprise,11.0,0.1
2015,340,CUK,Carnival,11.0,0.1
2015,341,SBAC,Sba Communications,11.0,0.1
2015,342,CFG,Citizens Financial Group Inc/Ri,11.0,0.1
2015,343,TDW,Tidewater,11.0,0.1
2015,344,CHD,Church & Dwight Co Inc,11.0,0.1
2015,345,CMS,Cms Energy,11.0,0.1
2015,346,SABR,Sabre,11.0,0.1
2015,347,RARE,Ultragenyx Pharmaceutical,11.0,0.1
2015,348,ALV,Autoliv,11.0,0.1
2015,349,HPP,Hudson Pacific Properties,11.0,0.1
2015,350,A,Agilent Technologies,11.0,0.1
2015,351,MAA,Mid America Apartment Communities,11.0,0.1
2015,352,PGEN,Precigen,11.0,0.1
2015,353,HST,Host Hotels & Resorts,11.0,0.1
2015,354,ATO,Atmos Energy,11.0,0.1
2015,355,AJG,Arthur J. Gallagher,11.0,0.1
2015,356,HKHC,Horizon Kinetics Holding,11.0,0.1
2015,357,WCN,Waste Connections,10.0,0.1
2015,358,BALL,Ball,10.0,0.1
2015,359,IONS,Ionis Pharmaceuticals,10.0,0.1
2015,360,SYF,Synchrony Financial,10.0,0.1
2015,361,CBRE,Cbre Group,10.0,0.1
2015,362,VRSK,Verisk Analytics,10.0,0.1
2015,363,CDTX,Cidara Therapeutics,10.0,0.1
2015,364,HLT,Hilton Worldwide Holdings,10.0,0.1
2015,365,GAP,Gap,10.0,0.1
2015,366,AMP,Ameriprise Financial,10.0,0.1
2015,367,CTAS,Cintas,10.0,0.1
2015,368,HR,Healthcare Realty Trust,10.0,0.1
2015,369,TRIP,TripAdvisor,10.0,0.1
2015,370,ORC,Orchid Island Capital,10.0,0.1
2015,371,FCX,Freeport-Mcmoran,10.0,0.1
2015,372,PFG,Principal Financial Group,10.0,0.1
2015,373,MARA,MARA Holdings,10.0,0.1
2015,374,CPAY,Corpay,10.0,0.1
2015,375,FNF,Fidelity National Financial,10.0,0.1
2015,376,GWW,W.W. Grainger,10.0,0.1
2015,377,SNPS,Synopsys,10.0,0.1
2015,378,NDAQ,Nasdaq,10.0,0.1
2015,379,LNC,Lincoln National,10.0,0.1
2015,380,STX,Seagate Technology Holdings,10.0,0.1
2015,381,HAS,Hasbro,10.0,0.1
2015,382,CNA,Cna Financial,10.0,0.1
2015,383,DOV,Dover,10.0,0.1
2015,384,BWA,Borgwarner,9.0,0.1
2015,385,MCHP,Microchip Technology,9.0,0.0
2015,386,COLB,Columbia Banking System,9.0,0.0
2015,387,GT,Goodyear Tire & Rubber Co /Oh/,9.0,0.0
2015,388,NI,Nisource,9.0,0.0
2015,389,NUE,Nucor,9.0,0.0
2015,390,ALK,Alaska Air Group,9.0,0.0
2015,391,DHI,Horton D R Inc,9.0,0.0
2015,392,KLAC,Kla,9.0,0.0
2015,393,APO,Apollo Global Management,9.0,0.0
2015,394,PNR,Pentair,9.0,0.0
2015,395,FBIN,Fortune Brands Innovations,9.0,0.0
2015,396,XYL,Xylem,9.0,0.0
2015,397,HOLX,Hologic,9.0,0.0
2015,398,MOS,Mosaic,9.0,0.0
2015,399,DBRG,DigitalBridge Group,9.0,0.0
2015,400,JAZZ,Jazz Pharmaceuticals,9.0,0.0
2015,401,ACGL,Arch Capital Group,9.0,0.0
2015,402,IPG,Interpublic Group Of Companies,8.0,0.0
2015,403,SLG,Sl Green Realty,8.0,0.0
2015,404,WTRG,Essential Utilities,8.0,0.0
2015,405,SUI,Sun Communities,8.0,0.0
2015,406,TYL,Tyler Technologies,8.0,0.0
2015,407,JBLU,Jetblue Airways,8.0,0.0
2015,408,RF,Regions Financial,8.0,0.0
2015,409,VSAT,Viasat,8.0,0.0
2015,410,MLM,Martin Marietta Materials,8.0,0.0
2015,411,KMX,Carmax,8.0,0.0
2015,412,TNDM,Tandem Diabetes Care,8.0,0.0
2015,413,IRM,Iron Mountain,8.0,0.0
2015,414,WAT,Waters Corp,8.0,0.0
2015,415,VRSN,Verisign Inc/Ca,8.0,0.0
2015,416,BRX,Brixmor Property Group,8.0,0.0
2015,417,L,Loews,8.0,0.0
2015,418,MAT,Mattel Inc,8.0,0.0
2015,419,ST,Sensata Technologies Holding,8.0,0.0
2015,420,GLPI,Gaming & Leisure Properties,8.0,0.0
2015,421,SNA,Snap-on,8.0,0.0
2015,422,LNG,Cheniere Energy,8.0,0.0
2015,423,XYZ,Block,8.0,0.0
2015,424,CPT,Camden Property Trust,8.0,0.0
2015,425,DGX,Quest Diagnostics,8.0,0.0
2015,426,RMD,Resmed,8.0,0.0
2015,427,PNW,Pinnacle West Capital,8.0,0.0
2015,428,AKAM,Akamai Technologies,8.0,0.0
2015,429,UHAL,U-Haul Holding Co /NV/,8.0,0.0
2015,430,STWD,Starwood Property Trust,8.0,0.0
2015,431,ULTA,Ulta Beauty,8.0,0.0
2015,432,RJF,Raymond James Financial,8.0,0.0
2015,433,NNN,Nnn Reit,8.0,0.0
2015,434,LKQ,Lkq,8.0,0.0
2015,435,KRC,Kilroy Realty,7.0,0.0
2015,436,NWSA,News,7.0,0.0
2015,437,JLL,Jones Lang Lasalle,7.0,0.0
2015,438,ARMK,Aramark,7.0,0.0
2015,439,CE,Celanese,7.0,0.0
2015,440,COO,Cooper Companies,7.0,0.0
2015,441,BBY,Best Buy Co,7.0,0.0
2015,442,CHRW,C. H. Robinson Worldwide,7.0,0.0
2015,443,UHS,Universal Health Services,7.0,0.0
2015,444,UGI,Ugi Corp /Pa/,7.0,0.0
2015,445,LILA,Liberty Latin America,7.0,0.0
2015,446,SLNO,Soleno Therapeutics,7.0,0.0
2015,447,FLR,Fluor,7.0,0.0
2015,448,WYNN,Wynn Resorts,7.0,0.0
2015,449,GRMN,Garmin,7.0,0.0
2015,450,SSB,SouthState,7.0,0.0
2015,451,LNT,Alliant Energy,7.0,0.0
2015,452,FSLR,First Solar,7.0,0.0
2015,453,AYI,Acuity Inc. (De),7.0,0.0
2015,454,CUBE,CubeSmart,7.0,0.0
2015,455,FHN,First Horizon,7.0,0.0
2015,456,WLK,Westlake,7.0,0.0
2015,457,JBHT,Hunt J B Transport Services,7.0,0.0
2015,458,RL,Ralph Lauren,7.0,0.0
2015,459,MPW,Medical Properties Trust,7.0,0.0
2015,460,MTD,Mettler Toledo International Inc/,7.0,0.0
2015,461,AES,Aes,7.0,0.0
2015,462,CBOE,Cboe Global Markets,7.0,0.0
2015,463,NTAP,NetApp,7.0,0.0
2015,464,AR,Antero Resources,7.0,0.0
2015,465,WRB,Berkley W R,7.0,0.0
2015,466,CSGP,Costar Group,7.0,0.0
2015,467,UTHR,United Therapeutics,7.0,0.0
2015,468,TXT,Textron,7.0,0.0
2015,469,DXCM,Dexcom,7.0,0.0
2015,470,WSM,Williams Sonoma,7.0,0.0
2015,471,TPR,Tapestry,7.0,0.0
2015,472,ALB,Albemarle,7.0,0.0
2015,473,LODE,Comstock,7.0,0.0
2015,474,SEE,Sealed Air Corp,7.0,0.0
2015,475,DRI,Darden Restaurants,7.0,0.0
2015,476,SSNC,SS&C Technologies Holdings,7.0,0.0
2015,477,TTWO,Take Two Interactive Software,6.0,0.0
2015,478,LC,LendingClub,6.0,0.0
2015,479,ZG,Zillow Group,6.0,0.0
2015,480,SEIC,Sei Investments,6.0,0.0
2015,481,JEF,Jefferies Financial Group,6.0,0.0
2015,482,CF,CF Industries Holdings,6.0,0.0
2015,483,BR,Broadridge Financial Solutions,6.0,0.0
2015,484,W,Wayfair,6.0,0.0
2015,485,LEA,Lear,6.0,0.0
2015,486,FDS,Factset Research Systems,6.0,0.0
2015,487,FLEX,Flex,6.0,0.0
2015,488,LAMR,Lamar Advertising Co,6.0,0.0
2015,489,ACAD,Acadia Pharmaceuticals,6.0,0.0
2015,490,IT,Gartner,6.0,0.0
2015,491,AMH,American Homes 4 Rent,6.0,0.0
2015,492,INGR,Ingredion,6.0,0.0
2015,493,SIG,Signet Jewelers,6.0,0.0
2015,494,EXPD,Expeditors International Of Washington,6.0,0.0
2015,495,RPM,Rpm International Inc,6.0,0.0
2015,496,WBS,Webster Financial,6.0,0.0
2015,497,AFG,American Financial Group,6.0,0.0
2015,498,MSTR,Microstrategy,6.0,0.0
2015,499,PSTG,Pure Storage,6.0,0.0
2015,500,MGM,MGM Resorts International,6.0,0.0
2015,501,TRGP,Targa Resources,6.0,0.0
2015,502,RGA,Reinsurance Group Of America,6.0,0.0
2015,503,IDXX,Idexx Laboratories Inc,6.0,0.0
2015,504,OTEX,Open Text,6.0,0.0
2015,505,MELI,Mercadolibre,6.0,0.0
2015,506,MD,Pediatrix Medical Group,6.0,0.0
2015,507,RRC,Range Resources,6.0,0.0
2015,508,CCK,Crown Holdings,6.0,0.0
2015,509,EWBC,East West Bancorp,6.0,0.0
2015,510,ALLY,Ally Financial,6.0,0.0
2015,511,PTEN,Patterson Uti Energy,6.0,0.0
2015,512,LYV,Live Nation Entertainment,6.0,0.0
2015,513,LEG,Leggett & Platt,6.0,0.0
2015,514,MAS,Masco Corp,6.0,0.0
2015,515,IEX,Idex Corp,6.0,0.0
2015,516,NBIX,Neurocrine Biosciences,6.0,0.0
2015,517,LULU,lululemon athletica,6.0,0.0
2015,518,ACHC,Acadia Healthcare Company,6.0,0.0
2015,519,ROL,Rollins,6.0,0.0
2015,520,ALLE,Allegion,6.0,0.0
2015,521,CDNS,Cadence Design Systems,6.0,0.0
2015,522,KEYS,Keysight Technologies,6.0,0.0
2015,523,WU,Western Union,6.0,0.0
2015,524,ELS,Equity Lifestyle Properties,6.0,0.0
2015,525,CG,Carlyle Group,6.0,0.0
2015,526,JKHY,Jack Henry & Associates,6.0,0.0
2015,527,ESPR,Esperion Therapeutics,6.0,0.0
2015,528,FFIV,F5,6.0,0.0
2015,529,COMM,CommScope Holding Company,6.0,0.0
2015,530,NGNE,Neurogene,6.0,0.0
2015,531,TWO,Two Harbors Investment,6.0,0.0
2015,532,STGW,Stagwell,6.0,0.0
2015,533,FLO,Flowers Foods,6.0,0.0
2015,534,UNM,Unum Group,5.0,0.0
2015,535,CDW,Cdw,5.0,0.0
2015,536,OGE,Oge Energy,5.0,0.0
2015,537,HUBB,Hubbell,5.0,0.0
2015,538,FLS,Flowserve,5.0,0.0
2015,539,HP,Helmerich & Payne,5.0,0.0
2015,540,PPC,Pilgrims Pride,5.0,0.0
2015,541,CMA,Comerica Inc /New/,5.0,0.0
2015,542,FTNT,Fortinet,5.0,0.0
2015,543,LDOS,Leidos Holdings,5.0,0.0
2015,544,TRU,TransUnion,5.0,0.0
2015,545,ANET,Arista Networks,5.0,0.0
2015,546,GL,Globe Life,5.0,0.0
2015,547,KRG,Kite Realty Group Trust,5.0,0.0
2015,548,MSCI,Msci,5.0,0.0
2015,549,TFSL,TFS Financial,5.0,0.0
2015,550,ONB,Old National Bancorp /In/,5.0,0.0
2015,551,DEI,Douglas Emmett,5.0,0.0
2015,552,RVTY,Revvity,5.0,0.0
2015,553,KSS,Kohls,5.0,0.0
2015,554,UBSI,United Bankshares Inc/Wv,5.0,0.0
2015,555,GNL,Global Net Lease,5.0,0.0
2015,556,SBRA,Sabra Health Care REIT,5.0,0.0
2015,557,HOG,Harley-Davidson,5.0,0.0
2015,558,MIDD,Middleby,5.0,0.0
2015,559,HE,Hawaiian Electric Industries,5.0,0.0
2015,560,PAGP,Plains Gp Holdings,5.0,0.0
2015,561,ODFL,Old Dominion Freight Line,5.0,0.0
2015,562,HII,Huntington Ingalls Industries,5.0,0.0
2015,563,NWBO,Northwest Biotherapeutics,5.0,0.0
2015,564,RNR,Renaissancere Holdings,5.0,0.0
2015,565,HLF,Herbalife,5.0,0.0
2015,566,PII,Polaris,5.0,0.0
2015,567,GWRE,Guidewire Software,5.0,0.0
2015,568,ESBA,"Empire State Realty OP, L.P.",5.0,0.0
2015,569,OMF,OneMain Holdings,5.0,0.0
2015,570,GME,GameStop,5.0,0.0
2015,571,NEOG,Neogen,5.0,0.0
2015,572,HIW,Highwoods Properties,5.0,0.0
2015,573,AMD,Advanced Micro Devices,5.0,0.0
2015,574,WULF,Terawulf,5.0,0.0
2015,575,WSO,Watsco,5.0,0.0
2015,576,HRB,H&R Block,5.0,0.0
2015,577,ALGN,Align Technology,5.0,0.0
2015,578,APLE,Apple Hospitality REIT,5.0,0.0
2015,579,DVA,Davita,5.0,0.0
2015,580,RHI,Robert Half,5.0,0.0
2015,581,ATR,Aptargroup,5.0,0.0
2015,582,J,Jacobs Solutions,5.0,0.0
2015,583,NVR,Nvr,5.0,0.0
2015,584,AVY,Avery Dennison,5.0,0.0
2015,585,URI,United Rentals,5.0,0.0
2015,586,ORI,Old Republic International,5.0,0.0
2015,587,BXMT,Blackstone Mortgage Trust,5.0,0.0
2015,588,GEL,Genesis Energy,4.0,0.0
2015,589,RBA,Rb Global,4.0,0.0
2015,590,LAZ,Lazard,4.0,0.0
2015,591,ARDX,Ardelyx,4.0,0.0
2015,592,EPR,Epr Properties,4.0,0.0
2015,593,BRO,Brown & Brown,4.0,0.0
2015,594,PB,Prosperity Bancshares,4.0,0.0
2015,595,CUZ,Cousins Properties,4.0,0.0
2015,596,ERIE,Erie Indemnity,4.0,0.0
2015,597,BKD,Brookdale Senior Living,4.0,0.0
2015,598,SGI,Somnigroup International,4.0,0.0
2015,599,CPRT,Copart,4.0,0.0
2015,600,LII,Lennox International,4.0,0.0
2015,601,PBF,PBF Energy,4.0,0.0
2015,602,WST,West Pharmaceutical Services,4.0,0.0
2015,603,GDDY,GoDaddy,4.0,0.0
2015,604,G,Genpact,4.0,0.0
2015,605,EPAM,EPAM Systems,4.0,0.0
2015,606,LAB,Standard Biotools,4.0,0.0
2015,607,AXS,Axis Capital Holdings,4.0,0.0
2015,608,QRVO,Qorvo,4.0,0.0
2015,609,VEEV,Veeva Systems,4.0,0.0
2015,610,PBI,Pitney Bowes Inc,4.0,0.0
2015,611,TTC,Toro,4.0,0.0
2015,612,TDY,Teledyne Technologies,4.0,0.0
2015,613,SAFE,Safehold,4.0,0.0
2015,614,PTC,Ptc,4.0,0.0
2015,615,GGG,Graco,4.0,0.0
2015,616,INVX,Innovex International,4.0,0.0
2015,617,ADC,Agree Realty,4.0,0.0
2015,618,MYGN,Myriad Genetics,4.0,0.0
2015,619,MTN,Vail Resorts,4.0,0.0
2015,620,SON,Sonoco Products,4.0,0.0
2015,621,SRPT,Sarepta Therapeutics,4.0,0.0
2015,622,ARES,Ares Management,4.0,0.0
2015,623,ZION,"Zions Bancorporation, National Association /Ut/",4.0,0.0
2015,624,AIZ,Assurant,4.0,0.0
2015,625,EYPT,EyePoint Pharmaceuticals,4.0,0.0
2015,626,NDSN,Nordson,4.0,0.0
2015,627,CVI,Cvr Energy,4.0,0.0
2015,628,MANH,Manhattan Associates,4.0,0.0
2015,629,ZD,Ziff Davis,4.0,0.0
2015,630,MKTX,Marketaxess Holdings,4.0,0.0
2015,631,KNX,Knight-Swift Transportation Holdings,4.0,0.0
2015,632,CASY,Caseys General Stores,4.0,0.0
2015,633,OUT,OUTFRONT Media,4.0,0.0
2015,634,CRL,Charles River Laboratories International,4.0,0.0
2015,635,MAN,ManpowerGroup,4.0,0.0
2015,636,SM,SM Energy,4.0,0.0
2015,637,INSM,Insmed,4.0,0.0
2015,638,WAL,Western Alliance Ban,4.0,0.0
2015,639,ON,On Semiconductor,4.0,0.0
2015,640,AGIO,Agios Pharmaceuticals,4.0,0.0
2015,641,PFGC,Performance Food Group,4.0,0.0
2015,642,ACM,Aecom,4.0,0.0
2015,643,CNK,Cinemark Holdings,4.0,0.0
2015,644,RRX,Regal Rexnord,4.0,0.0
2015,645,DX,Dynex Capital,4.0,0.0
2015,646,IMDX,Insight Molecular Diagnostics,4.0,0.0
2015,647,NOG,Northern Oil & Gas,4.0,0.0
2015,648,TRMB,Trimble,4.0,0.0
2015,649,SMG,Scotts Miracle-Gro,4.0,0.0
2015,650,OC,Owens Corning,4.0,0.0
2015,651,GMED,Globus Medical,4.0,0.0
2015,652,DPZ,Dominos Pizza,4.0,0.0
2015,653,CBSH,Commerce Bancshares Inc /Mo/,4.0,0.0
2015,654,SKT,Tanger,4.0,0.0
2015,655,AL,Air Lease,4.0,0.0
2015,656,BIO,Bio-Rad Laboratories,4.0,0.0
2015,657,REXR,Rexford Industrial Realty,4.0,0.0
2015,658,OII,Oceaneering International,4.0,0.0
2015,659,IDA,Idacorp,4.0,0.0
2015,660,ZBRA,Zebra Technologies,4.0,0.0
2015,661,BAH,Booz Allen Hamilton Holding,4.0,0.0
2015,662,SFNC,Simmons First National,4.0,0.0
2015,663,DKS,Dick's Sporting Goods,4.0,0.0
2015,664,CTMX,CytomX Therapeutics,4.0,0.0
2015,665,FAF,First American Financial,4.0,0.0
2015,666,SNX,Td Synnex,4.0,0.0
2015,667,HAIN,Hain Celestial Group,4.0,0.0
2015,668,CSL,Carlisle Companies,4.0,0.0
2015,669,BFAM,Bright Horizons Family Solutions,4.0,0.0
2015,670,SCI,Service Corp International,4.0,0.0
2015,671,EPC,Edgewell Personal Care,4.0,0.0
2015,672,HEI,Heico,4.0,0.0
2015,673,BOKF,Bok Financial,4.0,0.0
2015,674,DHC,Diversified Healthcare Trust,4.0,0.0
2015,675,AVT,Avnet,4.0,0.0
2015,676,NEU,Newmarket,4.0,0.0
2015,677,UMBF,Umb Financial,4.0,0.0
2015,678,HXL,Hexcel Corp,4.0,0.0
2015,679,STAG,STAG Industrial,4.0,0.0
2015,680,SR,Spire,4.0,0.0
2015,681,BKH,Black Hills Corp /Sd/,4.0,0.0
2015,682,DCI,DONALDSON Co,4.0,0.0
2015,683,COHR,Coherent,3.0,0.0
2015,684,GBCI,Glacier Bancorp,3.0,0.0
2015,685,AKBA,Akebia Therapeutics,3.0,0.0
2015,686,GNTX,Gentex,3.0,0.0
2015,687,CIEN,Ciena,3.0,0.0
2015,688,CIM,Chimera Investment,3.0,0.0
2015,689,PHM,Pultegroup Inc/Mi/,3.0,0.0
2015,690,TOL,Toll Brothers,3.0,0.0
2015,691,MSM,Msc Industrial Direct Co,3.0,0.0
2015,692,LPLA,LPL Financial Holdings,3.0,0.0
2015,693,IOVA,Iovance Biotherapeutics,3.0,0.0
2015,694,SHOP,Shopify,3.0,0.0
2015,695,KW,Kennedy-Wilson Holdings,3.0,0.0
2015,696,CRI,Carters,3.0,0.0
2015,697,TECH,Bio-Techne,3.0,0.0
2015,698,DBC,Invesco DB Commodity Index Tracking Fund,3.0,0.0
2015,699,NJR,New Jersey Resources,3.0,0.0
2015,700,BC,Brunswick,3.0,0.0
2015,701,ACRS,Aclaris Therapeutics,3.0,0.0
2015,702,PCRX,Pacira BioSciences,3.0,0.0
2015,703,AGCO,Agco Corp,3.0,0.0
2015,704,WTFC,Wintrust Financial,3.0,0.0
2015,705,RHP,Ryman Hospitality Properties,3.0,0.0
2015,706,AMCX,AMC Networks,3.0,0.0
2015,707,VYX,NCR Voyix,3.0,0.0
2015,708,SLGN,Silgan Holdings,3.0,0.0
2015,709,TDOC,Teladoc Health,3.0,0.0
2015,710,TER,Teradyne,3.0,0.0
2015,711,RLJ,RLJ Lodging Trust,3.0,0.0
2015,712,GERN,Geron,3.0,0.0
2015,713,MUR,Murphy Oil,3.0,0.0
2015,714,DLB,Dolby Laboratories,3.0,0.0
2015,715,PEB,Pebblebrook Hotel Trust,3.0,0.0
2015,716,CMP,Compass Minerals International,3.0,0.0
2015,717,ITT,Itt,3.0,0.0
2015,718,MZTI,Marzetti,3.0,0.0
2015,719,OGS,ONE Gas,3.0,0.0
2015,720,MTCH,Match Group,3.0,0.0
2015,721,CHRS,Coherus Oncology,3.0,0.0
2015,722,HNI,Hni,3.0,0.0
2015,723,MPWR,Monolithic Power Systems,3.0,0.0
2015,724,ESI,Element Solutions,3.0,0.0
2015,725,SYNA,Synaptics,3.0,0.0
2015,726,ASH,Ashland,3.0,0.0
2015,727,EHC,Encompass Health,3.0,0.0
2015,728,TSN,Tyson Foods,3.0,0.0
2015,729,RGLD,Royal Gold,3.0,0.0
2015,730,KOS,Kosmos Energy,3.0,0.0
2015,731,ESRT,Empire State Realty Trust,3.0,0.0
2015,732,FCNCA,First Citizens Bancshares Inc,3.0,0.0
2015,733,CBRL,Cracker Barrel Old Country Store,3.0,0.0
2015,734,UNFI,United Natural Foods,3.0,0.0
2015,735,VC,Visteon,3.0,0.0
2015,736,MORN,Morningstar,3.0,0.0
2015,737,ALGT,Allegiant Travel,3.0,0.0
2015,738,BLKB,Blackbaud,3.0,0.0
2015,739,PWR,Quanta Services,3.0,0.0
2015,740,CYH,Community Health Systems,3.0,0.0
2015,741,FOLD,Amicus Therapeutics,3.0,0.0
2015,742,RS,Reliance,3.0,0.0
2015,743,EGP,Eastgroup Properties,3.0,0.0
2015,744,MMS,Maximus,3.0,0.0
2015,745,WWD,Woodward,3.0,0.0
2015,746,HUBS,Hubspot,3.0,0.0
2015,747,UE,Urban Edge Properties,3.0,0.0
2015,748,TDS,Telephone & Data Systems Inc,3.0,0.0
2015,749,SF,Stifel Financial,3.0,0.0
2015,750,POOL,Pool,3.0,0.0
2015,751,DNOW,Dnow,3.0,0.0
2015,752,NHI,National Health Investors,3.0,0.0
2015,753,FR,First Industrial Realty Trust,3.0,0.0
2015,754,PLUG,Plug Power,3.0,0.0
2015,755,APAM,Artisan Partners Asset Management,3.0,0.0
2015,756,AVA,Avista,3.0,0.0
2015,757,BWXT,BWX Technologies,3.0,0.0
2015,758,AOS,Smith A O,3.0,0.0
2015,759,WSBC,Wesbanco,3.0,0.0
2015,760,PSMT,Pricesmart,3.0,0.0
2015,761,LECO,Lincoln Electric Holdings,3.0,0.0
2015,762,THG,Hanover Insurance Group,3.0,0.0
2015,763,DVAX,Dynavax Technologies,3.0,0.0
2015,764,FIBK,First Interstate Bancsystem,3.0,0.0
2015,765,KEX,Kirby,3.0,0.0
2015,766,EEFT,Euronet Worldwide,3.0,0.0
2015,767,ICUI,Icu Medical Inc,3.0,0.0
2015,768,IBKR,Interactive Brokers Group,3.0,0.0
2015,769,PAG,Penske Automotive Group,3.0,0.0
2015,770,GSAT,Globalstar,3.0,0.0
2015,771,SEB,Seaboard Corp,3.0,0.0
2015,772,HQY,Healthequity,3.0,0.0
2015,773,RUN,Sunrun,3.0,0.0
2015,774,CRK,Comstock Resources,3.0,0.0
2015,775,JBL,Jabil,3.0,0.0
2015,776,SBH,Sally Beauty Holdings,3.0,0.0
2015,777,BURL,Burlington Stores,3.0,0.0
2015,778,LFUS,Littelfuse Inc,3.0,0.0
2015,779,PTCT,Ptc Therapeutics,3.0,0.0
2015,780,PRA,Proassurance,3.0,0.0
2015,781,SXT,Sensient Technologies,3.0,0.0
2015,782,BKU,BankUnited,3.0,0.0
2015,783,OI,"O-I Glass, Inc.",3.0,0.0
2015,784,WLY,John Wiley & Sons,3.0,0.0
2015,785,CXW,CoreCivic,3.0,0.0
2015,786,AGEN,Agenus,3.0,0.0
2015,787,CALM,Cal-Maine Foods,3.0,0.0
2015,788,PODD,Insulet,3.0,0.0
2015,789,FCPT,Four Corners Property Trust,3.0,0.0
2015,790,TGNA,Tegna,3.0,0.0
2015,791,SGRY,Surgery Partners,3.0,0.0
2015,792,PFS,Provident Financial Services,3.0,0.0
2015,793,BCRX,Biocryst Pharmaceuticals,3.0,0.0
2015,794,THC,Tenet Healthcare,3.0,0.0
2015,795,LAD,Lithia Motors,3.0,0.0
2015,796,JBTM,JBT Marel,3.0,0.0
2015,797,STLD,Steel Dynamics,3.0,0.0
2015,798,MCY,Mercury General,3.0,0.0
2015,799,ALEX,Alexander & Baldwin,3.0,0.0
2015,800,COLM,Columbia Sportswear,3.0,0.0
2015,801,AEO,American Eagle Outfitters,3.0,0.0
2015,802,OLED,Universal Display Corp \Pa\,3.0,0.0
2015,803,KALV,KalVista Pharmaceuticals,3.0,0.0
2015,804,WVE,Wave Life Sciences,3.0,0.0
2015,805,NVCR,NovoCure,3.0,0.0
2015,806,CW,Curtiss Wright,3.0,0.0
2015,807,SFM,Sprouts Farmers Market,3.0,0.0
2015,808,IART,Integra Lifesciences Holdings,3.0,0.0
2015,809,URBN,Urban Outfitters,3.0,0.0
2015,810,GRPN,Groupon,3.0,0.0
2015,811,PBH,Prestige Consumer Healthcare,2.0,0.0
2015,812,BOH,Bank Of Hawaii,2.0,0.0
2015,813,RC,Ready Capital,2.0,0.0
2015,814,FTK,Flotek Industries Inc/Cn/,2.0,0.0
2015,815,LXP,LXP Industrial Trust,2.0,0.0
2015,816,CDP,Copt Defense Properties,2.0,0.0
2015,817,TDC,Teradata Corp,2.0,0.0
2015,818,MTDR,Matador Resources,2.0,0.0
2015,819,CABO,Cable One,2.0,0.0
2015,820,OSK,Oshkosh,2.0,0.0
2015,821,CTRE,CareTrust REIT,2.0,0.0
2015,822,CHDN,Churchill Downs,2.0,0.0
2015,823,HCSG,Healthcare Services Group,2.0,0.0
2015,824,MKSI,Mks,2.0,0.0
2015,825,HASI,HA Sustainable Infrastructure Capital,2.0,0.0
2015,826,GOGO,Gogo,2.0,0.0
2015,827,BGC,BGC Group,2.0,0.0
2015,828,ELME,Elme Communities,2.0,0.0
2015,829,EPR-PE,Epr Properties,2.0,0.0
2015,830,BDN,Brandywine Realty Trust,2.0,0.0
2015,831,MGNI,Magnite,2.0,0.0
2015,832,PDM,Piedmont Realty Trust,2.0,0.0
2015,833,TXRH,Texas Roadhouse,2.0,0.0
2015,834,ARI,Apollo Commercial Real Estate Finance,2.0,0.0
2015,835,AAT,American Assets Trust,2.0,0.0
2015,836,SHO,Sunstone Hotel Investors,2.0,0.0
2015,837,FULT,Fulton Financial,2.0,0.0
2015,838,PCH,Potlatchdeltic,2.0,0.0
2015,839,ENR,Energizer Holdings,2.0,0.0
2015,840,CHH,Choice Hotels International Inc,2.0,0.0
2015,841,CCO,Clear Channel Outdoor Holdings,2.0,0.0
2015,842,ABCB,Ameris Ban,2.0,0.0
2015,843,ENOV,Enovis,2.0,0.0
2015,844,CACC,Credit Acceptance,2.0,0.0
2015,845,CVBF,Cvb Financial,2.0,0.0
2015,846,JJSF,J&J Snack Foods,2.0,0.0
2015,847,DY,Dycom Industries,2.0,0.0
2015,848,NRG,Nrg Energy,2.0,0.0
2015,849,CZR,Caesars Entertainment,2.0,0.0
2015,850,R,Ryder System,2.0,0.0
2015,851,MNKD,Mannkind,2.0,0.0
2015,852,QDMI,QDM International,2.0,0.0
2015,853,NYT,New York Times,2.0,0.0
2015,854,ORA,Ormat Technologies,2.0,0.0
2015,855,VRE,Veris Residential,2.0,0.0
2015,856,LOGI,Logitech International S.A.,2.0,0.0
2015,857,NTCT,Netscout Systems,2.0,0.0
2015,858,HOPE,Hope Bancorp,2.0,0.0
2015,859,MC,Moelis,2.0,0.0
2015,860,CLH,Clean Harbors,2.0,0.0
2015,861,FICO,Fair Isaac,2.0,0.0
2015,862,BANC,Banc Of California,2.0,0.0
2015,863,KMPR,Kemper,2.0,0.0
2015,864,CAKE,Cheesecake Factory,2.0,0.0
2015,865,ACIW,Aci Worldwide,2.0,0.0
2015,866,PCTY,Paylocity Holding,2.0,0.0
2015,867,RBC,RBC Bearings,2.0,0.0
2015,868,MTSI,MACOM Technology Solutions Holdings,2.0,0.0
2015,869,WT,WisdomTree,2.0,0.0
2015,870,LGND,Ligand Pharmaceuticals,2.0,0.0
2015,871,FFIN,First Financial Bankshares,2.0,0.0
2015,872,TCBI,Texas Capital Bancshares Inc/Tx,2.0,0.0
2015,873,GEO,Geo Group,2.0,0.0
2015,874,AMBA,Ambarella,2.0,0.0
2015,875,SAM,Boston Beer Co,2.0,0.0
2015,876,KBR,Kbr,2.0,0.0
2015,877,ENS,EnerSys,2.0,0.0
2015,878,EBS,Emergent BioSolutions,2.0,0.0
2015,879,EME,EMCOR Group,2.0,0.0
2015,880,PENN,PENN Entertainment,2.0,0.0
2015,881,NERV,Minerva Neurosciences,2.0,0.0
2015,882,CBT,Cabot,2.0,0.0
2015,883,VMI,Valmont Industries,2.0,0.0
2015,884,PEN,Penumbra,2.0,0.0
2015,885,TEX,Terex,2.0,0.0
2015,886,EVR,Evercore,2.0,0.0
2015,887,CBU,Community Financial System,2.0,0.0
2015,888,PEGA,Pegasystems,2.0,0.0
2015,889,GHC,Graham Holdings,2.0,0.0
2015,890,CATY,Cathay General Ban,2.0,0.0
2015,891,OCUL,Ocular Therapeutix,2.0,0.0
2015,892,HI,Hillenbrand,2.0,0.0
2015,893,AN,Autonation,2.0,0.0
2015,894,CHE,Chemed,2.0,0.0
2015,895,WEN,Wendy's,2.0,0.0
2015,896,MASI,Masimo,2.0,0.0
2015,897,HALO,Halozyme Therapeutics,2.0,0.0
2015,898,TNL,Travel & Leisure,2.0,0.0
2015,899,ENTG,Entegris,2.0,0.0
2015,900,EAT,Brinker International,2.0,0.0
2015,901,RNG,RingCentral,2.0,0.0
2015,902,WKC,World Kinect,2.0,0.0
2015,903,TKR,Timken,2.0,0.0
2015,904,DEA,Easterly Government Properties,2.0,0.0
2015,905,VAC,Marriott Vacations Worldwide,2.0,0.0
2015,906,LSTR,Landstar System,2.0,0.0
2015,907,CMPR,Cimpress,2.0,0.0
2015,908,HUN,Huntsman,2.0,0.0
2015,909,DRH,DiamondRock Hospitality,2.0,0.0
2015,910,UNF,Unifirst,2.0,0.0
2015,911,ALX,Alexanders,2.0,0.0
2015,912,AWI,Armstrong World Industries,2.0,0.0
2015,913,NWBI,Northwest Bancshares,2.0,0.0
2015,914,IMAX,Imax,2.0,0.0
2015,915,VIRT,Virtu Financial,2.0,0.0
2015,916,BCPC,Balchem,2.0,0.0
2015,917,SPB,Spectrum Brands Holdings,2.0,0.0
2015,918,TR,Tootsie Roll Industries,2.0,0.0
2015,919,RH,Rh,2.0,0.0
2015,920,POST,Post Holdings,2.0,0.0
2015,921,EXP,Eagle Materials,2.0,0.0
2015,922,PAYC,Paycom Software,2.0,0.0
2015,923,UI,Ubiquiti,2.0,0.0
2015,924,MTG,Mgic Investment,2.0,0.0
2015,925,FNMA,Federal National Mortgage Association Fannie Mae,2.0,0.0
2015,926,EFC,Ellington Financial,2.0,0.0
2015,927,FIVE,Five Below,2.0,0.0
2015,928,DKL,Delek Logistics Partners,2.0,0.0
2015,929,WCC,Wesco International,2.0,0.0
2015,930,ADMA,Adma Biologics,2.0,0.0
2015,931,KFY,Korn Ferry,2.0,0.0
2015,932,WMS,Advanced Drainage Systems,2.0,0.0
2015,933,GVA,Granite Construction,2.0,0.0
2015,934,BPOP,Popular,2.0,0.0
2015,935,ASGN,Asgn,2.0,0.0
2015,936,FDP,Fresh Del Monte Produce,2.0,0.0
2015,937,BUSE,First Busey Corp /Nv/,2.0,0.0
2015,938,TGTX,Tg Therapeutics,2.0,0.0
2015,939,ITGR,Integer Holdings,2.0,0.0
2015,940,PZZA,Papa Johns International,2.0,0.0
2015,941,BKE,Buckle,2.0,0.0
2015,942,CNX,CNX Resources,2.0,0.0
2015,943,CNO,CNO Financial Group,2.0,0.0
2015,944,AZZ,Azz,2.0,0.0
2015,945,NXST,Nexstar Media Group,2.0,0.0
2015,946,TVTX,Travere Therapeutics,2.0,0.0
2015,947,IRT,Independence Realty Trust,2.0,0.0
2015,948,CAPR,Capricor Therapeutics,2.0,0.0
2015,949,EXAS,Exact Sciences,2.0,0.0
2015,950,RWT,Redwood Trust,2.0,0.0
2015,951,HLI,Houlihan Lokey,2.0,0.0
2015,952,USNA,Usana Health Sciences,2.0,0.0
2015,953,GNRC,Generac Holdings,2.0,0.0
2015,954,ARLP,Alliance Resource Partners,2.0,0.0
2015,955,CVLT,Commvault Systems,2.0,0.0
2015,956,MODG,Topgolf Callaway Brands,2.0,0.0
2015,957,WSFS,Wsfs Financial,2.0,0.0
2015,958,IVT,InvenTrust Properties,2.0,0.0
2015,959,SEDG,Solaredge Technologies,2.0,0.0
2015,960,MGEE,Mge Energy,2.0,0.0
2015,961,YELP,Yelp,2.0,0.0
2015,962,ABM,Abm Industries Inc,2.0,0.0
2015,963,USAC,USA Compression Partners,2.0,0.0
2015,964,WTS,Watts Water Technologies,2.0,0.0
2015,965,CCOI,Cogent Communications Holdings,2.0,0.0
2015,966,QTWO,Q2 Holdings,2.0,0.0
2015,967,FCFS,FirstCash Holdings,2.0,0.0
2015,968,SMTC,Semtech,2.0,0.0
2015,969,CMC,Commercial Metals,2.0,0.0
2015,970,AWR,American States Water,2.0,0.0
2015,971,VSH,Vishay Intertechnology,2.0,0.0
2015,972,SPH,Suburban Propane Partners,2.0,0.0
2015,973,PRK,Park National Corp /Oh/,2.0,0.0
2015,974,CRUS,Cirrus Logic,2.0,0.0
2015,975,ITRI,Itron,2.0,0.0
2015,976,BKNG,Booking Holdings,2.0,0.0
2015,977,IBOC,International Bancshares,2.0,0.0
2015,978,SHAK,Shake Shack,2.0,0.0
2015,979,CDE,Coeur Mining,2.0,0.0
2015,980,CFFN,Capitol Federal Financial,2.0,0.0
2015,981,EGHT,8X8 Inc,2.0,0.0
2015,982,OFIX,Orthofix Medical,2.0,0.0
2015,983,GPRE,Green Plains,2.0,0.0
2015,984,OIS,Oil States International,2.0,0.0
2015,985,CNS,Cohen & Steers,2.0,0.0
2015,986,SPNT,SiriusPoint,2.0,0.0
2015,987,SEM,Select Medical Holdings,2.0,0.0
2015,988,BANR,Banner,2.0,0.0
2015,989,TTEK,Tetra Tech,2.0,0.0
2015,990,NG,Novagold Resources,2.0,0.0
2015,991,EXEL,Exelixis,2.0,0.0
2015,992,MLI,Mueller Industries,2.0,0.0
2015,993,TMHC,Taylor Morrison Home,2.0,0.0
2015,994,ATI,Ati,2.0,0.0
2015,995,DECK,Deckers Outdoor,2.0,0.0
2015,996,NTRA,Natera,2.0,0.0
2015,997,BYD,Boyd Gaming,2.0,0.0
2015,998,GATX,Gatx,2.0,0.0
2015,999,PRLB,Proto Labs,2.0,0.0
2015,1000,DAN,Dana,2.0,0.0
2016,1,AAPL,Apple,609.0,2.9
2016,2,GOOGL,Alphabet,548.0,2.6
2016,3,MSFT,Microsoft,461.0,2.2
2016,4,XOM,Exxon Mobil,374.0,1.8
2016,5,AMZN,Amazon Com,358.0,1.7
2016,6,BRK-B,Berkshire Hathaway,352.0,1.7
2016,7,META,Meta Platforms,292.0,1.4
2016,8,JNJ,Johnson & Johnson,284.0,1.3
2016,9,T,AT&T,261.0,1.2
2016,10,JPM,JPMorgan Chase,234.0,1.1
2016,11,CVX,Chevron,234.0,1.1
2016,12,VZ,Verizon Communications,224.0,1.1
2016,13,WMT,Walmart,216.0,1.0
2016,14,PFE,Pfizer,197.0,0.9
2016,15,PG,Procter & Gamble,195.0,0.9
2016,16,INTC,Intel,182.0,0.9
2016,17,KO,Coca Cola,178.0,0.8
2016,18,WFC,Wells Fargo & Company/Mn,170.0,0.8
2016,19,PM,Philip Morris International,165.0,0.8
2016,20,MRK,Merck & Co.,162.0,0.8
2016,21,BAC,Bank Of America Corp,160.0,0.8
2016,22,V,Visa,160.0,0.8
2016,23,GE,GE Aerospace,159.0,0.8
2016,24,CMCSA,Comcast,158.0,0.7
2016,25,BA,Boeing,158.0,0.7
2016,26,IBM,International Business Machines,157.0,0.7
2016,27,DIS,Walt Disney,151.0,0.7
2016,28,UNH,Unitedhealth Group,145.0,0.7
2016,29,PEP,Pepsico,143.0,0.7
2016,30,PCG,Pg&E,134.0,0.6
2016,31,AMCR,Amcor,129.0,0.6
2016,32,SLB,Schlumberger Limited/Nv,126.0,0.6
2016,33,KDP,Keurig Dr Pepper,123.0,0.6
2016,34,HD,Home Depot,123.0,0.6
2016,35,CSCO,Cisco Systems,121.0,0.6
2016,36,BMY,Bristol Myers Squibb,119.0,0.6
2016,37,ORCL,Oracle,116.0,0.5
2016,38,MO,Altria Group,113.0,0.5
2016,39,ABBV,AbbVie,111.0,0.5
2016,40,MMM,3M,107.0,0.5
2016,41,MDT,Medtronic,105.0,0.5
2016,42,KHC,Kraft Heinz,103.0,0.5
2016,43,C,Citigroup,103.0,0.5
2016,44,CVS,Cvs Health,100.0,0.5
2016,45,MA,Mastercard,92.0,0.4
2016,46,ENB,Enbridge,92.0,0.4
2016,47,RTX,Rtx,90.0,0.4
2016,48,GILD,Gilead Sciences,89.0,0.4
2016,49,HON,Honeywell International,88.0,0.4
2016,50,UPS,United Parcel Service,82.0,0.4
2016,51,AVGO,Broadcom,80.0,0.4
2016,52,USB,Us Bancorp \De\,80.0,0.4
2016,53,AMGN,Amgen,79.0,0.4
2016,54,MDLZ,Mondelez International,77.0,0.4
2016,55,NKE,Nike,74.0,0.4
2016,56,ACN,Accenture,74.0,0.3
2016,57,GS,Goldman Sachs Group,73.0,0.3
2016,58,QCOM,Qualcomm Inc,71.0,0.3
2016,59,OXY,Occidental Petroleum Corp,70.0,0.3
2016,60,LLY,Eli Lilly,69.0,0.3
2016,61,SCHW,Schwab Charles,69.0,0.3
2016,62,WBD,Warner Bros. Discovery,69.0,0.3
2016,63,D,Dominion Energy,67.0,0.3
2016,64,ABT,Abbott Laboratories,67.0,0.3
2016,65,COST,Costco Wholesale Corp,67.0,0.3
2016,66,TXN,Texas Instruments,66.0,0.3
2016,67,MS,Morgan Stanley,66.0,0.3
2016,68,CRM,Salesforce,65.0,0.3
2016,69,PLDGP,Prologis,65.0,0.3
2016,70,BKR,Baker Hughes,64.0,0.3
2016,71,CCL,Carnival,64.0,0.3
2016,72,TMUS,T-Mobile US,63.0,0.3
2016,73,SBUX,Starbucks,62.0,0.3
2016,74,UNP,Union Pacific,61.0,0.3
2016,75,COP,Conocophillips,61.0,0.3
2016,76,DUK,Duke Energy,60.0,0.3
2016,77,MET,Metlife,59.0,0.3
2016,78,TFC,Truist Financial,59.0,0.3
2016,79,EPD,Enterprise Products Partners L.P.,58.0,0.3
2016,80,LMT,Lockheed Martin,57.0,0.3
2016,81,NEE,Nextera Energy,56.0,0.3
2016,82,SO,Southern,55.0,0.3
2016,83,COF,Capital One Financial,55.0,0.3
2016,84,LIN,Linde,54.0,0.3
2016,85,DHR,Danaher Corp,54.0,0.3
2016,86,EOG,Eog Resources,54.0,0.3
2016,87,NFLX,Netflix,53.0,0.3
2016,88,CL,Colgate Palmolive,53.0,0.2
2016,89,TMO,Thermo Fisher Scientific,52.0,0.2
2016,90,O,Realty Income,52.0,0.2
2016,91,CB,Chubb,52.0,0.2
2016,92,AXP,American Express,51.0,0.2
2016,93,AMT,American Tower Corp /Ma/,49.0,0.2
2016,94,PLD,Prologis,49.0,0.2
2016,95,TJX,Tjx Companies Inc,49.0,0.2
2016,96,F,Ford Motor,48.0,0.2
2016,97,PNC,Pnc Financial Services Group,47.0,0.2
2016,98,WELL,Welltower,47.0,0.2
2016,99,GD,General Dynamics,47.0,0.2
2016,100,KMI,Kinder Morgan,46.0,0.2
2016,101,SYK,Stryker,46.0,0.2
2016,102,FDX,Fedex,46.0,0.2
2016,103,HAL,Halliburton,45.0,0.2
2016,104,CAT,Caterpillar,43.0,0.2
2016,105,BIIB,Biogen,42.0,0.2
2016,106,CME,Cme Group,41.0,0.2
2016,107,ADP,Automatic Data Processing,41.0,0.2
2016,108,ADBE,Adobe,40.0,0.2
2016,109,PSA,Public Storage,39.0,0.2
2016,110,FIS,Fidelity National Information Services,39.0,0.2
2016,111,IEP,Icahn Enterprises L.P.,38.0,0.2
2016,112,REGN,Regeneron Pharmaceuticals,38.0,0.2
2016,113,WMB,Williams Companies,38.0,0.2
2016,114,NVDA,NVIDIA,38.0,0.2
2016,115,KMB,Kimberly Clark,38.0,0.2
2016,116,CCI,Crown Castle,38.0,0.2
2016,117,LOW,Lowes Companies,38.0,0.2
2016,118,NEM,NEWMONT Corp,37.0,0.2
2016,119,PRU,Prudential Financial,36.0,0.2
2016,120,OKE,Oneok Inc /New/,36.0,0.2
2016,121,CHTR,"Charter Communications, Inc. /Mo/",36.0,0.2
2016,122,LVS,Las Vegas Sands,36.0,0.2
2016,123,ITW,Illinois Tool Works,35.0,0.2
2016,124,BDX,Becton Dickinson,35.0,0.2
2016,125,PYPL,PayPal Holdings,35.0,0.2
2016,126,EQIX,Equinix,35.0,0.2
2016,127,CI,Cigna Group,35.0,0.2
2016,128,MPLX,Mplx,35.0,0.2
2016,129,AIG,American International Group,35.0,0.2
2016,130,PSX,Phillips 66,35.0,0.2
2016,131,TSLA,Tesla,35.0,0.2
2016,132,AEP,American Electric Power Co,34.0,0.2
2016,133,CSX,Csx,34.0,0.2
2016,134,DLR,Digital Realty Trust,34.0,0.2
2016,135,GIS,General Mills,33.0,0.2
2016,136,MMC,Marsh & Mclennan Companies,33.0,0.2
2016,137,ECL,Ecolab,33.0,0.2
2016,138,NOC,Northrop Grumman Corp,33.0,0.2
2016,139,EXC,Exelon,33.0,0.2
2016,140,BK,Bank of New York Mellon,33.0,0.2
2016,141,DAL,Delta Air Lines,32.0,0.2
2016,142,BSX,Boston Scientific,32.0,0.2
2016,143,APD,Air Products & Chemicals,32.0,0.2
2016,144,ICE,Intercontinental Exchange,32.0,0.2
2016,145,SPGI,S&P Global,32.0,0.2
2016,146,ELV,Elevance Health,32.0,0.2
2016,147,GM,General Motors,31.0,0.1
2016,148,EMR,Emerson Electric,31.0,0.1
2016,149,TGT,Target,31.0,0.1
2016,150,ADI,Analog Devices,31.0,0.1
2016,151,AAL,American Airlines Group,31.0,0.1
2016,152,IFF,International Flavors & Fragrances,30.0,0.1
2016,153,INTU,Intuit,30.0,0.1
2016,154,VTR,Ventas,29.0,0.1
2016,155,NLY,Annaly Capital Management,29.0,0.1
2016,156,WM,Waste Management,29.0,0.1
2016,157,FANG,Diamondback Energy,28.0,0.1
2016,158,DVN,Devon Energy Corp,28.0,0.1
2016,159,AFL,Aflac,28.0,0.1
2016,160,EL,Estee Lauder Companies,28.0,0.1
2016,161,EIX,Edison International,28.0,0.1
2016,162,LYB,LyondellBasell Industries N.V.,28.0,0.1
2016,163,AILIH,Ameren Illinois,27.0,0.1
2016,164,ED,Consolidated Edison,27.0,0.1
2016,165,CTSH,Cognizant Technology Solutions,27.0,0.1
2016,166,ILMN,Illumina,27.0,0.1
2016,167,AILIP,Ameren Illinois,27.0,0.1
2016,168,SYY,Sysco,27.0,0.1
2016,169,STZ,Constellation Brands,27.0,0.1
2016,170,ETN,Eaton Corp,26.0,0.1
2016,171,TRV,Travelers Companies,26.0,0.1
2016,172,ORLY,O Reilly Automotive,26.0,0.1
2016,173,PPL,Ppl,26.0,0.1
2016,174,XEL,Xcel Energy,25.0,0.1
2016,175,OMC,Omnicom Group,25.0,0.1
2016,176,JCI,Johnson Controls International,25.0,0.1
2016,177,SRE,Sempra,25.0,0.1
2016,178,MNST,Monster Beverage,25.0,0.1
2016,179,SHW,Sherwin Williams,25.0,0.1
2016,180,SCCO,Southern Copper Corp/,25.0,0.1
2016,181,LUV,Southwest Airlines,25.0,0.1
2016,182,AVB,Avalonbay Communities,25.0,0.1
2016,183,NXPI,NXP Semiconductors N.V.,25.0,0.1
2016,184,HBAN,Huntington Bancshares Inc /Md/,25.0,0.1
2016,185,ISRG,Intuitive Surgical,25.0,0.1
2016,186,HUM,Humana,24.0,0.1
2016,187,NSC,Norfolk Southern,24.0,0.1
2016,188,EQR,Equity Residential,24.0,0.1
2016,189,K,Kellanova,24.0,0.1
2016,190,AON,Aon,24.0,0.1
2016,191,DE,Deere,24.0,0.1
2016,192,IP,International Paper Co /New/,24.0,0.1
2016,193,LUMN,Lumen Technologies,24.0,0.1
2016,194,UAL,United Airlines Holdings,24.0,0.1
2016,195,MTB,M&T Bank,23.0,0.1
2016,196,BAX,Baxter International,23.0,0.1
2016,197,PAA,Plains All American Pipeline,23.0,0.1
2016,198,AMAT,Applied Materials Inc,23.0,0.1
2016,199,ZTS,Zoetis,23.0,0.1
2016,200,PCAR,Paccar,22.0,0.1
2016,201,FITB,Fifth Third Ban,22.0,0.1
2016,202,RCL,Royal Caribbean Cruises,22.0,0.1
2016,203,VFC,V F,22.0,0.1
2016,204,WDAY,Workday,22.0,0.1
2016,205,ADM,Archer-Daniels-Midland,22.0,0.1
2016,206,MAR,Marriott International Inc /Md/,22.0,0.1
2016,207,PEG,Public Service Enterprise Group,22.0,0.1
2016,208,WY,Weyerhaeuser,22.0,0.1
2016,209,STT,State Street,22.0,0.1
2016,210,BX,Blackstone,21.0,0.1
2016,211,PPG,Ppg Industries,21.0,0.1
2016,212,PAYX,Paychex,21.0,0.1
2016,213,HRL,Hormel Foods Corp,21.0,0.1
2016,214,HSY,Hershey,21.0,0.1
2016,215,CP,Canadian Pacific Kansas City Ltd/Cn,21.0,0.1
2016,216,GLW,Corning Inc /Ny,21.0,0.1
2016,217,AGNC,AGNC Investment,21.0,0.1
2016,218,MU,Micron Technology,21.0,0.1
2016,219,ES,Eversource Energy,21.0,0.1
2016,220,PGR,Progressive Corp/Oh/,21.0,0.1
2016,221,APH,Amphenol Corp,21.0,0.1
2016,222,DOC,Healthpeak Properties,21.0,0.1
2016,223,ZBH,Zimmer Biomet Holdings,21.0,0.1
2016,224,BEN,Franklin Resources,21.0,0.1
2016,225,VLO,Valero Energy Corp/Tx,20.0,0.1
2016,226,TEL,TE Connectivity,20.0,0.1
2016,227,INCY,Incyte,20.0,0.1
2016,228,BXP,Bxp,20.0,0.1
2016,229,KEY,Keycorp /New/,20.0,0.1
2016,230,ROST,Ross Stores,20.0,0.1
2016,231,EW,Edwards Lifesciences,20.0,0.1
2016,232,VNO,Vornado Realty Trust,20.0,0.1
2016,233,EA,Electronic Arts,20.0,0.1
2016,234,WDC,Western Digital,20.0,0.1
2016,235,KR,Kroger,20.0,0.1
2016,236,TT,Trane Technologies,19.0,0.1
2016,237,ALL,Allstate,19.0,0.1
2016,238,LHX,"L3Harris Technologies, Inc.",19.0,0.1
2016,239,WEC,Wec Energy Group,19.0,0.1
2016,240,ROP,Roper Technologies,19.0,0.1
2016,241,FCX,Freeport-Mcmoran,19.0,0.1
2016,242,ARE,Alexandria Real Estate Equities,19.0,0.1
2016,243,CMI,Cummins,19.0,0.1
2016,244,VRTX,Vertex Pharmaceuticals Inc / Ma,19.0,0.1
2016,245,NWL,Newell Brands,19.0,0.1
2016,246,FTV,Fortive,19.0,0.1
2016,247,AMD,Advanced Micro Devices,18.0,0.1
2016,248,MAC,Macerich,18.0,0.1
2016,249,TAP,Molson Coors Beverage,18.0,0.1
2016,250,APTV,Aptiv,18.0,0.1
2016,251,CAG,Conagra Brands,18.0,0.1
2016,252,FE,Firstenergy,18.0,0.1
2016,253,CNLHN,Connecticut Light & Power,18.0,0.1
2016,254,SWK,Stanley Black & Decker,18.0,0.1
2016,255,CTRA,Coterra Energy,18.0,0.1
2016,256,DTE,Dte Energy,18.0,0.1
2016,257,PH,Parker-Hannifin,18.0,0.1
2016,258,RSG,Republic Services,18.0,0.1
2016,259,LRCX,Lam Research,18.0,0.1
2016,260,YUM,Yum Brands,18.0,0.1
2016,261,MCK,Mckesson,17.0,0.1
2016,262,IMO,Imperial Oil,17.0,0.1
2016,263,HPE,Hewlett Packard Enterprise,17.0,0.1
2016,264,CAH,Cardinal Health,17.0,0.1
2016,265,KIM,Kimco Realty,17.0,0.1
2016,266,EMN,Eastman Chemical,17.0,0.1
2016,267,WES,Western Midstream Partners,17.0,0.1
2016,268,QSR,Restaurant Brands International,17.0,0.1
2016,269,NTRS,Northern Trust,17.0,0.1
2016,270,HCA,HCA Healthcare,16.0,0.1
2016,271,MCO,Moodys Corp,16.0,0.1
2016,272,TROW,Price T Rowe Group,16.0,0.1
2016,273,VMC,Vulcan Materials,16.0,0.1
2016,274,EXR,Extra Space Storage,16.0,0.1
2016,275,GPN,Global Payments,16.0,0.1
2016,276,CPB,Campbell's,16.0,0.1
2016,277,EG,Everest Group,16.0,0.1
2016,278,CNP,Centerpoint Energy,16.0,0.1
2016,279,COTY,Coty,16.0,0.1
2016,280,BMRN,Biomarin Pharmaceutical,16.0,0.1
2016,281,ADSK,Autodesk,15.0,0.1
2016,282,COR,Cencora,15.0,0.1
2016,283,CFG,Citizens Financial Group Inc/Ri,15.0,0.1
2016,284,ROK,Rockwell Automation,15.0,0.1
2016,285,DG,Dollar General,15.0,0.1
2016,286,CINF,Cincinnati Financial,15.0,0.1
2016,287,SIRI,Sirius Xm Holdings,15.0,0.1
2016,288,ESS,Essex Property Trust,15.0,0.1
2016,289,MPC,Marathon Petroleum,15.0,0.1
2016,290,PR,Permian Resources,15.0,0.1
2016,291,DLTR,Dollar Tree,15.0,0.1
2016,292,CLX,Clorox Co,15.0,0.1
2016,293,AEE,Ameren,15.0,0.1
2016,294,TDG,TransDigm Group,14.0,0.1
2016,295,GEN,Gen Digital,14.0,0.1
2016,296,WAB,Westinghouse Air Brake Technologies,14.0,0.1
2016,297,AWK,American Water Works Company,14.0,0.1
2016,298,PANW,Palo Alto Networks,14.0,0.1
2016,299,EFX,Equifax,14.0,0.1
2016,300,SJM,J M Smucker,14.0,0.1
2016,301,CQP,"Cheniere Energy Partners, L.P.",14.0,0.1
2016,302,MCHP,Microchip Technology,14.0,0.1
2016,303,EXPE,Expedia Group,14.0,0.1
2016,304,WCN,Waste Connections,14.0,0.1
2016,305,MSI,Motorola Solutions,14.0,0.1
2016,306,NUE,Nucor,14.0,0.1
2016,307,KKR,KKR & Co.,14.0,0.1
2016,308,BF-A,Brown Forman,14.0,0.1
2016,309,FAST,Fastenal,14.0,0.1
2016,310,NOV,Nov,14.0,0.1
2016,311,IVZ,Invesco,13.0,0.1
2016,312,BFH,Bread Financial Holdings,13.0,0.1
2016,313,HPQ,Hp,13.0,0.1
2016,314,AJG,Arthur J. Gallagher,13.0,0.1
2016,315,MLM,Martin Marietta Materials,13.0,0.1
2016,316,EBAY,Ebay,13.0,0.1
2016,317,HPP,Hudson Pacific Properties,13.0,0.1
2016,318,LH,Labcorp Holdings,13.0,0.1
2016,319,ETR,Entergy Corp,13.0,0.1
2016,320,HIG,Hartford Insurance Group,13.0,0.1
2016,321,GPC,Genuine Parts,13.0,0.1
2016,322,FREJP,Federal Home Loan Mortgage,13.0,0.1
2016,323,EVRG,Evergy,13.0,0.1
2016,324,COLB,Columbia Banking System,13.0,0.1
2016,325,ARR,Armour Residential REIT,13.0,0.1
2016,326,HST,Host Hotels & Resorts,13.0,0.1
2016,327,IQV,Iqvia Holdings,13.0,0.1
2016,328,WPC,W. P. Carey,13.0,0.1
2016,329,CMS,Cms Energy,13.0,0.1
2016,330,HLT,Hilton Worldwide Holdings,13.0,0.1
2016,331,REG,Regency Centers,13.0,0.1
2016,332,LNC,Lincoln National,13.0,0.1
2016,333,PFG,Principal Financial Group,13.0,0.1
2016,334,AZO,Autozone,13.0,0.1
2016,335,MKL,Markel Group,12.0,0.1
2016,336,NOW,ServiceNow,12.0,0.1
2016,337,RF,Regions Financial,12.0,0.1
2016,338,UAA,Under Armour,12.0,0.1
2016,339,ATO,Atmos Energy,12.0,0.1
2016,340,A,Agilent Technologies,12.0,0.1
2016,341,MHK,Mohawk Industries,12.0,0.1
2016,342,MKC,Mccormick & Co,12.0,0.1
2016,343,FRT,Federal Realty Investment Trust,12.0,0.1
2016,344,SYF,Synchrony Financial,12.0,0.1
2016,345,HSIC,Henry Schein,12.0,0.1
2016,346,TRGP,Targa Resources,12.0,0.1
2016,347,CTAS,Cintas,12.0,0.1
2016,348,XYL,Xylem,12.0,0.1
2016,349,UDR,Udr,12.0,0.1
2016,350,BALL,Ball,12.0,0.1
2016,351,DOV,Dover,12.0,0.1
2016,352,WTW,Willis Towers Watson,12.0,0.1
2016,353,XRAY,Dentsply Sirona,12.0,0.1
2016,354,APO,Apollo Global Management,12.0,0.1
2016,355,MAA,Mid America Apartment Communities,11.0,0.1
2016,356,SNPS,Synopsys,11.0,0.1
2016,357,EQT,Eqt,11.0,0.1
2016,358,SWKS,Skyworks Solutions,11.0,0.1
2016,359,CNA,Cna Financial,11.0,0.1
2016,360,NDAQ,Nasdaq,11.0,0.1
2016,361,AME,Ametek Inc/,11.0,0.1
2016,362,CMG,Chipotle Mexican Grill,11.0,0.1
2016,363,CUK,Carnival,11.0,0.1
2016,364,HAS,Hasbro,11.0,0.1
2016,365,GWW,W.W. Grainger,11.0,0.1
2016,366,SBAC,Sba Communications,11.0,0.1
2016,367,CUKPF,Carnival,11.0,0.1
2016,368,HKHC,Horizon Kinetics Holding,11.0,0.1
2016,369,DBRG,DigitalBridge Group,11.0,0.1
2016,370,ORC,Orchid Island Capital,11.0,0.1
2016,371,ENO,Entergy New Orleans,11.0,0.1
2016,372,VRSK,Verisk Analytics,11.0,0.1
2016,373,ULTA,Ulta Beauty,11.0,0.1
2016,374,NI,Nisource,11.0,0.1
2016,375,ACGL,Arch Capital Group,11.0,0.1
2016,376,FTI,TechnipFMC,11.0,0.0
2016,377,HR,Healthcare Realty Trust,11.0,0.0
2016,378,CHD,Church & Dwight Co Inc,10.0,0.0
2016,379,MARA,MARA Holdings,10.0,0.0
2016,380,AMP,Ameriprise Financial,10.0,0.0
2016,381,KLAC,Kla,10.0,0.0
2016,382,PTEN,Patterson Uti Energy,10.0,0.0
2016,383,PNR,Pentair,10.0,0.0
2016,384,ALB,Albemarle,10.0,0.0
2016,385,AAP,Advance Auto Parts,10.0,0.0
2016,386,ALK,Alaska Air Group,10.0,0.0
2016,387,DGX,Quest Diagnostics,10.0,0.0
2016,388,ALV,Autoliv,10.0,0.0
2016,389,GAP,Gap,10.0,0.0
2016,390,CLSK,Cleanspark,10.0,0.0
2016,391,TSCO,Tractor Supply Co,10.0,0.0
2016,392,RJF,Raymond James Financial,10.0,0.0
2016,393,UGI,Ugi Corp /Pa/,10.0,0.0
2016,394,SABR,Sabre,10.0,0.0
2016,395,LNT,Alliant Energy,10.0,0.0
2016,396,CNC,Centene,10.0,0.0
2016,397,AKAM,Akamai Technologies,10.0,0.0
2016,398,IRM,Iron Mountain,10.0,0.0
2016,399,L,Loews,10.0,0.0
2016,400,FHN,First Horizon,10.0,0.0
2016,401,CPAY,Corpay,10.0,0.0
2016,402,SUI,Sun Communities,9.0,0.0
2016,403,M,Macy's,9.0,0.0
2016,404,GRMN,Garmin,9.0,0.0
2016,405,IDXX,Idexx Laboratories Inc,9.0,0.0
2016,406,PNW,Pinnacle West Capital,9.0,0.0
2016,407,MOS,Mosaic,9.0,0.0
2016,408,CBRE,Cbre Group,9.0,0.0
2016,409,DELL,Dell Technologies,9.0,0.0
2016,410,FNF,Fidelity National Financial,9.0,0.0
2016,411,YUMC,Yum China Holdings,9.0,0.0
2016,412,ALKS,Alkermes plc.,9.0,0.0
2016,413,JBHT,Hunt J B Transport Services,9.0,0.0
2016,414,TTWO,Take Two Interactive Software,9.0,0.0
2016,415,RMD,Resmed,9.0,0.0
2016,416,HOLX,Hologic,9.0,0.0
2016,417,KRC,Kilroy Realty,9.0,0.0
2016,418,VSAT,Viasat,9.0,0.0
2016,419,WYNN,Wynn Resorts,9.0,0.0
2016,420,SNA,Snap-on,9.0,0.0
2016,421,GT,Goodyear Tire & Rubber Co /Oh/,9.0,0.0
2016,422,ZG,Zillow Group,9.0,0.0
2016,423,ARMK,Aramark,9.0,0.0
2016,424,WBS,Webster Financial,9.0,0.0
2016,425,LNG,Cheniere Energy,9.0,0.0
2016,426,CMA,Comerica Inc /New/,9.0,0.0
2016,427,GLPI,Gaming & Leisure Properties,9.0,0.0
2016,428,CHRW,C. H. Robinson Worldwide,9.0,0.0
2016,429,CE,Celanese,9.0,0.0
2016,430,DRI,Darden Restaurants,9.0,0.0
2016,431,SSB,SouthState,9.0,0.0
2016,432,CPT,Camden Property Trust,9.0,0.0
2016,433,RGA,Reinsurance Group Of America,9.0,0.0
2016,434,IPG,Interpublic Group Of Companies,9.0,0.0
2016,435,COO,Cooper Companies,9.0,0.0
2016,436,PGEN,Precigen,9.0,0.0
2016,437,WTRG,Essential Utilities,9.0,0.0
2016,438,XPRO,Expro Group Holdings N.V.,8.0,0.0
2016,439,MTD,Mettler Toledo International Inc/,8.0,0.0
2016,440,TXT,Textron,8.0,0.0
2016,441,STX,Seagate Technology Holdings,8.0,0.0
2016,442,BWA,Borgwarner,8.0,0.0
2016,443,JEF,Jefferies Financial Group,8.0,0.0
2016,444,NNN,Nnn Reit,8.0,0.0
2016,445,FFIV,F5,8.0,0.0
2016,446,JBLU,Jetblue Airways,8.0,0.0
2016,447,AES,Aes,8.0,0.0
2016,448,FBIN,Fortune Brands Innovations,8.0,0.0
2016,449,KMX,Carmax,8.0,0.0
2016,450,BBY,Best Buy Co,8.0,0.0
2016,451,XYZ,Block,8.0,0.0
2016,452,STWD,Starwood Property Trust,8.0,0.0
2016,453,RRC,Range Resources,8.0,0.0
2016,454,SLG,Sl Green Realty,8.0,0.0
2016,455,WRB,Berkley W R,8.0,0.0
2016,456,COMM,CommScope Holding Company,8.0,0.0
2016,457,MAT,Mattel Inc,8.0,0.0
2016,458,WAT,Waters Corp,8.0,0.0
2016,459,FLR,Fluor,8.0,0.0
2016,460,IONS,Ionis Pharmaceuticals,8.0,0.0
2016,461,MELI,Mercadolibre,8.0,0.0
2016,462,INGR,Ingredion,8.0,0.0
2016,463,LKQ,Lkq,8.0,0.0
2016,464,DHI,Horton D R Inc,8.0,0.0
2016,465,CBOE,Cboe Global Markets,8.0,0.0
2016,466,HP,Helmerich & Payne,8.0,0.0
2016,467,BR,Broadridge Financial Solutions,8.0,0.0
2016,468,FLEX,Flex,8.0,0.0
2016,469,AYI,Acuity Inc. (De),8.0,0.0
2016,470,OTEX,Open Text,8.0,0.0
2016,471,AMH,American Homes 4 Rent,8.0,0.0
2016,472,HBI,Hanesbrands,8.0,0.0
2016,473,BRX,Brixmor Property Group,7.0,0.0
2016,474,MGM,MGM Resorts International,7.0,0.0
2016,475,AA,Alcoa,7.0,0.0
2016,476,NGNE,Neurogene,7.0,0.0
2016,477,ROL,Rollins,7.0,0.0
2016,478,MPW,Medical Properties Trust,7.0,0.0
2016,479,AR,Antero Resources,7.0,0.0
2016,480,AFG,American Financial Group,7.0,0.0
2016,481,UHAL,U-Haul Holding Co /NV/,7.0,0.0
2016,482,HII,Huntington Ingalls Industries,7.0,0.0
2016,483,OPK,Opko Health,7.0,0.0
2016,484,UNM,Unum Group,7.0,0.0
2016,485,WLK,Westlake,7.0,0.0
2016,486,TPR,Tapestry,7.0,0.0
2016,487,EXPD,Expeditors International Of Washington,7.0,0.0
2016,488,ODFL,Old Dominion Freight Line,7.0,0.0
2016,489,EWBC,East West Bancorp,7.0,0.0
2016,490,ONB,Old National Bancorp /In/,7.0,0.0
2016,491,TRMB,Trimble,7.0,0.0
2016,492,VRSN,Verisign Inc/Ca,7.0,0.0
2016,493,RARE,Ultragenyx Pharmaceutical,7.0,0.0
2016,494,J,Jacobs Solutions,7.0,0.0
2016,495,OGE,Oge Energy,7.0,0.0
2016,496,SSNC,SS&C Technologies Holdings,7.0,0.0
2016,497,ALGN,Align Technology,7.0,0.0
2016,498,TYL,Tyler Technologies,7.0,0.0
2016,499,PAGP,Plains Gp Holdings,7.0,0.0
2016,500,SM,SM Energy,7.0,0.0
2016,501,CDNS,Cadence Design Systems,7.0,0.0
2016,502,ANET,Arista Networks,7.0,0.0
2016,503,WU,Western Union,7.0,0.0
2016,504,LAMR,Lamar Advertising Co,7.0,0.0
2016,505,GL,Globe Life,7.0,0.0
2016,506,IT,Gartner,7.0,0.0
2016,507,RPM,Rpm International Inc,7.0,0.0
2016,508,JAZZ,Jazz Pharmaceuticals,7.0,0.0
2016,509,CDW,Cdw,7.0,0.0
2016,510,LULU,lululemon athletica,7.0,0.0
2016,511,NTAP,NetApp,7.0,0.0
2016,512,LEA,Lear,7.0,0.0
2016,513,IEX,Idex Corp,7.0,0.0
2016,514,PB,Prosperity Bancshares,7.0,0.0
2016,515,SEE,Sealed Air Corp,7.0,0.0
2016,516,ST,Sensata Technologies Holding,7.0,0.0
2016,517,LEG,Leggett & Platt,7.0,0.0
2016,518,URI,United Rentals,7.0,0.0
2016,519,MSTR,Microstrategy,7.0,0.0
2016,520,HOG,Harley-Davidson,7.0,0.0
2016,521,UHS,Universal Health Services,6.0,0.0
2016,522,LDOS,Leidos Holdings,6.0,0.0
2016,523,UBSI,United Bankshares Inc/Wv,6.0,0.0
2016,524,NWSA,News,6.0,0.0
2016,525,MAS,Masco Corp,6.0,0.0
2016,526,JKHY,Jack Henry & Associates,6.0,0.0
2016,527,VEEV,Veeva Systems,6.0,0.0
2016,528,ZION,"Zions Bancorporation, National Association /Ut/",6.0,0.0
2016,529,RBA,Rb Global,6.0,0.0
2016,530,BRO,Brown & Brown,6.0,0.0
2016,531,RVTY,Revvity,6.0,0.0
2016,532,HUBB,Hubbell,6.0,0.0
2016,533,LYV,Live Nation Entertainment,6.0,0.0
2016,534,ELS,Equity Lifestyle Properties,6.0,0.0
2016,535,SBRA,Sabra Health Care REIT,6.0,0.0
2016,536,UTHR,United Therapeutics,6.0,0.0
2016,537,CSGP,Costar Group,6.0,0.0
2016,538,DEI,Douglas Emmett,6.0,0.0
2016,539,FLS,Flowserve,6.0,0.0
2016,540,WST,West Pharmaceutical Services,6.0,0.0
2016,541,CDTX,Cidara Therapeutics,6.0,0.0
2016,542,CUBE,CubeSmart,6.0,0.0
2016,543,MIDD,Middleby,6.0,0.0
2016,544,USFD,US Foods Holding,6.0,0.0
2016,545,WSO,Watsco,6.0,0.0
2016,546,ARES,Ares Management,6.0,0.0
2016,547,CPRT,Copart,6.0,0.0
2016,548,RNR,Renaissancere Holdings,6.0,0.0
2016,549,TWO,Two Harbors Investment,6.0,0.0
2016,550,TRU,TransUnion,6.0,0.0
2016,551,CCK,Crown Holdings,6.0,0.0
2016,552,SEIC,Sei Investments,6.0,0.0
2016,553,FDS,Factset Research Systems,6.0,0.0
2016,554,UMBF,Umb Financial,6.0,0.0
2016,555,ALLY,Ally Financial,6.0,0.0
2016,556,MSCI,Msci,6.0,0.0
2016,557,HE,Hawaiian Electric Industries,6.0,0.0
2016,558,HWM,Howmet Aerospace,6.0,0.0
2016,559,MTN,Vail Resorts,6.0,0.0
2016,560,CUZ,Cousins Properties,6.0,0.0
2016,561,KEYS,Keysight Technologies,6.0,0.0
2016,562,HIW,Highwoods Properties,6.0,0.0
2016,563,SHOP,Shopify,6.0,0.0
2016,564,NDSN,Nordson,6.0,0.0
2016,565,CFR,Cullen/Frost Bankers,6.0,0.0
2016,566,SMG,Scotts Miracle-Gro,6.0,0.0
2016,567,COHR,Coherent,6.0,0.0
2016,568,SWX,Southwest Gas Holdings,6.0,0.0
2016,569,ADC,Agree Realty,6.0,0.0
2016,570,RL,Ralph Lauren,6.0,0.0
2016,571,ALLE,Allegion,5.0,0.0
2016,572,EPR,Epr Properties,5.0,0.0
2016,573,CG,Carlyle Group,5.0,0.0
2016,574,PTC,Ptc,5.0,0.0
2016,575,TDW,Tidewater,5.0,0.0
2016,576,BHC,Bausch Health Companies,5.0,0.0
2016,577,AVY,Avery Dennison,5.0,0.0
2016,578,MD,Pediatrix Medical Group,5.0,0.0
2016,579,NFG,National Fuel Gas,5.0,0.0
2016,580,DPZ,Dominos Pizza,5.0,0.0
2016,581,ESBA,"Empire State Realty OP, L.P.",5.0,0.0
2016,582,KNX,Knight-Swift Transportation Holdings,5.0,0.0
2016,583,RGLD,Royal Gold,5.0,0.0
2016,584,TRIP,TripAdvisor,5.0,0.0
2016,585,LII,Lennox International,5.0,0.0
2016,586,CBSH,Commerce Bancshares Inc /Mo/,5.0,0.0
2016,587,TFSL,TFS Financial,5.0,0.0
2016,588,REXR,Rexford Industrial Realty,5.0,0.0
2016,589,WAL,Western Alliance Ban,5.0,0.0
2016,590,VST,Vistra,5.0,0.0
2016,591,SON,Sonoco Products,5.0,0.0
2016,592,PWR,Quanta Services,5.0,0.0
2016,593,FTNT,Fortinet,5.0,0.0
2016,594,ERIE,Erie Indemnity,5.0,0.0
2016,595,MKTX,Marketaxess Holdings,5.0,0.0
2016,596,NEOG,Neogen,5.0,0.0
2016,597,STLD,Steel Dynamics,5.0,0.0
2016,598,BXMT,Blackstone Mortgage Trust,5.0,0.0
2016,599,MSM,Msc Industrial Direct Co,5.0,0.0
2016,600,VYX,NCR Voyix,5.0,0.0
2016,601,DXCM,Dexcom,5.0,0.0
2016,602,ON,On Semiconductor,5.0,0.0
2016,603,GNL,Global Net Lease,5.0,0.0
2016,604,TDY,Teledyne Technologies,5.0,0.0
2016,605,BOKF,Bok Financial,5.0,0.0
2016,606,ALNY,Alnylam Pharmaceuticals,5.0,0.0
2016,607,KSS,Kohls,5.0,0.0
2016,608,ACAD,Acadia Pharmaceuticals,5.0,0.0
2016,609,BIO,Bio-Rad Laboratories,5.0,0.0
2016,610,QRVO,Qorvo,5.0,0.0
2016,611,WTFC,Wintrust Financial,5.0,0.0
2016,612,RHI,Robert Half,5.0,0.0
2016,613,CF,CF Industries Holdings,5.0,0.0
2016,614,GWRE,Guidewire Software,5.0,0.0
2016,615,AXS,Axis Capital Holdings,5.0,0.0
2016,616,HEI,Heico,5.0,0.0
2016,617,CLF,Cleveland-Cliffs,5.0,0.0
2016,618,WULF,Terawulf,5.0,0.0
2016,619,KRG,Kite Realty Group Trust,5.0,0.0
2016,620,CRBP,Corbus Pharmaceuticals Holdings,5.0,0.0
2016,621,PII,Polaris,5.0,0.0
2016,622,ATR,Aptargroup,5.0,0.0
2016,623,APLE,Apple Hospitality REIT,5.0,0.0
2016,624,GBCI,Glacier Bancorp,5.0,0.0
2016,625,JLL,Jones Lang Lasalle,5.0,0.0
2016,626,GDDY,GoDaddy,5.0,0.0
2016,627,BURL,Burlington Stores,5.0,0.0
2016,628,ACM,Aecom,5.0,0.0
2016,629,NVR,Nvr,5.0,0.0
2016,630,GGG,Graco,5.0,0.0
2016,631,TTC,Toro,5.0,0.0
2016,632,BKH,Black Hills Corp /Sd/,5.0,0.0
2016,633,ORI,Old Republic International,5.0,0.0
2016,634,AIZ,Assurant,5.0,0.0
2016,635,DKS,Dick's Sporting Goods,5.0,0.0
2016,636,RRX,Regal Rexnord,5.0,0.0
2016,637,SNX,Td Synnex,5.0,0.0
2016,638,W,Wayfair,5.0,0.0
2016,639,ZBRA,Zebra Technologies,5.0,0.0
2016,640,STAG,STAG Industrial,5.0,0.0
2016,641,DHC,Diversified Healthcare Trust,5.0,0.0
2016,642,LW,Lamb Weston Holdings,5.0,0.0
2016,643,PPC,Pilgrims Pride,5.0,0.0
2016,644,FNMA,Federal National Mortgage Association Fannie Mae,5.0,0.0
2016,645,CSL,Carlisle Companies,5.0,0.0
2016,646,SFNC,Simmons First National,5.0,0.0
2016,647,HLF,Herbalife,4.0,0.0
2016,648,OUT,OUTFRONT Media,4.0,0.0
2016,649,JBTM,JBT Marel,4.0,0.0
2016,650,MUR,Murphy Oil,4.0,0.0
2016,651,IDA,Idacorp,4.0,0.0
2016,652,GEL,Genesis Energy,4.0,0.0
2016,653,CNK,Cinemark Holdings,4.0,0.0
2016,654,TWLO,Twilio,4.0,0.0
2016,655,BAH,Booz Allen Hamilton Holding,4.0,0.0
2016,656,DVA,Davita,4.0,0.0
2016,657,SAFE,Safehold,4.0,0.0
2016,658,TSN,Tyson Foods,4.0,0.0
2016,659,DLB,Dolby Laboratories,4.0,0.0
2016,660,IMDX,Insight Molecular Diagnostics,4.0,0.0
2016,661,LODE,Comstock,4.0,0.0
2016,662,CIM,Chimera Investment,4.0,0.0
2016,663,GNTX,Gentex,4.0,0.0
2016,664,FHB,First Hawaiian,4.0,0.0
2016,665,FCNCA,First Citizens Bancshares Inc,4.0,0.0
2016,666,DCI,DONALDSON Co,4.0,0.0
2016,667,FLO,Flowers Foods,4.0,0.0
2016,668,LECO,Lincoln Electric Holdings,4.0,0.0
2016,669,WVE,Wave Life Sciences,4.0,0.0
2016,670,AGCO,Agco Corp,4.0,0.0
2016,671,CASY,Caseys General Stores,4.0,0.0
2016,672,CNX,CNX Resources,4.0,0.0
2016,673,KOS,Kosmos Energy,4.0,0.0
2016,674,FIBK,First Interstate Bancsystem,4.0,0.0
2016,675,G,Genpact,4.0,0.0
2016,676,INVX,Innovex International,4.0,0.0
2016,677,WSBC,Wesbanco,4.0,0.0
2016,678,OC,Owens Corning,4.0,0.0
2016,679,NERV,Minerva Neurosciences,4.0,0.0
2016,680,MAN,ManpowerGroup,4.0,0.0
2016,681,NVAX,Novavax,4.0,0.0
2016,682,WWD,Woodward,4.0,0.0
2016,683,SKT,Tanger,4.0,0.0
2016,684,RS,Reliance,4.0,0.0
2016,685,WSM,Williams Sonoma,4.0,0.0
2016,686,DX,Dynex Capital,4.0,0.0
2016,687,LAZ,Lazard,4.0,0.0
2016,688,PSTG,Pure Storage,4.0,0.0
2016,689,OSK,Oshkosh,4.0,0.0
2016,690,SGI,Somnigroup International,4.0,0.0
2016,691,OGS,ONE Gas,4.0,0.0
2016,692,MPWR,Monolithic Power Systems,4.0,0.0
2016,693,HNI,Hni,4.0,0.0
2016,694,MKSI,Mks,4.0,0.0
2016,695,RNST,Renasant,4.0,0.0
2016,696,RHP,Ryman Hospitality Properties,4.0,0.0
2016,697,MTCH,Match Group,4.0,0.0
2016,698,TER,Teradyne,4.0,0.0
2016,699,EGP,Eastgroup Properties,4.0,0.0
2016,700,DBC,Invesco DB Commodity Index Tracking Fund,4.0,0.0
2016,701,SCI,Service Corp International,4.0,0.0
2016,702,NEU,Newmarket,4.0,0.0
2016,703,EXEL,Exelixis,4.0,0.0
2016,704,AVT,Avnet,4.0,0.0
2016,705,HXL,Hexcel Corp,4.0,0.0
2016,706,NBIX,Neurocrine Biosciences,4.0,0.0
2016,707,ZD,Ziff Davis,4.0,0.0
2016,708,MZTI,Marzetti,4.0,0.0
2016,709,AL,Air Lease,4.0,0.0
2016,710,CHRS,Coherus Oncology,4.0,0.0
2016,711,LILA,Liberty Latin America,4.0,0.0
2016,712,TECH,Bio-Techne,4.0,0.0
2016,713,SR,Spire,4.0,0.0
2016,714,DNOW,Dnow,4.0,0.0
2016,715,LFUS,Littelfuse Inc,4.0,0.0
2016,716,BFAM,Bright Horizons Family Solutions,4.0,0.0
2016,717,POOL,Pool,4.0,0.0
2016,718,SEB,Seaboard Corp,4.0,0.0
2016,719,FAF,First American Financial,4.0,0.0
2016,720,PFGC,Performance Food Group,4.0,0.0
2016,721,CRL,Charles River Laboratories International,4.0,0.0
2016,722,FR,First Industrial Realty Trust,4.0,0.0
2016,723,PFS,Provident Financial Services,4.0,0.0
2016,724,EHC,Encompass Health,4.0,0.0
2016,725,RLJ,RLJ Lodging Trust,4.0,0.0
2016,726,ICUI,Icu Medical Inc,4.0,0.0
2016,727,LOGI,Logitech International S.A.,4.0,0.0
2016,728,BWXT,BWX Technologies,4.0,0.0
2016,729,CW,Curtiss Wright,4.0,0.0
2016,730,NJR,New Jersey Resources,4.0,0.0
2016,731,TEX,Terex,4.0,0.0
2016,732,AOS,Smith A O,4.0,0.0
2016,733,NHI,National Health Investors,4.0,0.0
2016,734,UCB,United Community Banks,4.0,0.0
2016,735,KEX,Kirby,4.0,0.0
2016,736,BC,Brunswick,4.0,0.0
2016,737,HAIN,Hain Celestial Group,4.0,0.0
2016,738,ENOV,Enovis,4.0,0.0
2016,739,CLDX,Celldex Therapeutics,4.0,0.0
2016,740,CDP,Copt Defense Properties,4.0,0.0
2016,741,PHM,Pultegroup Inc/Mi/,4.0,0.0
2016,742,HL,Hecla Mining Co,4.0,0.0
2016,743,BOH,Bank Of Hawaii,4.0,0.0
2016,744,ARDX,Ardelyx,4.0,0.0
2016,745,CABO,Cable One,4.0,0.0
2016,746,UI,Ubiquiti,3.0,0.0
2016,747,MTSI,MACOM Technology Solutions Holdings,3.0,0.0
2016,748,UE,Urban Edge Properties,3.0,0.0
2016,749,EPAM,EPAM Systems,3.0,0.0
2016,750,CZR,Caesars Entertainment,3.0,0.0
2016,751,ESRT,Empire State Realty Trust,3.0,0.0
2016,752,FSLR,First Solar,3.0,0.0
2016,753,TCBI,Texas Capital Bancshares Inc/Tx,3.0,0.0
2016,754,CTRE,CareTrust REIT,3.0,0.0
2016,755,PAG,Penske Automotive Group,3.0,0.0
2016,756,FULT,Fulton Financial,3.0,0.0
2016,757,PEB,Pebblebrook Hotel Trust,3.0,0.0
2016,758,ITT,Itt,3.0,0.0
2016,759,EPC,Edgewell Personal Care,3.0,0.0
2016,760,GMED,Globus Medical,3.0,0.0
2016,761,SXT,Sensient Technologies,3.0,0.0
2016,762,IART,Integra Lifesciences Holdings,3.0,0.0
2016,763,MCY,Mercury General,3.0,0.0
2016,764,ACRS,Aclaris Therapeutics,3.0,0.0
2016,765,CC,Chemours,3.0,0.0
2016,766,ASH,Ashland,3.0,0.0
2016,767,SF,Stifel Financial,3.0,0.0
2016,768,CMP,Compass Minerals International,3.0,0.0
2016,769,HUN,Huntsman,3.0,0.0
2016,770,AVA,Avista,3.0,0.0
2016,771,TDS,Telephone & Data Systems Inc,3.0,0.0
2016,772,PRA,Proassurance,3.0,0.0
2016,773,PBF,PBF Energy,3.0,0.0
2016,774,ORA,Ormat Technologies,3.0,0.0
2016,775,ALEX,Alexander & Baldwin,3.0,0.0
2016,776,TXRH,Texas Roadhouse,3.0,0.0
2016,777,CBU,Community Financial System,3.0,0.0
2016,778,FFIN,First Financial Bankshares,3.0,0.0
2016,779,DLX,Deluxe,3.0,0.0
2016,780,PCH,Potlatchdeltic,3.0,0.0
2016,781,SIG,Signet Jewelers,3.0,0.0
2016,782,MTDR,Matador Resources,3.0,0.0
2016,783,THG,Hanover Insurance Group,3.0,0.0
2016,784,CRI,Carters,3.0,0.0
2016,785,MANH,Manhattan Associates,3.0,0.0
2016,786,SLNO,Soleno Therapeutics,3.0,0.0
2016,787,EME,EMCOR Group,3.0,0.0
2016,788,ESPR,Esperion Therapeutics,3.0,0.0
2016,789,EXP,Eagle Materials,3.0,0.0
2016,790,CVBF,Cvb Financial,3.0,0.0
2016,791,MASI,Masimo,3.0,0.0
2016,792,CHUC,Charlie's Holdings,3.0,0.0
2016,793,COLM,Columbia Sportswear,3.0,0.0
2016,794,ENR,Energizer Holdings,3.0,0.0
2016,795,CBRL,Cracker Barrel Old Country Store,3.0,0.0
2016,796,IOVA,Iovance Biotherapeutics,3.0,0.0
2016,797,GSAT,Globalstar,3.0,0.0
2016,798,RBC,RBC Bearings,3.0,0.0
2016,799,PBI,Pitney Bowes Inc,3.0,0.0
2016,800,LC,LendingClub,3.0,0.0
2016,801,ALGT,Allegiant Travel,3.0,0.0
2016,802,ACHC,Acadia Healthcare Company,3.0,0.0
2016,803,CRUS,Cirrus Logic,3.0,0.0
2016,804,WLY,John Wiley & Sons,3.0,0.0
2016,805,TRNO,Terreno Realty,3.0,0.0
2016,806,TDOC,Teladoc Health,3.0,0.0
2016,807,BLKB,Blackbaud,3.0,0.0
2016,808,MMS,Maximus,3.0,0.0
2016,809,ABCB,Ameris Ban,3.0,0.0
2016,810,BKD,Brookdale Senior Living,3.0,0.0
2016,811,ATYR,aTYR PHARMA,3.0,0.0
2016,812,CLH,Clean Harbors,3.0,0.0
2016,813,R,Ryder System,3.0,0.0
2016,814,URBN,Urban Outfitters,3.0,0.0
2016,815,OLN,Olin,3.0,0.0
2016,816,VAC,Marriott Vacations Worldwide,3.0,0.0
2016,817,HRB,H&R Block,3.0,0.0
2016,818,LSTR,Landstar System,3.0,0.0
2016,819,ARLP,Alliance Resource Partners,3.0,0.0
2016,820,FDP,Fresh Del Monte Produce,3.0,0.0
2016,821,ELME,Elme Communities,3.0,0.0
2016,822,WCC,Wesco International,3.0,0.0
2016,823,BPOP,Popular,3.0,0.0
2016,824,SRPT,Sarepta Therapeutics,3.0,0.0
2016,825,SHO,Sunstone Hotel Investors,3.0,0.0
2016,826,CRK,Comstock Resources,3.0,0.0
2016,827,BDN,Brandywine Realty Trust,3.0,0.0
2016,828,PZZA,Papa Johns International,3.0,0.0
2016,829,KW,Kennedy-Wilson Holdings,3.0,0.0
2016,830,INSM,Insmed,3.0,0.0
2016,831,AEO,American Eagle Outfitters,3.0,0.0
2016,832,BGC,BGC Group,3.0,0.0
2016,833,LAB,Standard Biotools,3.0,0.0
2016,834,PSMT,Pricesmart,3.0,0.0
2016,835,LPLA,LPL Financial Holdings,3.0,0.0
2016,836,EEFT,Euronet Worldwide,3.0,0.0
2016,837,SLGN,Silgan Holdings,3.0,0.0
2016,838,ITRI,Itron,3.0,0.0
2016,839,OII,Oceaneering International,3.0,0.0
2016,840,HOPE,Hope Bancorp,3.0,0.0
2016,841,HQY,Healthequity,3.0,0.0
2016,842,CAKE,Cheesecake Factory,3.0,0.0
2016,843,MORN,Morningstar,3.0,0.0
2016,844,BKU,BankUnited,3.0,0.0
2016,845,AKBA,Akebia Therapeutics,3.0,0.0
2016,846,FICO,Fair Isaac,3.0,0.0
2016,847,LITE,Lumentum Holdings,3.0,0.0
2016,848,TKR,Timken,3.0,0.0
2016,849,PEGA,Pegasystems,3.0,0.0
2016,850,ZVRA,Zevra Therapeutics,3.0,0.0
2016,851,VMI,Valmont Industries,3.0,0.0
2016,852,CIEN,Ciena,3.0,0.0
2016,853,CACI,Caci International Inc,3.0,0.0
2016,854,EPR-PE,Epr Properties,3.0,0.0
2016,855,HCSG,Healthcare Services Group,3.0,0.0
2016,856,BUSE,First Busey Corp /Nv/,3.0,0.0
2016,857,ENTG,Entegris,3.0,0.0
2016,858,NOG,Northern Oil & Gas,3.0,0.0
2016,859,GRPN,Groupon,3.0,0.0
2016,860,GEO,Geo Group,3.0,0.0
2016,861,BCPC,Balchem,3.0,0.0
2016,862,EVR,Evercore,3.0,0.0
2016,863,AMBA,Ambarella,3.0,0.0
2016,864,OI,"O-I Glass, Inc.",3.0,0.0
2016,865,OLED,Universal Display Corp \Pa\,3.0,0.0
2016,866,AAT,American Assets Trust,3.0,0.0
2016,867,PODD,Insulet,3.0,0.0
2016,868,NWBI,Northwest Bancshares,3.0,0.0
2016,869,CBT,Cabot,3.0,0.0
2016,870,AMKR,Amkor Technology,3.0,0.0
2016,871,PDM,Piedmont Realty Trust,3.0,0.0
2016,872,TOL,Toll Brothers,3.0,0.0
2016,873,BANC,Banc Of California,3.0,0.0
2016,874,KMPR,Kemper,3.0,0.0
2016,875,ENS,EnerSys,3.0,0.0
2016,876,OMF,OneMain Holdings,3.0,0.0
2016,877,CHH,Choice Hotels International Inc,3.0,0.0
2016,878,UNFI,United Natural Foods,3.0,0.0
2016,879,JJSF,J&J Snack Foods,3.0,0.0
2016,880,MC,Moelis,3.0,0.0
2016,881,SBH,Sally Beauty Holdings,3.0,0.0
2016,882,CVI,Cvr Energy,3.0,0.0
2016,883,CATY,Cathay General Ban,3.0,0.0
2016,884,EXAS,Exact Sciences,3.0,0.0
2016,885,UNF,Unifirst,3.0,0.0
2016,886,IBOC,International Bancshares,3.0,0.0
2016,887,TDC,Teradata Corp,3.0,0.0
2016,888,PBH,Prestige Consumer Healthcare,3.0,0.0
2016,889,POST,Post Holdings,3.0,0.0
2016,890,USAC,USA Compression Partners,3.0,0.0
2016,891,PEN,Penumbra,3.0,0.0
2016,892,CHDN,Churchill Downs,2.0,0.0
2016,893,AGIO,Agios Pharmaceuticals,2.0,0.0
2016,894,TR,Tootsie Roll Industries,2.0,0.0
2016,895,HUBS,Hubspot,2.0,0.0
2016,896,GME,GameStop,2.0,0.0
2016,897,WSFS,Wsfs Financial,2.0,0.0
2016,898,CXW,CoreCivic,2.0,0.0
2016,899,CMC,Commercial Metals,2.0,0.0
2016,900,FMCC,Federal Home Loan Mortgage,2.0,0.0
2016,901,HASI,HA Sustainable Infrastructure Capital,2.0,0.0
2016,902,APAM,Artisan Partners Asset Management,2.0,0.0
2016,903,IBKR,Interactive Brokers Group,2.0,0.0
2016,904,AGEN,Agenus,2.0,0.0
2016,905,MTX,Minerals Technologies,2.0,0.0
2016,906,GVA,Granite Construction,2.0,0.0
2016,907,MGEE,Mge Energy,2.0,0.0
2016,908,ESI,Element Solutions,2.0,0.0
2016,909,KMT,Kennametal,2.0,0.0
2016,910,GNRC,Generac Holdings,2.0,0.0
2016,911,WKC,World Kinect,2.0,0.0
2016,912,IDCC,InterDigital,2.0,0.0
2016,913,LAD,Lithia Motors,2.0,0.0
2016,914,NRG,Nrg Energy,2.0,0.0
2016,915,DRH,DiamondRock Hospitality,2.0,0.0
2016,916,HTO,H2O America,2.0,0.0
2016,917,CACC,Credit Acceptance,2.0,0.0
2016,918,PAYC,Paycom Software,2.0,0.0
2016,919,DEA,Easterly Government Properties,2.0,0.0
2016,920,AROC,Archrock,2.0,0.0
2016,921,ABM,Abm Industries Inc,2.0,0.0
2016,922,MLI,Mueller Industries,2.0,0.0
2016,923,AMCX,AMC Networks,2.0,0.0
2016,924,ARI,Apollo Commercial Real Estate Finance,2.0,0.0
2016,925,NTCT,Netscout Systems,2.0,0.0
2016,926,DY,Dycom Industries,2.0,0.0
2016,927,CVLT,Commvault Systems,2.0,0.0
2016,928,YELP,Yelp,2.0,0.0
2016,929,SMTC,Semtech,2.0,0.0
2016,930,FCPT,Four Corners Property Trust,2.0,0.0
2016,931,JBL,Jabil,2.0,0.0
2016,932,MDU,Mdu Resources Group,2.0,0.0
2016,933,SPB,Spectrum Brands Holdings,2.0,0.0
2016,934,CMPR,Cimpress,2.0,0.0
2016,935,KWR,Quaker Chemical,2.0,0.0
2016,936,GHC,Graham Holdings,2.0,0.0
2016,937,RC,Ready Capital,2.0,0.0
2016,938,AIT,Applied Industrial Technologies,2.0,0.0
2016,939,DORM,Dorman Products,2.0,0.0
2016,940,CHE,Chemed,2.0,0.0
2016,941,TGNA,Tegna,2.0,0.0
2016,942,VSH,Vishay Intertechnology,2.0,0.0
2016,943,NYT,New York Times,2.0,0.0
2016,944,MTG,Mgic Investment,2.0,0.0
2016,945,GATX,Gatx,2.0,0.0
2016,946,PRI,Primerica,2.0,0.0
2016,947,NBTB,Nbt Bancorp,2.0,0.0
2016,948,WTS,Watts Water Technologies,2.0,0.0
2016,949,ALX,Alexanders,2.0,0.0
2016,950,ATI,Ati,2.0,0.0
2016,951,PRK,Park National Corp /Oh/,2.0,0.0
2016,952,SBCF,Seacoast Banking Corp Of Florida,2.0,0.0
2016,953,EAT,Brinker International,2.0,0.0
2016,954,VC,Visteon,2.0,0.0
2016,955,TNL,Travel & Leisure,2.0,0.0
2016,956,FRME,First Merchants,2.0,0.0
2016,957,SLAB,Silicon Laboratories,2.0,0.0
2016,958,LGND,Ligand Pharmaceuticals,2.0,0.0
2016,959,HI,Hillenbrand,2.0,0.0
2016,960,KBR,Kbr,2.0,0.0
2016,961,TRMK,Trustmark,2.0,0.0
2016,962,IRT,Independence Realty Trust,2.0,0.0
2016,963,UFPI,Ufp Industries,2.0,0.0
2016,964,CCO,Clear Channel Outdoor Holdings,2.0,0.0
2016,965,DAN,Dana,2.0,0.0
2016,966,CFFN,Capitol Federal Financial,2.0,0.0
2016,967,MWA,Mueller Water Products,2.0,0.0
2016,968,AEIS,Advanced Energy Industries,2.0,0.0
2016,969,SYNA,Synaptics,2.0,0.0
2016,970,HLI,Houlihan Lokey,2.0,0.0
2016,971,CWH,Camping World Holdings,2.0,0.0
2016,972,CRTO,Criteo S.A.,2.0,0.0
2016,973,FCFS,FirstCash Holdings,2.0,0.0
2016,974,FIVE,Five Below,2.0,0.0
2016,975,WEN,Wendy's,2.0,0.0
2016,976,SFBS,ServisFirst Bancshares,2.0,0.0
2016,977,SGRY,Surgery Partners,2.0,0.0
2016,978,FTK,Flotek Industries Inc/Cn/,2.0,0.0
2016,979,CWT,California Water Service Group,2.0,0.0
2016,980,TTEK,Tetra Tech,2.0,0.0
2016,981,MODG,Topgolf Callaway Brands,2.0,0.0
2016,982,GKOS,Glaukos,2.0,0.0
2016,983,POWI,Power Integrations,2.0,0.0
2016,984,EGHT,8X8 Inc,2.0,0.0
2016,985,CCOI,Cogent Communications Holdings,2.0,0.0
2016,986,SPH,Suburban Propane Partners,2.0,0.0
2016,987,SFM,Sprouts Farmers Market,2.0,0.0
2016,988,AZZ,Azz,2.0,0.0
2016,989,CTMX,CytomX Therapeutics,2.0,0.0
2016,990,AXON,Axon Enterprise,2.0,0.0
2016,991,NXST,Nexstar Media Group,2.0,0.0
2016,992,GPRE,Green Plains,2.0,0.0
2016,993,MXL,Maxlinear,2.0,0.0
2016,994,CALM,Cal-Maine Foods,2.0,0.0
2016,995,DDD,3D Systems,2.0,0.0
2016,996,NG,Novagold Resources,2.0,0.0
2016,997,BANR,Banner,2.0,0.0
2016,998,VIAV,Viavi Solutions,2.0,0.0
2016,999,HAE,Haemonetics,2.0,0.0
2016,1000,STRA,Strategic Education,2.0,0.0
2017,1,AAPL,Apple,860.0,3.4
2017,2,GOOGL,Alphabet,732.0,2.9
2017,3,MSFT,Microsoft,635.0,2.5
2017,4,AMZN,Amazon Com,566.0,2.2
2017,5,META,Meta Platforms,447.0,1.8
2017,6,BRK-B,Berkshire Hathaway,428.0,1.7
2017,7,XOM,Exxon Mobil,347.0,1.4
2017,8,JNJ,Johnson & Johnson,336.0,1.3
2017,9,BA,Boeing,299.0,1.2
2017,10,JPM,JPMorgan Chase,290.0,1.1
2017,11,WMT,Walmart,260.0,1.0
2017,12,CVX,Chevron,249.0,1.0
2017,13,T,AT&T,239.0,0.9
2017,14,V,Visa,234.0,0.9
2017,15,INTC,Intel,232.0,0.9
2017,16,VZ,Verizon Communications,223.0,0.9
2017,17,PFE,Pfizer,216.0,0.9
2017,18,BAC,Bank Of America Corp,214.0,0.8
2017,19,PG,Procter & Gamble,214.0,0.8
2017,20,UNH,Unitedhealth Group,200.0,0.8
2017,21,KO,Coca Cola,197.0,0.8
2017,22,CMCSA,Comcast,192.0,0.8
2017,23,PM,Philip Morris International,190.0,0.8
2017,24,WFC,Wells Fargo & Company/Mn,187.0,0.7
2017,25,ABBV,AbbVie,171.0,0.7
2017,26,HD,Home Depot,166.0,0.7
2017,27,PEP,Pepsico,164.0,0.6
2017,28,DIS,Walt Disney,163.0,0.6
2017,29,MRK,Merck & Co.,152.0,0.6
2017,30,IBM,International Business Machines,141.0,0.6
2017,31,ORCL,Oracle,141.0,0.6
2017,32,MMM,3M,140.0,0.6
2017,33,AMCR,Amcor,136.0,0.5
2017,34,CSCO,Cisco Systems,136.0,0.5
2017,35,MA,Mastercard,135.0,0.5
2017,36,KDP,Keurig Dr Pepper,132.0,0.5
2017,37,C,Citigroup,129.0,0.5
2017,38,BMY,Bristol Myers Squibb,125.0,0.5
2017,39,NVDA,NVIDIA,122.0,0.5
2017,40,MO,Altria Group,120.0,0.5
2017,41,HON,Honeywell International,115.0,0.5
2017,42,MDT,Medtronic,104.0,0.4
2017,43,AVGO,Broadcom,103.0,0.4
2017,44,RTX,Rtx,101.0,0.4
2017,45,SLB,Schlumberger Limited/Nv,101.0,0.4
2017,46,ABT,Abbott Laboratories,99.0,0.4
2017,47,PCG,Pg&E,99.0,0.4
2017,48,TXN,Texas Instruments,95.0,0.4
2017,49,AMGN,Amgen,94.0,0.4
2017,50,CVS,Cvs Health,92.0,0.4
2017,51,KHC,Kraft Heinz,92.0,0.4
2017,52,ACN,Accenture,91.0,0.4
2017,53,SCHW,Schwab Charles,90.0,0.4
2017,54,NKE,Nike,89.0,0.4
2017,55,GILD,Gilead Sciences,89.0,0.4
2017,56,CRM,Salesforce,89.0,0.4
2017,57,GE,GE Aerospace,88.0,0.3
2017,58,ENB,Enbridge,85.0,0.3
2017,59,UPS,United Parcel Service,85.0,0.3
2017,60,USB,Us Bancorp \De\,83.0,0.3
2017,61,NFLX,Netflix,83.0,0.3
2017,62,MS,Morgan Stanley,82.0,0.3
2017,63,CCL,Carnival,81.0,0.3
2017,64,LLY,Eli Lilly,80.0,0.3
2017,65,UNP,Union Pacific,80.0,0.3
2017,66,GS,Goldman Sachs Group,77.0,0.3
2017,67,COST,Costco Wholesale Corp,76.0,0.3
2017,68,MDLZ,Mondelez International,75.0,0.3
2017,69,NEE,Nextera Energy,74.0,0.3
2017,70,LMT,Lockheed Martin,74.0,0.3
2017,71,ADBE,Adobe,73.0,0.3
2017,72,OXY,Occidental Petroleum Corp,73.0,0.3
2017,73,CAT,Caterpillar,73.0,0.3
2017,74,LIN,Linde,72.0,0.3
2017,75,D,Dominion Energy,71.0,0.3
2017,76,PLDGP,Prologis,71.0,0.3
2017,77,TMO,Thermo Fisher Scientific,71.0,0.3
2017,78,TMUS,T-Mobile US,70.0,0.3
2017,79,QCOM,Qualcomm Inc,69.0,0.3
2017,80,AXP,American Express,68.0,0.3
2017,81,COP,Conocophillips,67.0,0.3
2017,82,AMT,American Tower Corp /Ma/,66.0,0.3
2017,83,PYPL,PayPal Holdings,66.0,0.3
2017,84,DUK,Duke Energy,65.0,0.3
2017,85,SBUX,Starbucks,65.0,0.3
2017,86,DHR,Danaher Corp,65.0,0.3
2017,87,COF,Capital One Financial,62.0,0.2
2017,88,TFC,Truist Financial,62.0,0.2
2017,89,CL,Colgate Palmolive,61.0,0.2
2017,90,PLD,Prologis,60.0,0.2
2017,91,SYK,Stryker,59.0,0.2
2017,92,PNC,Pnc Financial Services Group,58.0,0.2
2017,93,EOG,Eog Resources,57.0,0.2
2017,94,EPD,Enterprise Products Partners L.P.,57.0,0.2
2017,95,CB,Chubb,57.0,0.2
2017,96,BDX,Becton Dickinson,57.0,0.2
2017,97,WBD,Warner Bros. Discovery,56.0,0.2
2017,98,FDX,Fedex,55.0,0.2
2017,99,GD,General Dynamics,55.0,0.2
2017,100,SO,Southern,54.0,0.2
2017,101,CI,Cigna Group,54.0,0.2
2017,102,TSLA,Tesla,53.0,0.2
2017,103,CME,Cme Group,52.0,0.2
2017,104,O,Realty Income,51.0,0.2
2017,105,SPGI,S&P Global,50.0,0.2
2017,106,CSX,Csx,50.0,0.2
2017,107,F,Ford Motor,50.0,0.2
2017,108,ELV,Elevance Health,50.0,0.2
2017,109,CCI,Crown Castle,48.0,0.2
2017,110,FIS,Fidelity National Information Services,48.0,0.2
2017,111,ITW,Illinois Tool Works,48.0,0.2
2017,112,MU,Micron Technology,48.0,0.2
2017,113,ADP,Automatic Data Processing,47.0,0.2
2017,114,BIIB,Biogen,47.0,0.2
2017,115,LVS,Las Vegas Sands,46.0,0.2
2017,116,EL,Estee Lauder Companies,46.0,0.2
2017,117,AMAT,Applied Materials Inc,45.0,0.2
2017,118,WELL,Welltower,45.0,0.2
2017,119,TJX,Tjx Companies Inc,45.0,0.2
2017,120,EQIX,Equinix,45.0,0.2
2017,121,ADI,Analog Devices,44.0,0.2
2017,122,LOW,Lowes Companies,44.0,0.2
2017,123,NOC,Northrop Grumman Corp,44.0,0.2
2017,124,CHTR,"Charter Communications, Inc. /Mo/",42.0,0.2
2017,125,INTU,Intuit,42.0,0.2
2017,126,ISRG,Intuitive Surgical,41.0,0.2
2017,127,HAL,Halliburton,41.0,0.2
2017,128,NEM,NEWMONT Corp,41.0,0.2
2017,129,PSX,Phillips 66,41.0,0.2
2017,130,KMI,Kinder Morgan,40.0,0.2
2017,131,KMB,Kimberly Clark,40.0,0.2
2017,132,AEP,American Electric Power Co,40.0,0.2
2017,133,PRU,Prudential Financial,40.0,0.2
2017,134,ICE,Intercontinental Exchange,40.0,0.2
2017,135,MMC,Marsh & Mclennan Companies,40.0,0.2
2017,136,DLR,Digital Realty Trust,39.0,0.2
2017,137,REGN,Regeneron Pharmaceuticals,39.0,0.2
2017,138,EMR,Emerson Electric,39.0,0.2
2017,139,IFF,International Flavors & Fragrances,39.0,0.2
2017,140,SHW,Sherwin Williams,38.0,0.2
2017,141,STZ,Constellation Brands,38.0,0.2
2017,142,VRTX,Vertex Pharmaceuticals Inc / Ma,38.0,0.2
2017,143,EXC,Exelon,38.0,0.1
2017,144,ECL,Ecolab,38.0,0.1
2017,145,WMB,Williams Companies,37.0,0.1
2017,146,BK,Bank of New York Mellon,37.0,0.1
2017,147,SCCO,Southern Copper Corp/,37.0,0.1
2017,148,GM,General Motors,37.0,0.1
2017,149,BSX,Boston Scientific,37.0,0.1
2017,150,DAL,Delta Air Lines,37.0,0.1
2017,151,PSA,Public Storage,37.0,0.1
2017,152,APD,Air Products & Chemicals,37.0,0.1
2017,153,MAR,Marriott International Inc /Md/,36.0,0.1
2017,154,MPLX,Mplx,36.0,0.1
2017,155,DE,Deere,36.0,0.1
2017,156,MNST,Monster Beverage,36.0,0.1
2017,157,LYB,LyondellBasell Industries N.V.,36.0,0.1
2017,158,FANG,Diamondback Energy,36.0,0.1
2017,159,WM,Waste Management,35.0,0.1
2017,160,AAL,American Airlines Group,34.0,0.1
2017,161,NLY,Annaly Capital Management,34.0,0.1
2017,162,AFL,Aflac,34.0,0.1
2017,163,CTSH,Cognizant Technology Solutions,34.0,0.1
2017,164,IEP,Icahn Enterprises L.P.,34.0,0.1
2017,165,OKE,Oneok Inc /New/,34.0,0.1
2017,166,BAX,Baxter International,33.0,0.1
2017,167,PGR,Progressive Corp/Oh/,33.0,0.1
2017,168,MET,Metlife,33.0,0.1
2017,169,LUV,Southwest Airlines,33.0,0.1
2017,170,NSC,Norfolk Southern,33.0,0.1
2017,171,FREJP,Federal Home Loan Mortgage,32.0,0.1
2017,172,RCL,Royal Caribbean Cruises,32.0,0.1
2017,173,ILMN,Illumina,32.0,0.1
2017,174,AIG,American International Group,32.0,0.1
2017,175,BKR,Baker Hughes,31.0,0.1
2017,176,ED,Consolidated Edison,31.0,0.1
2017,177,ETN,Eaton Corp,31.0,0.1
2017,178,ZTS,Zoetis,30.0,0.1
2017,179,XEL,Xcel Energy,30.0,0.1
2017,180,HUM,Humana,30.0,0.1
2017,181,LRCX,Lam Research,30.0,0.1
2017,182,NXPI,NXP Semiconductors N.V.,30.0,0.1
2017,183,VFC,V F,29.0,0.1
2017,184,SYY,Sysco,29.0,0.1
2017,185,TRV,Travelers Companies,29.0,0.1
2017,186,AON,Aon,29.0,0.1
2017,187,GIS,General Mills,29.0,0.1
2017,188,WDAY,Workday,28.0,0.1
2017,189,VTR,Ventas,28.0,0.1
2017,190,TEL,TE Connectivity,28.0,0.1
2017,191,VLO,Valero Energy Corp/Tx,27.0,0.1
2017,192,GLW,Corning Inc /Ny,27.0,0.1
2017,193,TGT,Target,27.0,0.1
2017,194,FCX,Freeport-Mcmoran,27.0,0.1
2017,195,HBAN,Huntington Bancshares Inc /Md/,27.0,0.1
2017,196,STT,State Street,27.0,0.1
2017,197,ALL,Allstate,27.0,0.1
2017,198,AILIP,Ameren Illinois,27.0,0.1
2017,199,ROP,Roper Technologies,27.0,0.1
2017,200,APTV,Aptiv,27.0,0.1
2017,201,SRE,Sempra,27.0,0.1
2017,202,APH,Amphenol Corp,27.0,0.1
2017,203,AILIH,Ameren Illinois,27.0,0.1
2017,204,ADSK,Autodesk,26.0,0.1
2017,205,CP,Canadian Pacific Kansas City Ltd/Cn,26.0,0.1
2017,206,LHX,"L3Harris Technologies, Inc.",26.0,0.1
2017,207,SWK,Stanley Black & Decker,26.0,0.1
2017,208,EA,Electronic Arts,26.0,0.1
2017,209,PPG,Ppg Industries,26.0,0.1
2017,210,IP,International Paper Co /New/,26.0,0.1
2017,211,MCO,Moodys Corp,26.0,0.1
2017,212,DVN,Devon Energy Corp,26.0,0.1
2017,213,PEG,Public Service Enterprise Group,26.0,0.1
2017,214,MTB,M&T Bank,25.0,0.1
2017,215,WY,Weyerhaeuser,25.0,0.1
2017,216,PH,Parker-Hannifin,25.0,0.1
2017,217,FTV,Fortive,25.0,0.1
2017,218,BX,Blackstone,25.0,0.1
2017,219,FITB,Fifth Third Ban,25.0,0.1
2017,220,PCAR,Paccar,25.0,0.1
2017,221,AVB,Avalonbay Communities,25.0,0.1
2017,222,SNAP,Snap,25.0,0.1
2017,223,CMI,Cummins,24.0,0.1
2017,224,ZBH,Zimmer Biomet Holdings,24.0,0.1
2017,225,EIX,Edison International,24.0,0.1
2017,226,PAYX,Paychex,24.0,0.1
2017,227,EQR,Equity Residential,24.0,0.1
2017,228,ES,Eversource Energy,24.0,0.1
2017,229,GPN,Global Payments,24.0,0.1
2017,230,EW,Edwards Lifesciences,24.0,0.1
2017,231,WDC,Western Digital,24.0,0.1
2017,232,JCI,Johnson Controls International,23.0,0.1
2017,233,PPL,Ppl,23.0,0.1
2017,234,AGNC,AGNC Investment,23.0,0.1
2017,235,HSY,Hershey,23.0,0.1
2017,236,TROW,Price T Rowe Group,23.0,0.1
2017,237,TT,Trane Technologies,23.0,0.1
2017,238,NOW,ServiceNow,23.0,0.1
2017,239,YUM,Yum Brands,23.0,0.1
2017,240,BEN,Franklin Resources,23.0,0.1
2017,241,ARE,Alexandria Real Estate Equities,22.0,0.1
2017,242,K,Kellanova,22.0,0.1
2017,243,ROK,Rockwell Automation,22.0,0.1
2017,244,KEY,Keycorp /New/,22.0,0.1
2017,245,UAL,United Airlines Holdings,22.0,0.1
2017,246,CTRA,Coterra Energy,22.0,0.1
2017,247,OMC,Omnicom Group,22.0,0.1
2017,248,WEC,Wec Energy Group,22.0,0.1
2017,249,HKHC,Horizon Kinetics Holding,22.0,0.1
2017,250,QSR,Restaurant Brands International,21.0,0.1
2017,251,RSG,Republic Services,21.0,0.1
2017,252,EMN,Eastman Chemical,21.0,0.1
2017,253,XYZ,Block,21.0,0.1
2017,254,BXP,Bxp,21.0,0.1
2017,255,MCHP,Microchip Technology,21.0,0.1
2017,256,ROST,Ross Stores,20.0,0.1
2017,257,TTWO,Take Two Interactive Software,20.0,0.1
2017,258,ORLY,O Reilly Automotive,20.0,0.1
2017,259,APO,Apollo Global Management,20.0,0.1
2017,260,HPQ,Hp,20.0,0.1
2017,261,DTE,Dte Energy,20.0,0.1
2017,262,HCA,HCA Healthcare,20.0,0.1
2017,263,MPC,Marathon Petroleum,19.0,0.1
2017,264,ADM,Archer-Daniels-Midland,19.0,0.1
2017,265,MCK,Mckesson,19.0,0.1
2017,266,A,Agilent Technologies,19.0,0.1
2017,267,INCY,Incyte,19.0,0.1
2017,268,KKR,KKR & Co.,19.0,0.1
2017,269,CNP,Centerpoint Energy,19.0,0.1
2017,270,NTRS,Northern Trust,19.0,0.1
2017,271,EXR,Extra Space Storage,18.0,0.1
2017,272,HPE,Hewlett Packard Enterprise,18.0,0.1
2017,273,DLTR,Dollar Tree,18.0,0.1
2017,274,HLT,Hilton Worldwide Holdings,18.0,0.1
2017,275,DOC,Healthpeak Properties,18.0,0.1
2017,276,WCN,Waste Connections,18.0,0.1
2017,277,CLX,Clorox Co,18.0,0.1
2017,278,DG,Dollar General,18.0,0.1
2017,279,SIRI,Sirius Xm Holdings,18.0,0.1
2017,280,OVV,Ovintiv,18.0,0.1
2017,281,COR,Cencora,18.0,0.1
2017,282,CFG,Citizens Financial Group Inc/Ri,18.0,0.1
2017,283,AWK,American Water Works Company,18.0,0.1
2017,284,DD,DuPont de Nemours,18.0,0.1
2017,285,FE,Firstenergy,18.0,0.1
2017,286,CNLHN,Connecticut Light & Power,18.0,0.1
2017,287,COTY,Coty,18.0,0.1
2017,288,CNC,Centene,17.0,0.1
2017,289,WYNN,Wynn Resorts,17.0,0.1
2017,290,KR,Kroger,17.0,0.1
2017,291,ANET,Arista Networks,17.0,0.1
2017,292,SBAC,Sba Communications,17.0,0.1
2017,293,SNPS,Synopsys,17.0,0.1
2017,294,BMRN,Biomarin Pharmaceutical,17.0,0.1
2017,295,MAC,Macerich,17.0,0.1
2017,296,CAG,Conagra Brands,17.0,0.1
2017,297,MHK,Mohawk Industries,17.0,0.1
2017,298,ALNY,Alnylam Pharmaceuticals,17.0,0.1
2017,299,EBAY,Ebay,17.0,0.1
2017,300,GEN,Gen Digital,17.0,0.1
2017,301,CTAS,Cintas,17.0,0.1
2017,302,AMD,Advanced Micro Devices,17.0,0.1
2017,303,VMC,Vulcan Materials,17.0,0.1
2017,304,HRL,Hormel Foods Corp,17.0,0.1
2017,305,LUMN,Lumen Technologies,17.0,0.1
2017,306,AME,Ametek Inc/,17.0,0.1
2017,307,XYL,Xylem,17.0,0.1
2017,308,ESPR,Esperion Therapeutics,17.0,0.1
2017,309,IQV,Iqvia Holdings,16.0,0.1
2017,310,EG,Everest Group,16.0,0.1
2017,311,AEE,Ameren,16.0,0.1
2017,312,LH,Labcorp Holdings,16.0,0.1
2017,313,AJG,Arthur J. Gallagher,16.0,0.1
2017,314,IVZ,Invesco,16.0,0.1
2017,315,BF-A,Brown Forman,16.0,0.1
2017,316,TDG,TransDigm Group,16.0,0.1
2017,317,MELI,Mercadolibre,16.0,0.1
2017,318,ALGN,Align Technology,16.0,0.1
2017,319,AMP,Ameriprise Financial,16.0,0.1
2017,320,FAST,Fastenal,16.0,0.1
2017,321,MKL,Markel Group,16.0,0.1
2017,322,DOV,Dover,16.0,0.1
2017,323,HIG,Hartford Insurance Group,16.0,0.1
2017,324,ESS,Essex Property Trust,16.0,0.1
2017,325,TAP,Molson Coors Beverage,16.0,0.1
2017,326,IMO,Imperial Oil,16.0,0.1
2017,327,ARR,Armour Residential REIT,15.0,0.1
2017,328,DELL,Dell Technologies,15.0,0.1
2017,329,PFG,Principal Financial Group,15.0,0.1
2017,330,ALB,Albemarle,15.0,0.1
2017,331,EQT,Eqt,15.0,0.1
2017,332,MSI,Motorola Solutions,15.0,0.1
2017,333,RF,Regions Financial,15.0,0.1
2017,334,WPC,W. P. Carey,15.0,0.1
2017,335,PR,Permian Resources,15.0,0.1
2017,336,CINF,Cincinnati Financial,15.0,0.1
2017,337,VNO,Vornado Realty Trust,15.0,0.1
2017,338,ETR,Entergy Corp,15.0,0.1
2017,339,NUE,Nucor,15.0,0.1
2017,340,WES,Western Midstream Partners,15.0,0.1
2017,341,LNC,Lincoln National,15.0,0.1
2017,342,EXPE,Expedia Group,15.0,0.1
2017,343,FTI,TechnipFMC,15.0,0.1
2017,344,PAA,Plains All American Pipeline,15.0,0.1
2017,345,DHI,Horton D R Inc,15.0,0.1
2017,346,CMS,Cms Energy,14.0,0.1
2017,347,CAH,Cardinal Health,14.0,0.1
2017,348,CNA,Cna Financial,14.0,0.1
2017,349,CPB,Campbell's,14.0,0.1
2017,350,CQP,"Cheniere Energy Partners, L.P.",14.0,0.1
2017,351,ATO,Atmos Energy,14.0,0.1
2017,352,INVH,Invitation Homes,14.0,0.1
2017,353,SWKS,Skyworks Solutions,14.0,0.1
2017,354,CUK,Carnival,14.0,0.1
2017,355,WTW,Willis Towers Watson,14.0,0.1
2017,356,CUKPF,Carnival,14.0,0.1
2017,357,AA,Alcoa,14.0,0.1
2017,358,YUMC,Yum China Holdings,14.0,0.1
2017,359,BFH,Bread Financial Holdings,14.0,0.1
2017,360,EFX,Equifax,14.0,0.1
2017,361,WAB,Westinghouse Air Brake Technologies,14.0,0.1
2017,362,KLAC,Kla,14.0,0.1
2017,363,MKC,Mccormick & Co,14.0,0.1
2017,364,HST,Host Hotels & Resorts,14.0,0.1
2017,365,WLK,Westlake,14.0,0.1
2017,366,PANW,Palo Alto Networks,14.0,0.1
2017,367,MLM,Martin Marietta Materials,13.0,0.1
2017,368,IR,Ingersoll Rand,13.0,0.1
2017,369,SHOP,Shopify,13.0,0.1
2017,370,XRAY,Dentsply Sirona,13.0,0.1
2017,371,HPP,Hudson Pacific Properties,13.0,0.1
2017,372,GPC,Genuine Parts,13.0,0.1
2017,373,CBOE,Cboe Global Markets,13.0,0.1
2017,374,SYF,Synchrony Financial,13.0,0.1
2017,375,NOV,Nov,13.0,0.1
2017,376,CPAY,Corpay,13.0,0.1
2017,377,RJF,Raymond James Financial,13.0,0.1
2017,378,NWL,Newell Brands,13.0,0.1
2017,379,NDAQ,Nasdaq,13.0,0.1
2017,380,PNR,Pentair,13.0,0.1
2017,381,HAS,Hasbro,13.0,0.1
2017,382,CBRE,Cbre Group,13.0,0.1
2017,383,REG,Regency Centers,13.0,0.0
2017,384,COLB,Columbia Banking System,13.0,0.0
2017,385,UDR,Udr,13.0,0.0
2017,386,VRSK,Verisk Analytics,13.0,0.0
2017,387,MTD,Mettler Toledo International Inc/,13.0,0.0
2017,388,IDXX,Idexx Laboratories Inc,12.0,0.0
2017,389,RMD,Resmed,12.0,0.0
2017,390,NI,Nisource,12.0,0.0
2017,391,KIM,Kimco Realty,12.0,0.0
2017,392,EVRG,Evergy,12.0,0.0
2017,393,ACGL,Arch Capital Group,12.0,0.0
2017,394,CHD,Church & Dwight Co Inc,12.0,0.0
2017,395,MAA,Mid America Apartment Communities,12.0,0.0
2017,396,COO,Cooper Companies,12.0,0.0
2017,397,CE,Celanese,12.0,0.0
2017,398,ENO,Entergy New Orleans,12.0,0.0
2017,399,BBY,Best Buy Co,12.0,0.0
2017,400,WAT,Waters Corp,12.0,0.0
2017,401,GRMN,Garmin,11.0,0.0
2017,402,FRT,Federal Realty Investment Trust,11.0,0.0
2017,403,CDNS,Cadence Design Systems,11.0,0.0
2017,404,SUI,Sun Communities,11.0,0.0
2017,405,LNG,Cheniere Energy,11.0,0.0
2017,406,SJM,J M Smucker,11.0,0.0
2017,407,IRM,Iron Mountain,11.0,0.0
2017,408,GWW,W.W. Grainger,11.0,0.0
2017,409,HR,Healthcare Realty Trust,11.0,0.0
2017,410,ALV,Autoliv,11.0,0.0
2017,411,WTRG,Essential Utilities,11.0,0.0
2017,412,CMA,Comerica Inc /New/,11.0,0.0
2017,413,LNT,Alliant Energy,11.0,0.0
2017,414,JBHT,Hunt J B Transport Services,11.0,0.0
2017,415,ODFL,Old Dominion Freight Line,11.0,0.0
2017,416,DGX,Quest Diagnostics,11.0,0.0
2017,417,URI,United Rentals,11.0,0.0
2017,418,BWA,Borgwarner,11.0,0.0
2017,419,FNF,Fidelity National Financial,11.0,0.0
2017,420,HSIC,Henry Schein,11.0,0.0
2017,421,TRU,TransUnion,11.0,0.0
2017,422,RGA,Reinsurance Group Of America,11.0,0.0
2017,423,BR,Broadridge Financial Solutions,11.0,0.0
2017,424,CHRW,C. H. Robinson Worldwide,11.0,0.0
2017,425,W,Wayfair,11.0,0.0
2017,426,ARMK,Aramark,11.0,0.0
2017,427,VRSN,Verisign Inc/Ca,10.0,0.0
2017,428,GLPI,Gaming & Leisure Properties,10.0,0.0
2017,429,AZO,Autozone,10.0,0.0
2017,430,TRGP,Targa Resources,10.0,0.0
2017,431,FBIN,Fortune Brands Innovations,10.0,0.0
2017,432,LKQ,Lkq,10.0,0.0
2017,433,L,Loews,10.0,0.0
2017,434,PNW,Pinnacle West Capital,10.0,0.0
2017,435,ROL,Rollins,10.0,0.0
2017,436,UGI,Ugi Corp /Pa/,10.0,0.0
2017,437,VSAT,Viasat,10.0,0.0
2017,438,BALL,Ball,10.0,0.0
2017,439,WHR,Whirlpool Corp,10.0,0.0
2017,440,EXAS,Exact Sciences,10.0,0.0
2017,441,VEEV,Veeva Systems,10.0,0.0
2017,442,LYV,Live Nation Entertainment,10.0,0.0
2017,443,RIOT,Riot Platforms,10.0,0.0
2017,444,ZG,Zillow Group,10.0,0.0
2017,445,TXT,Textron,10.0,0.0
2017,446,IEX,Idex Corp,10.0,0.0
2017,447,GAP,Gap,10.0,0.0
2017,448,KMX,Carmax,10.0,0.0
2017,449,NVR,Nvr,10.0,0.0
2017,450,SSNC,SS&C Technologies Holdings,10.0,0.0
2017,451,CSGP,Costar Group,10.0,0.0
2017,452,FHN,First Horizon,10.0,0.0
2017,453,HOLX,Hologic,10.0,0.0
2017,454,FLEX,Flex,9.0,0.0
2017,455,AKAM,Akamai Technologies,9.0,0.0
2017,456,JEF,Jefferies Financial Group,9.0,0.0
2017,457,TRMB,Trimble,9.0,0.0
2017,458,AM,Antero Midstream,9.0,0.0
2017,459,CPT,Camden Property Trust,9.0,0.0
2017,460,TSCO,Tractor Supply Co,9.0,0.0
2017,461,J,Jacobs Solutions,9.0,0.0
2017,462,GT,Goodyear Tire & Rubber Co /Oh/,9.0,0.0
2017,463,HII,Huntington Ingalls Industries,9.0,0.0
2017,464,STX,Seagate Technology Holdings,9.0,0.0
2017,465,DRI,Darden Restaurants,9.0,0.0
2017,466,MSCI,Msci,9.0,0.0
2017,467,AMH-PG,American Homes 4 Rent,9.0,0.0
2017,468,ORC,Orchid Island Capital,9.0,0.0
2017,469,NWSA,News,9.0,0.0
2017,470,ALKS,Alkermes plc.,9.0,0.0
2017,471,WBS,Webster Financial,9.0,0.0
2017,472,SNA,Snap-on,9.0,0.0
2017,473,AFG,American Financial Group,9.0,0.0
2017,474,CDW,Cdw,9.0,0.0
2017,475,UNM,Unum Group,9.0,0.0
2017,476,ALLY,Ally Financial,9.0,0.0
2017,477,LEA,Lear,9.0,0.0
2017,478,TPR,Tapestry,9.0,0.0
2017,479,KRC,Kilroy Realty,9.0,0.0
2017,480,MAS,Masco Corp,9.0,0.0
2017,481,OTEX,Open Text,9.0,0.0
2017,482,INGR,Ingredion,9.0,0.0
2017,483,AVY,Avery Dennison,9.0,0.0
2017,484,COHR,Coherent,9.0,0.0
2017,485,ST,Sensata Technologies Holding,9.0,0.0
2017,486,NTAP,NetApp,9.0,0.0
2017,487,PTEN,Patterson Uti Energy,9.0,0.0
2017,488,ULTA,Ulta Beauty,9.0,0.0
2017,489,WRB,Berkley W R,9.0,0.0
2017,490,SEIC,Sei Investments,9.0,0.0
2017,491,EXPD,Expeditors International Of Washington,9.0,0.0
2017,492,SSB,SouthState,9.0,0.0
2017,493,MGM,MGM Resorts International,9.0,0.0
2017,494,TYL,Tyler Technologies,9.0,0.0
2017,495,ALK,Alaska Air Group,8.0,0.0
2017,496,EWBC,East West Bancorp,8.0,0.0
2017,497,JKHY,Jack Henry & Associates,8.0,0.0
2017,498,CPRT,Copart,8.0,0.0
2017,499,TDY,Teledyne Technologies,8.0,0.0
2017,500,HWM,Howmet Aerospace,8.0,0.0
2017,501,GL,Globe Life,8.0,0.0
2017,502,IONS,Ionis Pharmaceuticals,8.0,0.0
2017,503,JAZZ,Jazz Pharmaceuticals,8.0,0.0
2017,504,JBLU,Jetblue Airways,8.0,0.0
2017,505,ON,On Semiconductor,8.0,0.0
2017,506,IT,Gartner,8.0,0.0
2017,507,MPW,Medical Properties Trust,8.0,0.0
2017,508,CG,Carlyle Group,8.0,0.0
2017,509,DBRG,DigitalBridge Group,8.0,0.0
2017,510,RVTY,Revvity,8.0,0.0
2017,511,COMM,CommScope Holding Company,8.0,0.0
2017,512,MTN,Vail Resorts,8.0,0.0
2017,513,LDOS,Leidos Holdings,8.0,0.0
2017,514,NNN,Nnn Reit,8.0,0.0
2017,515,MOS,Mosaic,8.0,0.0
2017,516,OLED,Universal Display Corp \Pa\,8.0,0.0
2017,517,SABR,Sabre,8.0,0.0
2017,518,HEI,Heico,8.0,0.0
2017,519,CMG,Chipotle Mexican Grill,8.0,0.0
2017,520,EXEL,Exelixis,8.0,0.0
2017,521,AMH,American Homes 4 Rent,8.0,0.0
2017,522,STWD,Starwood Property Trust,8.0,0.0
2017,523,PVLA,Palvella Therapeutics,8.0,0.0
2017,524,ELS,Equity Lifestyle Properties,8.0,0.0
2017,525,FLR,Fluor,8.0,0.0
2017,526,NBIX,Neurocrine Biosciences,8.0,0.0
2017,527,ALT,Altimmune,8.0,0.0
2017,528,BHC,Bausch Health Companies,8.0,0.0
2017,529,AES,Aes,8.0,0.0
2017,530,BURL,Burlington Stores,8.0,0.0
2017,531,KEYS,Keysight Technologies,8.0,0.0
2017,532,ROKU,Roku,8.0,0.0
2017,533,LW,Lamb Weston Holdings,8.0,0.0
2017,534,SLG,Sl Green Realty,8.0,0.0
2017,535,FFIV,F5,8.0,0.0
2017,536,CC,Chemours,8.0,0.0
2017,537,LAMR,Lamar Advertising Co,8.0,0.0
2017,538,ZION,"Zions Bancorporation, National Association /Ut/",7.0,0.0
2017,539,GGG,Graco,7.0,0.0
2017,540,UHAL,U-Haul Holding Co /NV/,7.0,0.0
2017,541,HBI,Hanesbrands,7.0,0.0
2017,542,PPC,Pilgrims Pride,7.0,0.0
2017,543,OC,Owens Corning,7.0,0.0
2017,544,IPG,Interpublic Group Of Companies,7.0,0.0
2017,545,FTNT,Fortinet,7.0,0.0
2017,546,FDS,Factset Research Systems,7.0,0.0
2017,547,MTCH,Match Group,7.0,0.0
2017,548,SEE,Sealed Air Corp,7.0,0.0
2017,549,FSLR,First Solar,7.0,0.0
2017,550,LII,Lennox International,7.0,0.0
2017,551,HUBB,Hubbell,7.0,0.0
2017,552,LULU,lululemon athletica,7.0,0.0
2017,553,PTC,Ptc,7.0,0.0
2017,554,MKTX,Marketaxess Holdings,7.0,0.0
2017,555,PII,Polaris,7.0,0.0
2017,556,PROP,Prairie Operating,7.0,0.0
2017,557,BRO,Brown & Brown,7.0,0.0
2017,558,WST,West Pharmaceutical Services,7.0,0.0
2017,559,KNX,Knight-Swift Transportation Holdings,7.0,0.0
2017,560,NDSN,Nordson,7.0,0.0
2017,561,USFD,US Foods Holding,7.0,0.0
2017,562,RGLD,Royal Gold,7.0,0.0
2017,563,CLSK,Cleanspark,7.0,0.0
2017,564,UHS,Universal Health Services,7.0,0.0
2017,565,WSO,Watsco,7.0,0.0
2017,566,JLL,Jones Lang Lasalle,7.0,0.0
2017,567,DEI,Douglas Emmett,7.0,0.0
2017,568,ALLE,Allegion,7.0,0.0
2017,569,TWO,Two Harbors Investment,7.0,0.0
2017,570,OGE,Oge Energy,7.0,0.0
2017,571,RPM,Rpm International Inc,7.0,0.0
2017,572,CZR,Caesars Entertainment,7.0,0.0
2017,573,GWRE,Guidewire Software,7.0,0.0
2017,574,ONB,Old National Bancorp /In/,7.0,0.0
2017,575,GDDY,GoDaddy,7.0,0.0
2017,576,INSM,Insmed,7.0,0.0
2017,577,REXR,Rexford Industrial Realty,7.0,0.0
2017,578,CUBE,CubeSmart,7.0,0.0
2017,579,CF,CF Industries Holdings,7.0,0.0
2017,580,TER,Teradyne,7.0,0.0
2017,581,PB,Prosperity Bancshares,7.0,0.0
2017,582,LEG,Leggett & Platt,6.0,0.0
2017,583,HP,Helmerich & Payne,6.0,0.0
2017,584,BIO,Bio-Rad Laboratories,6.0,0.0
2017,585,PHM,Pultegroup Inc/Mi/,6.0,0.0
2017,586,CCK,Crown Holdings,6.0,0.0
2017,587,MIDD,Middleby,6.0,0.0
2017,588,MKSI,Mks,6.0,0.0
2017,589,DPZ,Dominos Pizza,6.0,0.0
2017,590,UTHR,United Therapeutics,6.0,0.0
2017,591,KSS,Kohls,6.0,0.0
2017,592,RL,Ralph Lauren,6.0,0.0
2017,593,TDOC,Teladoc Health,6.0,0.0
2017,594,ARES,Ares Management,6.0,0.0
2017,595,HE,Hawaiian Electric Industries,6.0,0.0
2017,596,MARA,MARA Holdings,6.0,0.0
2017,597,STLD,Steel Dynamics,6.0,0.0
2017,598,SMG,Scotts Miracle-Gro,6.0,0.0
2017,599,VST,Vistra,6.0,0.0
2017,600,ADC,Agree Realty,6.0,0.0
2017,601,QRVO,Qorvo,6.0,0.0
2017,602,CUZ,Cousins Properties,6.0,0.0
2017,603,UAA,Under Armour,6.0,0.0
2017,604,WAL,Western Alliance Ban,6.0,0.0
2017,605,TTC,Toro,6.0,0.0
2017,606,WU,Western Union,6.0,0.0
2017,607,CFR,Cullen/Frost Bankers,6.0,0.0
2017,608,AAP,Advance Auto Parts,6.0,0.0
2017,609,DLB,Dolby Laboratories,6.0,0.0
2017,610,JHG,Janus Henderson Group,6.0,0.0
2017,611,AR,Antero Resources,6.0,0.0
2017,612,PWR,Quanta Services,6.0,0.0
2017,613,MAN,ManpowerGroup,6.0,0.0
2017,614,SRPT,Sarepta Therapeutics,6.0,0.0
2017,615,SWX,Southwest Gas Holdings,6.0,0.0
2017,616,PK,Park Hotels & Resorts,6.0,0.0
2017,617,EPAM,EPAM Systems,6.0,0.0
2017,618,FAF,First American Financial,6.0,0.0
2017,619,JBTM,JBT Marel,6.0,0.0
2017,620,HUN,Huntsman,6.0,0.0
2017,621,BRX,Brixmor Property Group,6.0,0.0
2017,622,OSK,Oshkosh,6.0,0.0
2017,623,HOG,Harley-Davidson,6.0,0.0
2017,624,TSN,Tyson Foods,6.0,0.0
2017,625,ERIE,Erie Indemnity,6.0,0.0
2017,626,WVE,Wave Life Sciences,6.0,0.0
2017,627,HIW,Highwoods Properties,6.0,0.0
2017,628,HLF,Herbalife,6.0,0.0
2017,629,RBA,Rb Global,6.0,0.0
2017,630,GMED,Globus Medical,6.0,0.0
2017,631,ESBA,"Empire State Realty OP, L.P.",6.0,0.0
2017,632,ZBRA,Zebra Technologies,6.0,0.0
2017,633,ATR,Aptargroup,6.0,0.0
2017,634,BOKF,Bok Financial,6.0,0.0
2017,635,WTFC,Wintrust Financial,6.0,0.0
2017,636,RHI,Robert Half,6.0,0.0
2017,637,BWXT,BWX Technologies,6.0,0.0
2017,638,RNR,Renaissancere Holdings,6.0,0.0
2017,639,MPWR,Monolithic Power Systems,6.0,0.0
2017,640,TEX,Terex,6.0,0.0
2017,641,NRG,Nrg Energy,5.0,0.0
2017,642,DCI,DONALDSON Co,5.0,0.0
2017,643,UMBF,Umb Financial,5.0,0.0
2017,644,BXMT,Blackstone Mortgage Trust,5.0,0.0
2017,645,PSTG,Pure Storage,5.0,0.0
2017,646,G,Genpact,5.0,0.0
2017,647,CBSH,Commerce Bancshares Inc /Mo/,5.0,0.0
2017,648,MSM,Msc Industrial Direct Co,5.0,0.0
2017,649,SNX,Td Synnex,5.0,0.0
2017,650,AL,Air Lease,5.0,0.0
2017,651,FLS,Flowserve,5.0,0.0
2017,652,FND,Floor & Decor Holdings,5.0,0.0
2017,653,CRL,Charles River Laboratories International,5.0,0.0
2017,654,ICUI,Icu Medical Inc,5.0,0.0
2017,655,SON,Sonoco Products,5.0,0.0
2017,656,AYI,Acuity Inc. (De),5.0,0.0
2017,657,NGNE,Neurogene,5.0,0.0
2017,658,LAZ,Lazard,5.0,0.0
2017,659,STAG,STAG Industrial,5.0,0.0
2017,660,NFG,National Fuel Gas,5.0,0.0
2017,661,ORI,Old Republic International,5.0,0.0
2017,662,SCI,Service Corp International,5.0,0.0
2017,663,M,Macy's,5.0,0.0
2017,664,AGCO,Agco Corp,5.0,0.0
2017,665,PFGC,Performance Food Group,5.0,0.0
2017,666,ACAD,Acadia Pharmaceuticals,5.0,0.0
2017,667,GBCI,Glacier Bancorp,5.0,0.0
2017,668,BFAM,Bright Horizons Family Solutions,5.0,0.0
2017,669,RRX,Regal Rexnord,5.0,0.0
2017,670,OKTA,Okta,5.0,0.0
2017,671,BTU,Peabody Energy,5.0,0.0
2017,672,LECO,Lincoln Electric Holdings,5.0,0.0
2017,673,IDA,Idacorp,5.0,0.0
2017,674,EPR,Epr Properties,5.0,0.0
2017,675,AIZ,Assurant,5.0,0.0
2017,676,DXCM,Dexcom,5.0,0.0
2017,677,MSGS,Madison Square Garden Sports,5.0,0.0
2017,678,LFUS,Littelfuse Inc,5.0,0.0
2017,679,LOGI,Logitech International S.A.,5.0,0.0
2017,680,DVA,Davita,5.0,0.0
2017,681,UBSI,United Bankshares Inc/Wv,5.0,0.0
2017,682,TECH,Bio-Techne,5.0,0.0
2017,683,PODD,Insulet,5.0,0.0
2017,684,FCNCA,First Citizens Bancshares Inc,5.0,0.0
2017,685,ACM,Aecom,5.0,0.0
2017,686,EGP,Eastgroup Properties,5.0,0.0
2017,687,TREE,LendingTree,5.0,0.0
2017,688,SBRA,Sabra Health Care REIT,5.0,0.0
2017,689,POOL,Pool,5.0,0.0
2017,690,HXL,Hexcel Corp,5.0,0.0
2017,691,ITT,Itt,5.0,0.0
2017,692,VAC,Marriott Vacations Worldwide,5.0,0.0
2017,693,AOS,Smith A O,5.0,0.0
2017,694,HUBS,Hubspot,5.0,0.0
2017,695,CIM,Chimera Investment,5.0,0.0
2017,696,ENTG,Entegris,5.0,0.0
2017,697,EHC,Encompass Health,5.0,0.0
2017,698,APLE,Apple Hospitality REIT,5.0,0.0
2017,699,DHC,Diversified Healthcare Trust,5.0,0.0
2017,700,OGS,ONE Gas,5.0,0.0
2017,701,BAH,Booz Allen Hamilton Holding,5.0,0.0
2017,702,XPRO,Expro Group Holdings N.V.,5.0,0.0
2017,703,LPLA,LPL Financial Holdings,5.0,0.0
2017,704,WWD,Woodward,5.0,0.0
2017,705,RARE,Ultragenyx Pharmaceutical,5.0,0.0
2017,706,BKH,Black Hills Corp /Sd/,5.0,0.0
2017,707,GNTX,Gentex,5.0,0.0
2017,708,CW,Curtiss Wright,4.0,0.0
2017,709,DBRG-PJ,DigitalBridge Group,4.0,0.0
2017,710,FOLD,Amicus Therapeutics,4.0,0.0
2017,711,MAT,Mattel Inc,4.0,0.0
2017,712,MUR,Murphy Oil,4.0,0.0
2017,713,SR,Spire,4.0,0.0
2017,714,FIZZ,National Beverage,4.0,0.0
2017,715,RS,Reliance,4.0,0.0
2017,716,WSM,Williams Sonoma,4.0,0.0
2017,717,ASH,Ashland,4.0,0.0
2017,718,MASI,Masimo,4.0,0.0
2017,719,GNL,Global Net Lease,4.0,0.0
2017,720,SM,SM Energy,4.0,0.0
2017,721,MSTR,Microstrategy,4.0,0.0
2017,722,TOL,Toll Brothers,4.0,0.0
2017,723,BLKB,Blackbaud,4.0,0.0
2017,724,RHP,Ryman Hospitality Properties,4.0,0.0
2017,725,PAGP,Plains Gp Holdings,4.0,0.0
2017,726,BGC,BGC Group,4.0,0.0
2017,727,CRI,Carters,4.0,0.0
2017,728,MD,Pediatrix Medical Group,4.0,0.0
2017,729,NEOG,Neogen,4.0,0.0
2017,730,UI,Ubiquiti,4.0,0.0
2017,731,CASY,Caseys General Stores,4.0,0.0
2017,732,AVA,Avista,4.0,0.0
2017,733,HQY,Healthequity,4.0,0.0
2017,734,SEB,Seaboard Corp,4.0,0.0
2017,735,PEB,Pebblebrook Hotel Trust,4.0,0.0
2017,736,DX,Dynex Capital,4.0,0.0
2017,737,PENN,PENN Entertainment,4.0,0.0
2017,738,PBF,PBF Energy,4.0,0.0
2017,739,FR,First Industrial Realty Trust,4.0,0.0
2017,740,OUT,OUTFRONT Media,4.0,0.0
2017,741,TFSL,TFS Financial,4.0,0.0
2017,742,GRPN,Groupon,4.0,0.0
2017,743,DBC,Invesco DB Commodity Index Tracking Fund,4.0,0.0
2017,744,SFNC,Simmons First National,4.0,0.0
2017,745,IBKR,Interactive Brokers Group,4.0,0.0
2017,746,RBC,RBC Bearings,4.0,0.0
2017,747,VYX,NCR Voyix,4.0,0.0
2017,748,CLF,Cleveland-Cliffs,4.0,0.0
2017,749,PAYC,Paycom Software,4.0,0.0
2017,750,RNG,RingCentral,4.0,0.0
2017,751,RYN,Rayonier,4.0,0.0
2017,752,PGEN,Precigen,4.0,0.0
2017,753,FLO,Flowers Foods,4.0,0.0
2017,754,SF,Stifel Financial,4.0,0.0
2017,755,KOS,Kosmos Energy,4.0,0.0
2017,756,OLN,Olin,4.0,0.0
2017,757,NJR,New Jersey Resources,4.0,0.0
2017,758,NVAX,Novavax,4.0,0.0
2017,759,KMPR,Kemper,4.0,0.0
2017,760,EEX,Emerald Holding,4.0,0.0
2017,761,RRC,Range Resources,4.0,0.0
2017,762,CNK,Cinemark Holdings,4.0,0.0
2017,763,CDTX,Cidara Therapeutics,4.0,0.0
2017,764,CRBP,Corbus Pharmaceuticals Holdings,4.0,0.0
2017,765,KRG,Kite Realty Group Trust,4.0,0.0
2017,766,TRIP,TripAdvisor,4.0,0.0
2017,767,AKBA,Akebia Therapeutics,4.0,0.0
2017,768,CABO,Cable One,4.0,0.0
2017,769,SAFE,Safehold,4.0,0.0
2017,770,WSBC,Wesbanco,4.0,0.0
2017,771,FIBK,First Interstate Bancsystem,4.0,0.0
2017,772,ENOV,Enovis,4.0,0.0
2017,773,ORA,Ormat Technologies,4.0,0.0
2017,774,TCBI,Texas Capital Bancshares Inc/Tx,4.0,0.0
2017,775,RNST,Renasant,4.0,0.0
2017,776,MTDR,Matador Resources,4.0,0.0
2017,777,PCH,Potlatchdeltic,4.0,0.0
2017,778,HAIN,Hain Celestial Group,4.0,0.0
2017,779,OPK,Opko Health,4.0,0.0
2017,780,MMS,Maximus,4.0,0.0
2017,781,ZVRA,Zevra Therapeutics,4.0,0.0
2017,782,COLM,Columbia Sportswear,4.0,0.0
2017,783,THG,Hanover Insurance Group,4.0,0.0
2017,784,SVRA,Savara,4.0,0.0
2017,785,CVI,Cvr Energy,4.0,0.0
2017,786,CTMX,CytomX Therapeutics,4.0,0.0
2017,787,SMTC,Semtech,4.0,0.0
2017,788,CTRE,CareTrust REIT,4.0,0.0
2017,789,IART,Integra Lifesciences Holdings,4.0,0.0
2017,790,AXS,Axis Capital Holdings,4.0,0.0
2017,791,XPO,Xpo,4.0,0.0
2017,792,PEN,Penumbra,4.0,0.0
2017,793,KMT,Kennametal,4.0,0.0
2017,794,MORN,Morningstar,4.0,0.0
2017,795,HCSG,Healthcare Services Group,4.0,0.0
2017,796,PEGA,Pegasystems,4.0,0.0
2017,797,TRNO,Terreno Realty,4.0,0.0
2017,798,MC,Moelis,4.0,0.0
2017,799,NEU,Newmarket,4.0,0.0
2017,800,NHI,National Health Investors,4.0,0.0
2017,801,EME,EMCOR Group,4.0,0.0
2017,802,BC,Brunswick,4.0,0.0
2017,803,EXP,Eagle Materials,4.0,0.0
2017,804,TWLO,Twilio,4.0,0.0
2017,805,ZD,Ziff Davis,4.0,0.0
2017,806,AKR,Acadia Realty Trust,4.0,0.0
2017,807,CHDN,Churchill Downs,4.0,0.0
2017,808,KEX,Kirby,4.0,0.0
2017,809,TDC,Teradata Corp,4.0,0.0
2017,810,CHH,Choice Hotels International Inc,4.0,0.0
2017,811,FICO,Fair Isaac,4.0,0.0
2017,812,FHB,First Hawaiian,4.0,0.0
2017,813,LSTR,Landstar System,4.0,0.0
2017,814,MZTI,Marzetti,4.0,0.0
2017,815,LILA,Liberty Latin America,4.0,0.0
2017,816,PFS,Provident Financial Services,4.0,0.0
2017,817,DAN,Dana,4.0,0.0
2017,818,EVR,Evercore,4.0,0.0
2017,819,CBRL,Cracker Barrel Old Country Store,4.0,0.0
2017,820,IOVA,Iovance Biotherapeutics,4.0,0.0
2017,821,ESRT,Empire State Realty Trust,4.0,0.0
2017,822,LITE,Lumentum Holdings,3.0,0.0
2017,823,HGV,Hilton Grand Vacations,3.0,0.0
2017,824,CACC,Credit Acceptance,3.0,0.0
2017,825,TXRH,Texas Roadhouse,3.0,0.0
2017,826,DLX,Deluxe,3.0,0.0
2017,827,TKR,Timken,3.0,0.0
2017,828,SITE,SiteOne Landscape Supply,3.0,0.0
2017,829,SGI,Somnigroup International,3.0,0.0
2017,830,AGIO,Agios Pharmaceuticals,3.0,0.0
2017,831,BOH,Bank Of Hawaii,3.0,0.0
2017,832,UCB,United Community Banks,3.0,0.0
2017,833,OI,"O-I Glass, Inc.",3.0,0.0
2017,834,JELD,JELD-WEN Holding,3.0,0.0
2017,835,GDOT,Green Dot,3.0,0.0
2017,836,VC,Visteon,3.0,0.0
2017,837,BHF,Brighthouse Financial,3.0,0.0
2017,838,CHE,Chemed,3.0,0.0
2017,839,PRA,Proassurance,3.0,0.0
2017,840,R,Ryder System,3.0,0.0
2017,841,CDP,Copt Defense Properties,3.0,0.0
2017,842,INVX,Innovex International,3.0,0.0
2017,843,ENR,Energizer Holdings,3.0,0.0
2017,844,ATI,Ati,3.0,0.0
2017,845,RLJ,RLJ Lodging Trust,3.0,0.0
2017,846,EEFT,Euronet Worldwide,3.0,0.0
2017,847,PLUG,Plug Power,3.0,0.0
2017,848,ABCB,Ameris Ban,3.0,0.0
2017,849,TNL,Travel & Leisure,3.0,0.0
2017,850,BCO,Brinks,3.0,0.0
2017,851,AVT,Avnet,3.0,0.0
2017,852,OLLI,Ollie's Bargain Outlet Holdings,3.0,0.0
2017,853,MYGN,Myriad Genetics,3.0,0.0
2017,854,VMI,Valmont Industries,3.0,0.0
2017,855,EYE,National Vision Holdings,3.0,0.0
2017,856,FFIN,First Financial Bankshares,3.0,0.0
2017,857,FULT,Fulton Financial,3.0,0.0
2017,858,PRI,Primerica,3.0,0.0
2017,859,UE,Urban Edge Properties,3.0,0.0
2017,860,CBT,Cabot,3.0,0.0
2017,861,APAM,Artisan Partners Asset Management,3.0,0.0
2017,862,WULF,Terawulf,3.0,0.0
2017,863,CVBF,Cvb Financial,3.0,0.0
2017,864,TREX,Trex Co,3.0,0.0
2017,865,TDS,Telephone & Data Systems Inc,3.0,0.0
2017,866,WLY,John Wiley & Sons,3.0,0.0
2017,867,BDN,Brandywine Realty Trust,3.0,0.0
2017,868,GEO,Geo Group,3.0,0.0
2017,869,PAG,Penske Automotive Group,3.0,0.0
2017,870,HRB,H&R Block,3.0,0.0
2017,871,WEN,Wendy's,3.0,0.0
2017,872,SXT,Sensient Technologies,3.0,0.0
2017,873,SHO,Sunstone Hotel Investors,3.0,0.0
2017,874,SLGN,Silgan Holdings,3.0,0.0
2017,875,BANC,Banc Of California,3.0,0.0
2017,876,HASI,HA Sustainable Infrastructure Capital,3.0,0.0
2017,877,FNMA,Federal National Mortgage Association Fannie Mae,3.0,0.0
2017,878,FIVE,Five Below,3.0,0.0
2017,879,JBL,Jabil,3.0,0.0
2017,880,MRCY,Mercury Systems,3.0,0.0
2017,881,ITRI,Itron,3.0,0.0
2017,882,MTG,Mgic Investment,3.0,0.0
2017,883,CMP,Compass Minerals International,3.0,0.0
2017,884,SKT,Tanger,3.0,0.0
2017,885,OMF,OneMain Holdings,3.0,0.0
2017,886,HLI,Houlihan Lokey,3.0,0.0
2017,887,ACRS,Aclaris Therapeutics,3.0,0.0
2017,888,CIEN,Ciena,3.0,0.0
2017,889,BKU,BankUnited,3.0,0.0
2017,890,EDIT,Editas Medicine,3.0,0.0
2017,891,NYT,New York Times,3.0,0.0
2017,892,BDC,Belden,3.0,0.0
2017,893,AAOI,Applied Optoelectronics,3.0,0.0
2017,894,KRO,Kronos Worldwide,3.0,0.0
2017,895,FCFS,FirstCash Holdings,3.0,0.0
2017,896,ACHC,Acadia Healthcare Company,3.0,0.0
2017,897,MCY,Mercury General,3.0,0.0
2017,898,MANH,Manhattan Associates,3.0,0.0
2017,899,WCC,Wesco International,3.0,0.0
2017,900,JJSF,J&J Snack Foods,3.0,0.0
2017,901,CACI,Caci International Inc,3.0,0.0
2017,902,CMPR,Cimpress,3.0,0.0
2017,903,NMRK,Newmark Group,3.0,0.0
2017,904,SLAB,Silicon Laboratories,3.0,0.0
2017,905,LGND,Ligand Pharmaceuticals,3.0,0.0
2017,906,GNRC,Generac Holdings,3.0,0.0
2017,907,CLH,Clean Harbors,3.0,0.0
2017,908,UNF,Unifirst,3.0,0.0
2017,909,CWH,Camping World Holdings,3.0,0.0
2017,910,CLDX,Celldex Therapeutics,3.0,0.0
2017,911,IMDX,Insight Molecular Diagnostics,3.0,0.0
2017,912,CBU,Community Financial System,3.0,0.0
2017,913,CATY,Cathay General Ban,3.0,0.0
2017,914,VSH,Vishay Intertechnology,3.0,0.0
2017,915,CARG,CarGurus,3.0,0.0
2017,916,ALGT,Allegiant Travel,3.0,0.0
2017,917,EPR-PE,Epr Properties,3.0,0.0
2017,918,FCPT,Four Corners Property Trust,3.0,0.0
2017,919,LAD,Lithia Motors,3.0,0.0
2017,920,HNI,Hni,3.0,0.0
2017,921,GVA,Granite Construction,3.0,0.0
2017,922,PLNT,Planet Fitness,3.0,0.0
2017,923,ELME,Elme Communities,3.0,0.0
2017,924,HAE,Haemonetics,3.0,0.0
2017,925,GEL,Genesis Energy,3.0,0.0
2017,926,EPC,Edgewell Personal Care,3.0,0.0
2017,927,CWT,California Water Service Group,3.0,0.0
2017,928,TTEK,Tetra Tech,3.0,0.0
2017,929,DY,Dycom Industries,3.0,0.0
2017,930,BYD,Boyd Gaming,3.0,0.0
2017,931,RLI,Rli,3.0,0.0
2017,932,HTO,H2O America,3.0,0.0
2017,933,SIG,Signet Jewelers,3.0,0.0
2017,934,HL,Hecla Mining Co,3.0,0.0
2017,935,BUSE,First Busey Corp /Nv/,3.0,0.0
2017,936,ASGN,Asgn,3.0,0.0
2017,937,CRUS,Cirrus Logic,3.0,0.0
2017,938,PSMT,Pricesmart,3.0,0.0
2017,939,KWR,Quaker Chemical,3.0,0.0
2017,940,WWW,Wolverine World Wide Inc,3.0,0.0
2017,941,ENS,EnerSys,3.0,0.0
2017,942,AWI,Armstrong World Industries,3.0,0.0
2017,943,BCPC,Balchem,3.0,0.0
2017,944,AVAV,AeroVironment,3.0,0.0
2017,945,AEIS,Advanced Energy Industries,3.0,0.0
2017,946,MODG,Topgolf Callaway Brands,3.0,0.0
2017,947,CRS,Carpenter Technology,3.0,0.0
2017,948,DECK,Deckers Outdoor,3.0,0.0
2017,949,WTS,Watts Water Technologies,3.0,0.0
2017,950,HESM,Hess Midstream,3.0,0.0
2017,951,AIT,Applied Industrial Technologies,3.0,0.0
2017,952,ARLP,Alliance Resource Partners,3.0,0.0
2017,953,PCTY,Paylocity Holding,3.0,0.0
2017,954,WSFS,Wsfs Financial,3.0,0.0
2017,955,GSAT,Globalstar,3.0,0.0
2017,956,ARI,Apollo Commercial Real Estate Finance,3.0,0.0
2017,957,KBR,Kbr,3.0,0.0
2017,958,RC,Ready Capital,2.0,0.0
2017,959,AMKR,Amkor Technology,2.0,0.0
2017,960,EBS,Emergent BioSolutions,2.0,0.0
2017,961,POST,Post Holdings,2.0,0.0
2017,962,ABM,Abm Industries Inc,2.0,0.0
2017,963,STGW,Stagwell,2.0,0.0
2017,964,IBOC,International Bancshares,2.0,0.0
2017,965,DEA,Easterly Government Properties,2.0,0.0
2017,966,YELP,Yelp,2.0,0.0
2017,967,CRK,Comstock Resources,2.0,0.0
2017,968,SBCF,Seacoast Banking Corp Of Florida,2.0,0.0
2017,969,AMBA,Ambarella,2.0,0.0
2017,970,PRLB,Proto Labs,2.0,0.0
2017,971,PDM,Piedmont Realty Trust,2.0,0.0
2017,972,MTSI,MACOM Technology Solutions Holdings,2.0,0.0
2017,973,MDB,MongoDB,2.0,0.0
2017,974,NWBI,Northwest Bancshares,2.0,0.0
2017,975,CNS,Cohen & Steers,2.0,0.0
2017,976,SPB,Spectrum Brands Holdings,2.0,0.0
2017,977,PLCE,Childrens Place,2.0,0.0
2017,978,GHC,Graham Holdings,2.0,0.0
2017,979,KW,Kennedy-Wilson Holdings,2.0,0.0
2017,980,ESI,Element Solutions,2.0,0.0
2017,981,USAC,USA Compression Partners,2.0,0.0
2017,982,ANAB,Anaptysbio,2.0,0.0
2017,983,FRME,First Merchants,2.0,0.0
2017,984,HALO,Halozyme Therapeutics,2.0,0.0
2017,985,LC,LendingClub,2.0,0.0
2017,986,IRT,Independence Realty Trust,2.0,0.0
2017,987,NXST,Nexstar Media Group,2.0,0.0
2017,988,SSD,Simpson Manufacturing Co.,2.0,0.0
2017,989,AMCX,AMC Networks,2.0,0.0
2017,990,PUMP,ProPetro Holding,2.0,0.0
2017,991,TMHC,Taylor Morrison Home,2.0,0.0
2017,992,AAT,American Assets Trust,2.0,0.0
2017,993,UNFI,United Natural Foods,2.0,0.0
2017,994,CALM,Cal-Maine Foods,2.0,0.0
2017,995,BLDR,Builders FirstSource,2.0,0.0
2017,996,HOPE,Hope Bancorp,2.0,0.0
2017,997,CNO,CNO Financial Group,2.0,0.0
2017,998,BPOP,Popular,2.0,0.0
2017,999,WERN,Werner Enterprises,2.0,0.0
2017,1000,MXL,Maxlinear,2.0,0.0
2018,1,MSFT,Microsoft,754.0,3.1
2018,2,AAPL,Apple,739.0,3.1
2018,3,AMZN,Amazon Com,737.0,3.0
2018,4,GOOGL,Alphabet,727.0,3.0
2018,5,BRK-B,Berkshire Hathaway,441.0,1.8
2018,6,META,Meta Platforms,332.0,1.4
2018,7,BA,Boeing,326.0,1.3
2018,8,JNJ,Johnson & Johnson,306.0,1.3
2018,9,WMT,Walmart,293.0,1.2
2018,10,XOM,Exxon Mobil,283.0,1.2
2018,11,V,Visa,270.0,1.1
2018,12,JPM,JPMorgan Chase,265.0,1.1
2018,13,PFE,Pfizer,252.0,1.0
2018,14,VZ,Verizon Communications,236.0,1.0
2018,15,INTC,Intel,235.0,1.0
2018,16,UNH,Unitedhealth Group,226.0,0.9
2018,17,CVX,Chevron,216.0,0.9
2018,18,PG,Procter & Gamble,214.0,0.9
2018,19,T,AT&T,208.0,0.9
2018,20,KO,Coca Cola,204.0,0.8
2018,21,MRK,Merck & Co.,197.0,0.8
2018,22,BAC,Bank Of America Corp,179.0,0.7
2018,23,CSCO,Cisco Systems,175.0,0.7
2018,24,HD,Home Depot,171.0,0.7
2018,25,MA,Mastercard,168.0,0.7
2018,26,ABBV,AbbVie,163.0,0.7
2018,27,DIS,Walt Disney,160.0,0.7
2018,28,CMCSA,Comcast,158.0,0.7
2018,29,PEP,Pepsico,151.0,0.6
2018,30,WFC,Wells Fargo & Company/Mn,142.0,0.6
2018,31,ORCL,Oracle,140.0,0.6
2018,32,ABT,Abbott Laboratories,126.0,0.5
2018,33,NVDA,NVIDIA,121.0,0.5
2018,34,PM,Philip Morris International,120.0,0.5
2018,35,CRM,Salesforce,119.0,0.5
2018,36,NFLX,Netflix,117.0,0.5
2018,37,MDT,Medtronic,115.0,0.5
2018,38,NKE,Nike,111.0,0.5
2018,39,MMM,3M,110.0,0.5
2018,40,LLY,Eli Lilly,109.0,0.5
2018,41,AMCR,Amcor,107.0,0.4
2018,42,BMY,Bristol Myers Squibb,106.0,0.4
2018,43,AMGN,Amgen,105.0,0.4
2018,44,ADBE,Adobe,102.0,0.4
2018,45,ACN,Accenture,102.0,0.4
2018,46,IBM,International Business Machines,101.0,0.4
2018,47,COST,Costco Wholesale Corp,98.0,0.4
2018,48,HON,Honeywell International,96.0,0.4
2018,49,C,Citigroup,90.0,0.4
2018,50,AVGO,Broadcom,90.0,0.4
2018,51,TXN,Texas Instruments,86.0,0.4
2018,52,RTX,Rtx,85.0,0.4
2018,53,CVS,Cvs Health,83.0,0.3
2018,54,TMO,Thermo Fisher Scientific,83.0,0.3
2018,55,NEE,Nextera Energy,83.0,0.3
2018,56,MO,Altria Group,83.0,0.3
2018,57,UNP,Union Pacific,82.0,0.3
2018,58,GILD,Gilead Sciences,78.0,0.3
2018,59,COP,Conocophillips,76.0,0.3
2018,60,PYPL,PayPal Holdings,75.0,0.3
2018,61,CCL,Carnival,75.0,0.3
2018,62,AMT,American Tower Corp /Ma/,74.0,0.3
2018,63,SCHW,Schwab Charles,73.0,0.3
2018,64,LIN,Linde,72.0,0.3
2018,65,DHR,Danaher Corp,72.0,0.3
2018,66,SBUX,Starbucks,72.0,0.3
2018,67,USB,Us Bancorp \De\,71.0,0.3
2018,68,TMUS,T-Mobile US,70.0,0.3
2018,69,MDLZ,Mondelez International,70.0,0.3
2018,70,UPS,United Parcel Service,70.0,0.3
2018,71,ENB,Enbridge,68.0,0.3
2018,72,CME,Cme Group,68.0,0.3
2018,73,DUK,Duke Energy,67.0,0.3
2018,74,AXP,American Express,65.0,0.3
2018,75,D,Dominion Energy,63.0,0.3
2018,76,WBD,Warner Bros. Discovery,62.0,0.3
2018,77,MS,Morgan Stanley,62.0,0.3
2018,78,BDX,Becton Dickinson,61.0,0.3
2018,79,QCOM,Qualcomm Inc,61.0,0.3
2018,80,TJX,Tjx Companies Inc,61.0,0.3
2018,81,OXY,Occidental Petroleum Corp,61.0,0.3
2018,82,SYK,Stryker,60.0,0.2
2018,83,LMT,Lockheed Martin,60.0,0.2
2018,84,CAT,Caterpillar,59.0,0.2
2018,85,INTU,Intuit,58.0,0.2
2018,86,ELV,Elevance Health,58.0,0.2
2018,87,TSLA,Tesla,57.0,0.2
2018,88,O,Realty Income,57.0,0.2
2018,89,PLDGP,Prologis,55.0,0.2
2018,90,ISRG,Intuitive Surgical,55.0,0.2
2018,91,FDX,Fedex,55.0,0.2
2018,92,PLD,Prologis,55.0,0.2
2018,93,LOW,Lowes Companies,54.0,0.2
2018,94,TFC,Truist Financial,54.0,0.2
2018,95,SLB,Schlumberger Limited/Nv,54.0,0.2
2018,96,CSX,Csx,53.0,0.2
2018,97,EPD,Enterprise Products Partners L.P.,53.0,0.2
2018,98,FIS,Fidelity National Information Services,53.0,0.2
2018,99,ADP,Automatic Data Processing,53.0,0.2
2018,100,BSX,Boston Scientific,52.0,0.2
2018,101,PCG,Pg&E,52.0,0.2
2018,102,KHC,Kraft Heinz,52.0,0.2
2018,103,GS,Goldman Sachs Group,51.0,0.2
2018,104,SPGI,S&P Global,51.0,0.2
2018,105,CB,Chubb,51.0,0.2
2018,106,CI,Cigna Group,50.0,0.2
2018,107,SO,Southern,49.0,0.2
2018,108,WELL,Welltower,49.0,0.2
2018,109,CL,Colgate Palmolive,48.0,0.2
2018,110,CCI,Crown Castle,47.0,0.2
2018,111,PNC,Pnc Financial Services Group,47.0,0.2
2018,112,COF,Capital One Financial,47.0,0.2
2018,113,EL,Estee Lauder Companies,47.0,0.2
2018,114,EOG,Eog Resources,46.0,0.2
2018,115,BIIB,Biogen,44.0,0.2
2018,116,ILMN,Illumina,44.0,0.2
2018,117,EXC,Exelon,44.0,0.2
2018,118,ICE,Intercontinental Exchange,43.0,0.2
2018,119,MU,Micron Technology,43.0,0.2
2018,120,GD,General Dynamics,43.0,0.2
2018,121,ADI,Analog Devices,42.0,0.2
2018,122,VRTX,Vertex Pharmaceuticals Inc / Ma,42.0,0.2
2018,123,ECL,Ecolab,42.0,0.2
2018,124,AEP,American Electric Power Co,41.0,0.2
2018,125,MMC,Marsh & Mclennan Companies,39.0,0.2
2018,126,REGN,Regeneron Pharmaceuticals,39.0,0.2
2018,127,TGT,Target,38.0,0.2
2018,128,GE,GE Aerospace,38.0,0.2
2018,129,KMB,Kimberly Clark,38.0,0.2
2018,130,NEM,NEWMONT Corp,38.0,0.2
2018,131,DLR,Digital Realty Trust,37.0,0.2
2018,132,SHW,Sherwin Williams,37.0,0.2
2018,133,ITW,Illinois Tool Works,37.0,0.2
2018,134,IEP,Icahn Enterprises L.P.,36.0,0.2
2018,135,ZTS,Zoetis,36.0,0.1
2018,136,DE,Deere,36.0,0.1
2018,137,WM,Waste Management,36.0,0.1
2018,138,CHTR,"Charter Communications, Inc. /Mo/",36.0,0.1
2018,139,APD,Air Products & Chemicals,36.0,0.1
2018,140,PSA,Public Storage,36.0,0.1
2018,141,PGR,Progressive Corp/Oh/,35.0,0.1
2018,142,KDP,Keurig Dr Pepper,35.0,0.1
2018,143,LVS,Las Vegas Sands,35.0,0.1
2018,144,NOC,Northrop Grumman Corp,35.0,0.1
2018,145,EQIX,Equinix,35.0,0.1
2018,146,PSX,Phillips 66,35.0,0.1
2018,147,HUM,Humana,34.0,0.1
2018,148,STZ,Constellation Brands,34.0,0.1
2018,149,IFF,International Flavors & Fragrances,34.0,0.1
2018,150,KMI,Kinder Morgan,34.0,0.1
2018,151,OKE,Oneok Inc /New/,34.0,0.1
2018,152,BAX,Baxter International,34.0,0.1
2018,153,WDAY,Workday,34.0,0.1
2018,154,NSC,Norfolk Southern,34.0,0.1
2018,155,XYZ,Block,34.0,0.1
2018,156,EMR,Emerson Electric,34.0,0.1
2018,157,DAL,Delta Air Lines,33.0,0.1
2018,158,BK,Bank of New York Mellon,33.0,0.1
2018,159,NOW,ServiceNow,32.0,0.1
2018,160,ROST,Ross Stores,32.0,0.1
2018,161,EW,Edwards Lifesciences,32.0,0.1
2018,162,VTRS,Viatris,32.0,0.1
2018,163,AON,Aon,31.0,0.1
2018,164,MPLX,Mplx,31.0,0.1
2018,165,XEL,Xcel Energy,31.0,0.1
2018,166,F,Ford Motor,31.0,0.1
2018,167,CTSH,Cognizant Technology Solutions,30.0,0.1
2018,168,GM,General Motors,30.0,0.1
2018,169,SYY,Sysco,30.0,0.1
2018,170,SRE,Sempra,30.0,0.1
2018,171,AMD,Advanced Micro Devices,29.0,0.1
2018,172,MAR,Marriott International Inc /Md/,29.0,0.1
2018,173,NLY,Annaly Capital Management,28.0,0.1
2018,174,PRU,Prudential Financial,28.0,0.1
2018,175,CNC,Centene,28.0,0.1
2018,176,VFC,V F,28.0,0.1
2018,177,ROP,Roper Technologies,28.0,0.1
2018,178,ED,Consolidated Edison,28.0,0.1
2018,179,HCA,HCA Healthcare,28.0,0.1
2018,180,VTR,Ventas,28.0,0.1
2018,181,ADSK,Autodesk,27.0,0.1
2018,182,ORLY,O Reilly Automotive,27.0,0.1
2018,183,UAL,United Airlines Holdings,27.0,0.1
2018,184,WMB,Williams Companies,27.0,0.1
2018,185,LYB,LyondellBasell Industries N.V.,27.0,0.1
2018,186,MNST,Monster Beverage,27.0,0.1
2018,187,AILIH,Ameren Illinois,27.0,0.1
2018,188,ETN,Eaton Corp,27.0,0.1
2018,189,MET,Metlife,27.0,0.1
2018,190,RCL,Royal Caribbean Cruises,26.0,0.1
2018,191,FANG,Diamondback Energy,26.0,0.1
2018,192,PEG,Public Service Enterprise Group,26.0,0.1
2018,193,GLW,Corning Inc /Ny,26.0,0.1
2018,194,FREJP,Federal Home Loan Mortgage,26.0,0.1
2018,195,AMAT,Applied Materials Inc,26.0,0.1
2018,196,TRV,Travelers Companies,25.0,0.1
2018,197,YUM,Yum Brands,25.0,0.1
2018,198,PAYX,Paychex,25.0,0.1
2018,199,CP,Canadian Pacific Kansas City Ltd/Cn,25.0,0.1
2018,200,EQR,Equity Residential,25.0,0.1
2018,201,DG,Dollar General,25.0,0.1
2018,202,LHX,"L3Harris Technologies, Inc.",25.0,0.1
2018,203,MCO,Moodys Corp,24.0,0.1
2018,204,ES,Eversource Energy,24.0,0.1
2018,205,GPN,Global Payments,24.0,0.1
2018,206,AVB,Avalonbay Communities,24.0,0.1
2018,207,APH,Amphenol Corp,24.0,0.1
2018,208,SCCO,Southern Copper Corp/,24.0,0.1
2018,209,BX,Blackstone,23.0,0.1
2018,210,AFL,Aflac,23.0,0.1
2018,211,LUV,Southwest Airlines,23.0,0.1
2018,212,GIS,General Mills,23.0,0.1
2018,213,PPG,Ppg Industries,23.0,0.1
2018,214,HRL,Hormel Foods Corp,23.0,0.1
2018,215,FTV,Fortive,23.0,0.1
2018,216,WEC,Wec Energy Group,23.0,0.1
2018,217,TT,Trane Technologies,23.0,0.1
2018,218,VLO,Valero Energy Corp/Tx,22.0,0.1
2018,219,HBAN,Huntington Bancshares Inc /Md/,22.0,0.1
2018,220,RSG,Republic Services,22.0,0.1
2018,221,HPQ,Hp,22.0,0.1
2018,222,HAL,Halliburton,22.0,0.1
2018,223,BF-A,Brown Forman,22.0,0.1
2018,224,EIX,Edison International,22.0,0.1
2018,225,OMC,Omnicom Group,22.0,0.1
2018,226,TEL,TE Connectivity,22.0,0.1
2018,227,HSY,Hershey,22.0,0.1
2018,228,FE,Firstenergy,22.0,0.1
2018,229,ALL,Allstate,21.0,0.1
2018,230,BKR,Baker Hughes,21.0,0.1
2018,231,MTB,M&T Bank,21.0,0.1
2018,232,PPL,Ppl,21.0,0.1
2018,233,AAL,American Airlines Group,21.0,0.1
2018,234,ZBH,Zimmer Biomet Holdings,21.0,0.1
2018,235,AIG,American International Group,21.0,0.1
2018,236,TROW,Price T Rowe Group,20.0,0.1
2018,237,MKC,Mccormick & Co,20.0,0.1
2018,238,AGNC,AGNC Investment,20.0,0.1
2018,239,HPE,Hewlett Packard Enterprise,20.0,0.1
2018,240,VICI,Vici Properties,20.0,0.1
2018,241,DTE,Dte Energy,20.0,0.1
2018,242,PCAR,Paccar,20.0,0.1
2018,243,ADM,Archer-Daniels-Midland,20.0,0.1
2018,244,EA,Electronic Arts,20.0,0.1
2018,245,CTAS,Cintas,20.0,0.1
2018,246,ARE,Alexandria Real Estate Equities,20.0,0.1
2018,247,LRCX,Lam Research,20.0,0.1
2018,248,IQV,Iqvia Holdings,20.0,0.1
2018,249,TDG,TransDigm Group,20.0,0.1
2018,250,DOC,Healthpeak Properties,19.0,0.1
2018,251,FITB,Fifth Third Ban,19.0,0.1
2018,252,SIRI,Sirius Xm Holdings,19.0,0.1
2018,253,EXR,Extra Space Storage,19.0,0.1
2018,254,MSI,Motorola Solutions,19.0,0.1
2018,255,TTWO,Take Two Interactive Software,19.0,0.1
2018,256,HKHC,Horizon Kinetics Holding,19.0,0.1
2018,257,WCN,Waste Connections,19.0,0.1
2018,258,AJG,Arthur J. Gallagher,19.0,0.1
2018,259,PH,Parker-Hannifin,19.0,0.1
2018,260,CLX,Clorox Co,19.0,0.1
2018,261,K,Kellanova,19.0,0.1
2018,262,TEVJF,Teva Pharmaceutical Industries,19.0,0.1
2018,263,NXPI,NXP Semiconductors N.V.,19.0,0.1
2018,264,DUKB,Duke Energy,19.0,0.1
2018,265,CMI,Cummins,18.0,0.1
2018,266,CNP,Centerpoint Energy,18.0,0.1
2018,267,SWK,Stanley Black & Decker,18.0,0.1
2018,268,A,Agilent Technologies,18.0,0.1
2018,269,QSR,Restaurant Brands International,18.0,0.1
2018,270,JCI,Johnson Controls International,18.0,0.1
2018,271,IP,International Paper Co /New/,18.0,0.1
2018,272,SHOP,Shopify,18.0,0.1
2018,273,AEE,Ameren,18.0,0.1
2018,274,BXP,Bxp,18.0,0.1
2018,275,AWK,American Water Works Company,18.0,0.1
2018,276,TEVA,Teva Pharmaceutical Industries,18.0,0.1
2018,277,BNTC,Benitec Biopharma,18.0,0.1
2018,278,STT,State Street,18.0,0.1
2018,279,KKR,KKR & Co.,17.0,0.1
2018,280,CQP,"Cheniere Energy Partners, L.P.",17.0,0.1
2018,281,CNLHN,Connecticut Light & Power,17.0,0.1
2018,282,MPC,Marathon Petroleum,17.0,0.1
2018,283,KR,Kroger,17.0,0.1
2018,284,PANW,Palo Alto Networks,17.0,0.1
2018,285,DELL,Dell Technologies,17.0,0.1
2018,286,SBAC,Sba Communications,17.0,0.1
2018,287,SNPS,Synopsys,17.0,0.1
2018,288,MCHP,Microchip Technology,17.0,0.1
2018,289,CTRA,Coterra Energy,17.0,0.1
2018,290,ROK,Rockwell Automation,17.0,0.1
2018,291,DLTR,Dollar Tree,17.0,0.1
2018,292,EMN,Eastman Chemical,17.0,0.1
2018,293,RMD,Resmed,17.0,0.1
2018,294,HLT,Hilton Worldwide Holdings,16.0,0.1
2018,295,BMRN,Biomarin Pharmaceutical,16.0,0.1
2018,296,ETR,Entergy Corp,16.0,0.1
2018,297,EG,Everest Group,16.0,0.1
2018,298,XYL,Xylem,16.0,0.1
2018,299,KEY,Keycorp /New/,16.0,0.1
2018,300,ANET,Arista Networks,16.0,0.1
2018,301,CAG,Conagra Brands,16.0,0.1
2018,302,ESS,Essex Property Trust,16.0,0.1
2018,303,WY,Weyerhaeuser,16.0,0.1
2018,304,ELAN,Elanco Animal Health,16.0,0.1
2018,305,CHD,Church & Dwight Co Inc,16.0,0.1
2018,306,LULU,lululemon athletica,16.0,0.1
2018,307,NTRS,Northern Trust,16.0,0.1
2018,308,AME,Ametek Inc/,15.0,0.1
2018,309,ATO,Atmos Energy,15.0,0.1
2018,310,BEN,Franklin Resources,15.0,0.1
2018,311,CINF,Cincinnati Financial,15.0,0.1
2018,312,CMS,Cms Energy,15.0,0.1
2018,313,LUMN,Lumen Technologies,15.0,0.1
2018,314,BBY,Best Buy Co,15.0,0.1
2018,315,ALGN,Align Technology,15.0,0.1
2018,316,FAST,Fastenal,15.0,0.1
2018,317,VEEV,Veeva Systems,15.0,0.1
2018,318,MELI,Mercadolibre,15.0,0.1
2018,319,FCX,Freeport-Mcmoran,15.0,0.1
2018,320,IDXX,Idexx Laboratories Inc,15.0,0.1
2018,321,APO,Apollo Global Management,15.0,0.1
2018,322,COR,Cencora,14.0,0.1
2018,323,WTW,Willis Towers Watson,14.0,0.1
2018,324,MKL,Markel Group,14.0,0.1
2018,325,NTAP,NetApp,14.0,0.1
2018,326,VRSK,Verisk Analytics,14.0,0.1
2018,327,PAA,Plains All American Pipeline,14.0,0.1
2018,328,DVN,Devon Energy Corp,14.0,0.1
2018,329,EXPE,Expedia Group,14.0,0.1
2018,330,AZO,Autozone,14.0,0.1
2018,331,MCK,Mckesson,14.0,0.1
2018,332,TWLO,Twilio,14.0,0.1
2018,333,VRSN,Verisign Inc/Ca,14.0,0.1
2018,334,NDAQ,Nasdaq,13.0,0.1
2018,335,GWW,W.W. Grainger,13.0,0.1
2018,336,CUE,Cue Biopharma,13.0,0.1
2018,337,DD,DuPont de Nemours,13.0,0.1
2018,338,GPC,Genuine Parts,13.0,0.1
2018,339,APTV,Aptiv,13.0,0.1
2018,340,EVRG,Evergy,13.0,0.1
2018,341,UDR,Udr,13.0,0.1
2018,342,LH,Labcorp Holdings,13.0,0.1
2018,343,VMC,Vulcan Materials,13.0,0.1
2018,344,CUK,Carnival,13.0,0.1
2018,345,DRI,Darden Restaurants,13.0,0.1
2018,346,COO,Cooper Companies,13.0,0.1
2018,347,INCY,Incyte,13.0,0.1
2018,348,CFG,Citizens Financial Group Inc/Ri,13.0,0.1
2018,349,IMO,Imperial Oil,13.0,0.1
2018,350,CPAY,Corpay,13.0,0.1
2018,351,EBAY,Ebay,13.0,0.1
2018,352,CUKPF,Carnival,12.0,0.1
2018,353,SUI,Sun Communities,12.0,0.1
2018,354,LNG,Cheniere Energy,12.0,0.1
2018,355,ULTA,Ulta Beauty,12.0,0.1
2018,356,CSGP,Costar Group,12.0,0.1
2018,357,HIG,Hartford Insurance Group,12.0,0.1
2018,358,ARR,Armour Residential REIT,12.0,0.1
2018,359,BALL,Ball,12.0,0.1
2018,360,INVH,Invitation Homes,12.0,0.1
2018,361,NI,Nisource,12.0,0.1
2018,362,GRMN,Garmin,12.0,0.1
2018,363,EXAS,Exact Sciences,12.0,0.0
2018,364,FTNT,Fortinet,12.0,0.0
2018,365,NUE,Nucor,12.0,0.0
2018,366,CNA,Cna Financial,12.0,0.0
2018,367,CMG,Chipotle Mexican Grill,12.0,0.0
2018,368,WAB,Westinghouse Air Brake Technologies,12.0,0.0
2018,369,YUMC,Yum China Holdings,12.0,0.0
2018,370,ROL,Rollins,12.0,0.0
2018,371,W,Wayfair,12.0,0.0
2018,372,HSIC,Henry Schein,12.0,0.0
2018,373,EQT,Eqt,12.0,0.0
2018,374,CDNS,Cadence Design Systems,12.0,0.0
2018,375,CBRE,Cbre Group,12.0,0.0
2018,376,VNO,Vornado Realty Trust,12.0,0.0
2018,377,KLAC,Kla,12.0,0.0
2018,378,HEI,Heico,12.0,0.0
2018,379,ESPR,Esperion Therapeutics,12.0,0.0
2018,380,SJM,J M Smucker,12.0,0.0
2018,381,RF,Regions Financial,12.0,0.0
2018,382,MTD,Mettler Toledo International Inc/,11.0,0.0
2018,383,HST,Host Hotels & Resorts,11.0,0.0
2018,384,UGI,Ugi Corp /Pa/,11.0,0.0
2018,385,SRPT,Sarepta Therapeutics,11.0,0.0
2018,386,LYV,Live Nation Entertainment,11.0,0.0
2018,387,CPRT,Copart,11.0,0.0
2018,388,HAS,Hasbro,11.0,0.0
2018,389,ENO,Entergy New Orleans,11.0,0.0
2018,390,LW,Lamb Weston Holdings,11.0,0.0
2018,391,GEN,Gen Digital,11.0,0.0
2018,392,MAC,Macerich,11.0,0.0
2018,393,WAT,Waters Corp,11.0,0.0
2018,394,MAA,Mid America Apartment Communities,11.0,0.0
2018,395,BR,Broadridge Financial Solutions,11.0,0.0
2018,396,EFX,Equifax,11.0,0.0
2018,397,HPP,Hudson Pacific Properties,11.0,0.0
2018,398,TRU,TransUnion,11.0,0.0
2018,399,CPB,Campbell's,11.0,0.0
2018,400,WES,Western Midstream Partners,11.0,0.0
2018,401,LNT,Alliant Energy,11.0,0.0
2018,402,BURL,Burlington Stores,11.0,0.0
2018,403,SSNC,SS&C Technologies Holdings,11.0,0.0
2018,404,WPC,W. P. Carey,11.0,0.0
2018,405,DXCM,Dexcom,11.0,0.0
2018,406,MSCI,Msci,11.0,0.0
2018,407,REG,Regency Centers,11.0,0.0
2018,408,WDC,Western Digital,11.0,0.0
2018,409,TAP,Molson Coors Beverage,11.0,0.0
2018,410,COLB,Columbia Banking System,11.0,0.0
2018,411,CDW,Cdw,10.0,0.0
2018,412,CAH,Cardinal Health,10.0,0.0
2018,413,RJF,Raymond James Financial,10.0,0.0
2018,414,OHI,Omega Healthcare Investors,10.0,0.0
2018,415,MLM,Martin Marietta Materials,10.0,0.0
2018,416,AES,Aes,10.0,0.0
2018,417,OKTA,Okta,10.0,0.0
2018,418,GAP,Gap,10.0,0.0
2018,419,CBOE,Cboe Global Markets,10.0,0.0
2018,420,WYNN,Wynn Resorts,10.0,0.0
2018,421,PNW,Pinnacle West Capital,10.0,0.0
2018,422,FRT,Federal Realty Investment Trust,10.0,0.0
2018,423,TSCO,Tractor Supply Co,10.0,0.0
2018,424,SWKS,Skyworks Solutions,10.0,0.0
2018,425,ODFL,Old Dominion Freight Line,10.0,0.0
2018,426,MTCH,Match Group,10.0,0.0
2018,427,CHRW,C. H. Robinson Worldwide,10.0,0.0
2018,428,HR,Healthcare Realty Trust,10.0,0.0
2018,429,DHI,Horton D R Inc,10.0,0.0
2018,430,CE,Celanese,10.0,0.0
2018,431,KIM,Kimco Realty,10.0,0.0
2018,432,KEYS,Keysight Technologies,10.0,0.0
2018,433,LNC,Lincoln National,10.0,0.0
2018,434,AMP,Ameriprise Financial,10.0,0.0
2018,435,PTC,Ptc,10.0,0.0
2018,436,ALNY,Alnylam Pharmaceuticals,10.0,0.0
2018,437,WTRG,Essential Utilities,10.0,0.0
2018,438,IRM,Iron Mountain,10.0,0.0
2018,439,MPW,Medical Properties Trust,10.0,0.0
2018,440,DOV,Dover,10.0,0.0
2018,441,PFG,Principal Financial Group,10.0,0.0
2018,442,RGA,Reinsurance Group Of America,10.0,0.0
2018,443,ACGL,Arch Capital Group,9.0,0.0
2018,444,TDY,Teledyne Technologies,9.0,0.0
2018,445,IEX,Idex Corp,9.0,0.0
2018,446,L,Loews,9.0,0.0
2018,447,KMX,Carmax,9.0,0.0
2018,448,M,Macy's,9.0,0.0
2018,449,FFIV,F5,9.0,0.0
2018,450,AAP,Advance Auto Parts,9.0,0.0
2018,451,SNAP,Snap,9.0,0.0
2018,452,NOV,Nov,9.0,0.0
2018,453,MOS,Mosaic,9.0,0.0
2018,454,BRO,Brown & Brown,9.0,0.0
2018,455,NNN,Nnn Reit,9.0,0.0
2018,456,GLPI,Gaming & Leisure Properties,9.0,0.0
2018,457,PROP,Prairie Operating,9.0,0.0
2018,458,DGX,Quest Diagnostics,9.0,0.0
2018,459,EXPD,Expeditors International Of Washington,9.0,0.0
2018,460,ALB,Albemarle,9.0,0.0
2018,461,JKHY,Jack Henry & Associates,9.0,0.0
2018,462,HOLX,Hologic,9.0,0.0
2018,463,WRB,Berkley W R,9.0,0.0
2018,464,CPT,Camden Property Trust,9.0,0.0
2018,465,IONS,Ionis Pharmaceuticals,9.0,0.0
2018,466,MTN,Vail Resorts,9.0,0.0
2018,467,TYL,Tyler Technologies,9.0,0.0
2018,468,TDOC,Teladoc Health,9.0,0.0
2018,469,AKAM,Akamai Technologies,9.0,0.0
2018,470,FTI,TechnipFMC,9.0,0.0
2018,471,JBHT,Hunt J B Transport Services,9.0,0.0
2018,472,CMA,Comerica Inc /New/,9.0,0.0
2018,473,GDDY,GoDaddy,9.0,0.0
2018,474,ELS,Equity Lifestyle Properties,9.0,0.0
2018,475,FNF,Fidelity National Financial,9.0,0.0
2018,476,RVTY,Revvity,9.0,0.0
2018,477,FDS,Factset Research Systems,9.0,0.0
2018,478,IT,Gartner,9.0,0.0
2018,479,SABR,Sabre,9.0,0.0
2018,480,ZBRA,Zebra Technologies,9.0,0.0
2018,481,STX,Seagate Technology Holdings,8.0,0.0
2018,482,WLK,Westlake,8.0,0.0
2018,483,RPM,Rpm International Inc,8.0,0.0
2018,484,DPZ,Dominos Pizza,8.0,0.0
2018,485,PR,Permian Resources,8.0,0.0
2018,486,BFH,Bread Financial Holdings,8.0,0.0
2018,487,DOCU,Docusign,8.0,0.0
2018,488,J,Jacobs Solutions,8.0,0.0
2018,489,OGE,Oge Energy,8.0,0.0
2018,490,OTEX,Open Text,8.0,0.0
2018,491,IR,Ingersoll Rand,8.0,0.0
2018,492,TXT,Textron,8.0,0.0
2018,493,WBS,Webster Financial,8.0,0.0
2018,494,VSAT,Viasat,8.0,0.0
2018,495,SYF,Synchrony Financial,8.0,0.0
2018,496,NWL,Newell Brands,8.0,0.0
2018,497,OVV,Ovintiv,8.0,0.0
2018,498,HQY,Healthequity,8.0,0.0
2018,499,TRGP,Targa Resources,8.0,0.0
2018,500,VST,Vistra,8.0,0.0
2018,501,ST,Sensata Technologies Holding,8.0,0.0
2018,502,JAZZ,Jazz Pharmaceuticals,8.0,0.0
2018,503,LII,Lennox International,8.0,0.0
2018,504,ZG,Zillow Group,8.0,0.0
2018,505,NRG,Nrg Energy,8.0,0.0
2018,506,UAA,Under Armour,8.0,0.0
2018,507,IPG,Interpublic Group Of Companies,8.0,0.0
2018,508,AFG,American Financial Group,8.0,0.0
2018,509,KRC,Kilroy Realty,7.0,0.0
2018,510,GWRE,Guidewire Software,7.0,0.0
2018,511,SNA,Snap-on,7.0,0.0
2018,512,HII,Huntington Ingalls Industries,7.0,0.0
2018,513,AMH-PG,American Homes 4 Rent,7.0,0.0
2018,514,MKTX,Marketaxess Holdings,7.0,0.0
2018,515,XRAY,Dentsply Sirona,7.0,0.0
2018,516,IVZ,Invesco,7.0,0.0
2018,517,TRMB,Trimble,7.0,0.0
2018,518,CZR,Caesars Entertainment,7.0,0.0
2018,519,COLD,Americold Realty Trust,7.0,0.0
2018,520,STWD,Starwood Property Trust,7.0,0.0
2018,521,RGLD,Royal Gold,7.0,0.0
2018,522,BWA,Borgwarner,7.0,0.0
2018,523,AMH,American Homes 4 Rent,7.0,0.0
2018,524,NBIX,Neurocrine Biosciences,7.0,0.0
2018,525,MHK,Mohawk Industries,7.0,0.0
2018,526,UHS,Universal Health Services,7.0,0.0
2018,527,ADC,Agree Realty,7.0,0.0
2018,528,ESTC,Elastic N.V.,7.0,0.0
2018,529,DCTH,Delcath Systems,7.0,0.0
2018,530,NEOG,Neogen,7.0,0.0
2018,531,WST,West Pharmaceutical Services,7.0,0.0
2018,532,ARMK,Aramark,7.0,0.0
2018,533,LAMR,Lamar Advertising Co,7.0,0.0
2018,534,AA,Alcoa,7.0,0.0
2018,535,RNG,RingCentral,7.0,0.0
2018,536,ALLY,Ally Financial,7.0,0.0
2018,537,ALK,Alaska Air Group,7.0,0.0
2018,538,BHC,Bausch Health Companies,7.0,0.0
2018,539,GL,Globe Life,7.0,0.0
2018,540,USFD,US Foods Holding,7.0,0.0
2018,541,ALLE,Allegion,7.0,0.0
2018,542,TPR,Tapestry,7.0,0.0
2018,543,NDSN,Nordson,7.0,0.0
2018,544,AVY,Avery Dennison,7.0,0.0
2018,545,GGG,Graco,7.0,0.0
2018,546,NVR,Nvr,7.0,0.0
2018,547,WVE,Wave Life Sciences,7.0,0.0
2018,548,REXR,Rexford Industrial Realty,7.0,0.0
2018,549,CF,CF Industries Holdings,7.0,0.0
2018,550,FIVE,Five Below,7.0,0.0
2018,551,PSTG,Pure Storage,7.0,0.0
2018,552,LDOS,Leidos Holdings,7.0,0.0
2018,553,HUBS,Hubspot,7.0,0.0
2018,554,ALLO,Allogene Therapeutics,7.0,0.0
2018,555,MDB,MongoDB,7.0,0.0
2018,556,CUBE,CubeSmart,7.0,0.0
2018,557,ON,On Semiconductor,7.0,0.0
2018,558,UHAL,U-Haul Holding Co /NV/,6.0,0.0
2018,559,URI,United Rentals,6.0,0.0
2018,560,WHR,Whirlpool Corp,6.0,0.0
2018,561,MSGS,Madison Square Garden Sports,6.0,0.0
2018,562,NWSA,News,6.0,0.0
2018,563,HE,Hawaiian Electric Industries,6.0,0.0
2018,564,FHN,First Horizon,6.0,0.0
2018,565,ORC,Orchid Island Capital,6.0,0.0
2018,566,BIO,Bio-Rad Laboratories,6.0,0.0
2018,567,PAYC,Paycom Software,6.0,0.0
2018,568,EPAM,EPAM Systems,6.0,0.0
2018,569,LEA,Lear,6.0,0.0
2018,570,TRIP,TripAdvisor,6.0,0.0
2018,571,MGM,MGM Resorts International,6.0,0.0
2018,572,RL,Ralph Lauren,6.0,0.0
2018,573,ERIE,Erie Indemnity,6.0,0.0
2018,574,PNR,Pentair,6.0,0.0
2018,575,HLF,Herbalife,6.0,0.0
2018,576,EHC,Encompass Health,6.0,0.0
2018,577,RBA,Rb Global,6.0,0.0
2018,578,COHR,Coherent,6.0,0.0
2018,579,ATR,Aptargroup,6.0,0.0
2018,580,BFAM,Bright Horizons Family Solutions,6.0,0.0
2018,581,LKQ,Lkq,6.0,0.0
2018,582,MRNA,Moderna,6.0,0.0
2018,583,UI,Ubiquiti,6.0,0.0
2018,584,EWBC,East West Bancorp,6.0,0.0
2018,585,NVAX,Novavax,6.0,0.0
2018,586,ZION,"Zions Bancorporation, National Association /Ut/",6.0,0.0
2018,587,DCI,DONALDSON Co,6.0,0.0
2018,588,JBLU,Jetblue Airways,6.0,0.0
2018,589,ONB,Old National Bancorp /In/,6.0,0.0
2018,590,SLG,Sl Green Realty,6.0,0.0
2018,591,SSB,SouthState,6.0,0.0
2018,592,MAS,Masco Corp,6.0,0.0
2018,593,GT,Goodyear Tire & Rubber Co /Oh/,6.0,0.0
2018,594,RNR,Renaissancere Holdings,6.0,0.0
2018,595,JLL,Jones Lang Lasalle,6.0,0.0
2018,596,GMED,Globus Medical,6.0,0.0
2018,597,ZS,Zscaler,6.0,0.0
2018,598,CLSK,Cleanspark,6.0,0.0
2018,599,PB,Prosperity Bancshares,6.0,0.0
2018,600,DLB,Dolby Laboratories,6.0,0.0
2018,601,JEF,Jefferies Financial Group,6.0,0.0
2018,602,INGR,Ingredion,6.0,0.0
2018,603,COTY,Coty,6.0,0.0
2018,604,DEI,Douglas Emmett,6.0,0.0
2018,605,MPWR,Monolithic Power Systems,6.0,0.0
2018,606,CBSH,Commerce Bancshares Inc /Mo/,6.0,0.0
2018,607,WSO,Watsco,6.0,0.0
2018,608,RHI,Robert Half,6.0,0.0
2018,609,ICUI,Icu Medical Inc,6.0,0.0
2018,610,CG,Carlyle Group,6.0,0.0
2018,611,OLLI,Ollie's Bargain Outlet Holdings,6.0,0.0
2018,612,QRVO,Qorvo,6.0,0.0
2018,613,MASI,Masimo,6.0,0.0
2018,614,SCI,Service Corp International,6.0,0.0
2018,615,ARES,Ares Management,6.0,0.0
2018,616,SEIC,Sei Investments,6.0,0.0
2018,617,CFR,Cullen/Frost Bankers,6.0,0.0
2018,618,PODD,Insulet,6.0,0.0
2018,619,DAY,Dayforce,6.0,0.0
2018,620,CRL,Charles River Laboratories International,5.0,0.0
2018,621,TECH,Bio-Techne,5.0,0.0
2018,622,BAH,Booz Allen Hamilton Holding,5.0,0.0
2018,623,TTC,Toro,5.0,0.0
2018,624,POOL,Pool,5.0,0.0
2018,625,BXMT,Blackstone Mortgage Trust,5.0,0.0
2018,626,TWO,Two Harbors Investment,5.0,0.0
2018,627,WU,Western Union,5.0,0.0
2018,628,FBIN,Fortune Brands Innovations,5.0,0.0
2018,629,AM,Antero Midstream,5.0,0.0
2018,630,POR,Portland General Electric Co /Or/,5.0,0.0
2018,631,HUBB,Hubbell,5.0,0.0
2018,632,SON,Sonoco Products,5.0,0.0
2018,633,CUZ,Cousins Properties,5.0,0.0
2018,634,ALV,Autoliv,5.0,0.0
2018,635,PK,Park Hotels & Resorts,5.0,0.0
2018,636,HWM,Howmet Aerospace,5.0,0.0
2018,637,GBCI,Glacier Bancorp,5.0,0.0
2018,638,SEE,Sealed Air Corp,5.0,0.0
2018,639,IDA,Idacorp,5.0,0.0
2018,640,EXEL,Exelixis,5.0,0.0
2018,641,OGS,ONE Gas,5.0,0.0
2018,642,ORI,Old Republic International,5.0,0.0
2018,643,PHM,Pultegroup Inc/Mi/,5.0,0.0
2018,644,DNTH,"Dianthus Therapeutics, Inc.",5.0,0.0
2018,645,MSM,Msc Industrial Direct Co,5.0,0.0
2018,646,PFGC,Performance Food Group,5.0,0.0
2018,647,EGP,Eastgroup Properties,5.0,0.0
2018,648,TTD,Trade Desk,5.0,0.0
2018,649,TER,Teradyne,5.0,0.0
2018,650,EPR,Epr Properties,5.0,0.0
2018,651,FLR,Fluor,5.0,0.0
2018,652,LPLA,LPL Financial Holdings,5.0,0.0
2018,653,ALKS,Alkermes plc.,5.0,0.0
2018,654,LEG,Leggett & Platt,5.0,0.0
2018,655,NFG,National Fuel Gas,5.0,0.0
2018,656,MZTI,Marzetti,5.0,0.0
2018,657,FLS,Flowserve,5.0,0.0
2018,658,UNM,Unum Group,5.0,0.0
2018,659,DBX,Dropbox,5.0,0.0
2018,660,PEN,Penumbra,5.0,0.0
2018,661,MIDD,Middleby,5.0,0.0
2018,662,HP,Helmerich & Payne,5.0,0.0
2018,663,STAG,STAG Industrial,5.0,0.0
2018,664,BKH,Black Hills Corp /Sd/,5.0,0.0
2018,665,CCK,Crown Holdings,5.0,0.0
2018,666,EQH,Equitable Holdings,5.0,0.0
2018,667,UTHR,United Therapeutics,5.0,0.0
2018,668,CASY,Caseys General Stores,5.0,0.0
2018,669,RRX,Regal Rexnord,5.0,0.0
2018,670,UMBF,Umb Financial,5.0,0.0
2018,671,WH,Wyndham Hotels & Resorts,5.0,0.0
2018,672,CABO,Cable One,5.0,0.0
2018,673,FIZZ,National Beverage,5.0,0.0
2018,674,NJR,New Jersey Resources,5.0,0.0
2018,675,FAF,First American Financial,5.0,0.0
2018,676,G,Genpact,5.0,0.0
2018,677,LOGI,Logitech International S.A.,5.0,0.0
2018,678,ETSY,Etsy,5.0,0.0
2018,679,WSM,Williams Sonoma,5.0,0.0
2018,680,ADT,Adt,5.0,0.0
2018,681,FSLR,First Solar,5.0,0.0
2018,682,ROKU,Roku,5.0,0.0
2018,683,PWR,Quanta Services,5.0,0.0
2018,684,HAE,Haemonetics,5.0,0.0
2018,685,BRX,Brixmor Property Group,5.0,0.0
2018,686,TFSL,TFS Financial,4.0,0.0
2018,687,FCNCA,First Citizens Bancshares Inc,4.0,0.0
2018,688,AVAV,AeroVironment,4.0,0.0
2018,689,CIM,Chimera Investment,4.0,0.0
2018,690,WTFC,Wintrust Financial,4.0,0.0
2018,691,AIZ,Assurant,4.0,0.0
2018,692,CIEN,Ciena,4.0,0.0
2018,693,GDOT,Green Dot,4.0,0.0
2018,694,WWD,Woodward,4.0,0.0
2018,695,COLM,Columbia Sportswear,4.0,0.0
2018,696,OLED,Universal Display Corp \Pa\,4.0,0.0
2018,697,BOKF,Bok Financial,4.0,0.0
2018,698,PII,Polaris,4.0,0.0
2018,699,SR,Spire,4.0,0.0
2018,700,FICO,Fair Isaac,4.0,0.0
2018,701,MKSI,Mks,4.0,0.0
2018,702,GNTX,Gentex,4.0,0.0
2018,703,HXL,Hexcel Corp,4.0,0.0
2018,704,UBSI,United Bankshares Inc/Wv,4.0,0.0
2018,705,STLD,Steel Dynamics,4.0,0.0
2018,706,LECO,Lincoln Electric Holdings,4.0,0.0
2018,707,HBI,Hanesbrands,4.0,0.0
2018,708,RBC,RBC Bearings,4.0,0.0
2018,709,AMRX,Amneal Pharmaceuticals,4.0,0.0
2018,710,RARE,Ultragenyx Pharmaceutical,4.0,0.0
2018,711,WAL,Western Alliance Ban,4.0,0.0
2018,712,PLNT,Planet Fitness,4.0,0.0
2018,713,MSTR,Microstrategy,4.0,0.0
2018,714,ENTG,Entegris,4.0,0.0
2018,715,CC,Chemours,4.0,0.0
2018,716,HIW,Highwoods Properties,4.0,0.0
2018,717,LFUS,Littelfuse Inc,4.0,0.0
2018,718,ITT,Itt,4.0,0.0
2018,719,RHP,Ryman Hospitality Properties,4.0,0.0
2018,720,MORN,Morningstar,4.0,0.0
2018,721,SBRA,Sabra Health Care REIT,4.0,0.0
2018,722,FFIN,First Financial Bankshares,4.0,0.0
2018,723,CTRE,CareTrust REIT,4.0,0.0
2018,724,CNK,Cinemark Holdings,4.0,0.0
2018,725,CACC,Credit Acceptance,4.0,0.0
2018,726,THG,Hanover Insurance Group,4.0,0.0
2018,727,KNX,Knight-Swift Transportation Holdings,4.0,0.0
2018,728,SMTC,Semtech,4.0,0.0
2018,729,AGCO,Agco Corp,4.0,0.0
2018,730,IBKR,Interactive Brokers Group,4.0,0.0
2018,731,EEFT,Euronet Worldwide,4.0,0.0
2018,732,AYI,Acuity Inc. (De),4.0,0.0
2018,733,PAGP,Plains Gp Holdings,4.0,0.0
2018,734,FLEX,Flex,4.0,0.0
2018,735,CRON,Cronos Group,4.0,0.0
2018,736,PTEN,Patterson Uti Energy,4.0,0.0
2018,737,BTU,Peabody Energy,4.0,0.0
2018,738,CHE,Chemed,4.0,0.0
2018,739,KMPR,Kemper,4.0,0.0
2018,740,IOVA,Iovance Biotherapeutics,4.0,0.0
2018,741,FLO,Flowers Foods,4.0,0.0
2018,742,PBF,PBF Energy,4.0,0.0
2018,743,OSK,Oshkosh,4.0,0.0
2018,744,AXS,Axis Capital Holdings,4.0,0.0
2018,745,FR,First Industrial Realty Trust,4.0,0.0
2018,746,NVCR,NovoCure,4.0,0.0
2018,747,HOG,Harley-Davidson,4.0,0.0
2018,748,ESBA,"Empire State Realty OP, L.P.",4.0,0.0
2018,749,NEU,Newmarket,4.0,0.0
2018,750,GNL,Global Net Lease,4.0,0.0
2018,751,CW,Curtiss Wright,4.0,0.0
2018,752,PEGA,Pegasystems,4.0,0.0
2018,753,VRT,Vertiv Holdings,4.0,0.0
2018,754,TXRH,Texas Roadhouse,4.0,0.0
2018,755,AEO,American Eagle Outfitters,4.0,0.0
2018,756,JBTM,JBT Marel,4.0,0.0
2018,757,DECK,Deckers Outdoor,4.0,0.0
2018,758,LAZ,Lazard,4.0,0.0
2018,759,PPC,Pilgrims Pride,4.0,0.0
2018,760,TDS,Telephone & Data Systems Inc,4.0,0.0
2018,761,TRNO,Terreno Realty,4.0,0.0
2018,762,RS,Reliance,4.0,0.0
2018,763,TSN,Tyson Foods,4.0,0.0
2018,764,NHI,National Health Investors,4.0,0.0
2018,765,THO,Thor Industries,4.0,0.0
2018,766,NVT,nVent Electric,4.0,0.0
2018,767,NYT,New York Times,4.0,0.0
2018,768,DBC,Invesco DB Commodity Index Tracking Fund,4.0,0.0
2018,769,CBRL,Cracker Barrel Old Country Store,4.0,0.0
2018,770,KEX,Kirby,4.0,0.0
2018,771,XPRO,Expro Group Holdings N.V.,4.0,0.0
2018,772,WULF,Terawulf,4.0,0.0
2018,773,RYN,Rayonier,4.0,0.0
2018,774,TDC,Teradata Corp,4.0,0.0
2018,775,FIBK,First Interstate Bancsystem,4.0,0.0
2018,776,SMG,Scotts Miracle-Gro,4.0,0.0
2018,777,COMM,CommScope Holding Company,4.0,0.0
2018,778,OC,Owens Corning,4.0,0.0
2018,779,WSBC,Wesbanco,4.0,0.0
2018,780,NSP,Insperity,4.0,0.0
2018,781,IART,Integra Lifesciences Holdings,4.0,0.0
2018,782,AXON,Axon Enterprise,4.0,0.0
2018,783,SFNC,Simmons First National,4.0,0.0
2018,784,AVA,Avista,3.0,0.0
2018,785,BWXT,BWX Technologies,3.0,0.0
2018,786,PLCE,Childrens Place,3.0,0.0
2018,787,TREX,Trex Co,3.0,0.0
2018,788,DVA,Davita,3.0,0.0
2018,789,CVI,Cvr Energy,3.0,0.0
2018,790,MMS,Maximus,3.0,0.0
2018,791,URBN,Urban Outfitters,3.0,0.0
2018,792,INDB,Independent Bank,3.0,0.0
2018,793,DX,Dynex Capital,3.0,0.0
2018,794,FIVN,Five9,3.0,0.0
2018,795,ACM,Aecom,3.0,0.0
2018,796,SEB,Seaboard Corp,3.0,0.0
2018,797,AL,Air Lease,3.0,0.0
2018,798,APLE,Apple Hospitality REIT,3.0,0.0
2018,799,HRB,H&R Block,3.0,0.0
2018,800,DBRG,DigitalBridge Group,3.0,0.0
2018,801,GTES,Gates Industrial Corp,3.0,0.0
2018,802,MUR,Murphy Oil,3.0,0.0
2018,803,CWK,Cushman & Wakefield,3.0,0.0
2018,804,LAB,Standard Biotools,3.0,0.0
2018,805,HUN,Huntsman,3.0,0.0
2018,806,SNX,Td Synnex,3.0,0.0
2018,807,DBRG-PJ,DigitalBridge Group,3.0,0.0
2018,808,ZD,Ziff Davis,3.0,0.0
2018,809,CHH,Choice Hotels International Inc,3.0,0.0
2018,810,CHDN,Churchill Downs,3.0,0.0
2018,811,GKOS,Glaukos,3.0,0.0
2018,812,CRBP,Corbus Pharmaceuticals Holdings,3.0,0.0
2018,813,OUT,OUTFRONT Media,3.0,0.0
2018,814,LSTR,Landstar System,3.0,0.0
2018,815,PCTY,Paylocity Holding,3.0,0.0
2018,816,AOS,Smith A O,3.0,0.0
2018,817,DNLI,Denali Therapeutics,3.0,0.0
2018,818,PEB,Pebblebrook Hotel Trust,3.0,0.0
2018,819,SAFE,Safehold,3.0,0.0
2018,820,SFIX,Stitch Fix,3.0,0.0
2018,821,TOL,Toll Brothers,3.0,0.0
2018,822,JHG,Janus Henderson Group,3.0,0.0
2018,823,ORA,Ormat Technologies,3.0,0.0
2018,824,FCFS,FirstCash Holdings,3.0,0.0
2018,825,CACI,Caci International Inc,3.0,0.0
2018,826,CHGG,Chegg,3.0,0.0
2018,827,CARG,CarGurus,3.0,0.0
2018,828,EBS,Emergent BioSolutions,3.0,0.0
2018,829,CRNX,Crinetics Pharmaceuticals,3.0,0.0
2018,830,PFS,Provident Financial Services,3.0,0.0
2018,831,TEX,Terex,3.0,0.0
2018,832,AKR,Acadia Realty Trust,3.0,0.0
2018,833,GTLS,Chart Industries,3.0,0.0
2018,834,QTWO,Q2 Holdings,3.0,0.0
2018,835,BPOP,Popular,3.0,0.0
2018,836,REZI,Resideo Technologies,3.0,0.0
2018,837,PRI,Primerica,3.0,0.0
2018,838,ENR,Energizer Holdings,3.0,0.0
2018,839,KWR,Quaker Chemical,3.0,0.0
2018,840,SM,SM Energy,3.0,0.0
2018,841,CBU,Community Financial System,3.0,0.0
2018,842,RLI,Rli,3.0,0.0
2018,843,TREE,LendingTree,3.0,0.0
2018,844,BC,Brunswick,3.0,0.0
2018,845,DKS,Dick's Sporting Goods,3.0,0.0
2018,846,MAN,ManpowerGroup,3.0,0.0
2018,847,COGT,Cogent Biosciences,3.0,0.0
2018,848,CRI,Carters,3.0,0.0
2018,849,EPRT,Essential Properties Realty Trust,3.0,0.0
2018,850,SF,Stifel Financial,3.0,0.0
2018,851,FOLD,Amicus Therapeutics,3.0,0.0
2018,852,WEN,Wendy's,3.0,0.0
2018,853,LITE,Lumentum Holdings,3.0,0.0
2018,854,NGVT,Ingevity,3.0,0.0
2018,855,ATI,Ati,3.0,0.0
2018,856,AVT,Avnet,3.0,0.0
2018,857,SRRK,Scholar Rock Holding,3.0,0.0
2018,858,BLKB,Blackbaud,3.0,0.0
2018,859,AR,Antero Resources,3.0,0.0
2018,860,MAT,Mattel Inc,3.0,0.0
2018,861,GNRC,Generac Holdings,3.0,0.0
2018,862,BJ,BJ's Wholesale Club Holdings,3.0,0.0
2018,863,MCY,Mercury General,3.0,0.0
2018,864,FCPT,Four Corners Property Trust,3.0,0.0
2018,865,KRG,Kite Realty Group Trust,3.0,0.0
2018,866,RNST,Renasant,3.0,0.0
2018,867,ENS,EnerSys,3.0,0.0
2018,868,CWT,California Water Service Group,3.0,0.0
2018,869,PTCT,Ptc Therapeutics,3.0,0.0
2018,870,OMF,OneMain Holdings,3.0,0.0
2018,871,TTEK,Tetra Tech,3.0,0.0
2018,872,WLY,John Wiley & Sons,3.0,0.0
2018,873,INSM,Insmed,3.0,0.0
2018,874,DHC,Diversified Healthcare Trust,3.0,0.0
2018,875,ACIW,Aci Worldwide,3.0,0.0
2018,876,LGND,Ligand Pharmaceuticals,3.0,0.0
2018,877,BE,Bloom Energy,3.0,0.0
2018,878,FND,Floor & Decor Holdings,3.0,0.0
2018,879,MODG,Topgolf Callaway Brands,3.0,0.0
2018,880,MRCY,Mercury Systems,3.0,0.0
2018,881,HCSG,Healthcare Services Group,3.0,0.0
2018,882,POST,Post Holdings,3.0,0.0
2018,883,EVR,Evercore,3.0,0.0
2018,884,FULT,Fulton Financial,3.0,0.0
2018,885,PVLA,Palvella Therapeutics,3.0,0.0
2018,886,GHC,Graham Holdings,3.0,0.0
2018,887,JJSF,J&J Snack Foods,3.0,0.0
2018,888,ACAD,Acadia Pharmaceuticals,3.0,0.0
2018,889,CRSP,CRISPR Therapeutics AG,3.0,0.0
2018,890,OMCL,Omnicell,3.0,0.0
2018,891,TALO,Talos Energy,3.0,0.0
2018,892,CVBF,Cvb Financial,3.0,0.0
2018,893,FHB,First Hawaiian,3.0,0.0
2018,894,AGIO,Agios Pharmaceuticals,3.0,0.0
2018,895,VYX,NCR Voyix,3.0,0.0
2018,896,PRLB,Proto Labs,3.0,0.0
2018,897,CTMX,CytomX Therapeutics,3.0,0.0
2018,898,DORM,Dorman Products,3.0,0.0
2018,899,BCO,Brinks,3.0,0.0
2018,900,MD,Pediatrix Medical Group,3.0,0.0
2018,901,STRA,Strategic Education,3.0,0.0
2018,902,BOH,Bank Of Hawaii,3.0,0.0
2018,903,EME,EMCOR Group,3.0,0.0
2018,904,WWW,Wolverine World Wide Inc,3.0,0.0
2018,905,UNF,Unifirst,3.0,0.0
2018,906,PAG,Penske Automotive Group,3.0,0.0
2018,907,JBL,Jabil,3.0,0.0
2018,908,GEO,Geo Group,3.0,0.0
2018,909,OI,"O-I Glass, Inc.",3.0,0.0
2018,910,AWR,American States Water,3.0,0.0
2018,911,GRPN,Groupon,3.0,0.0
2018,912,CLH,Clean Harbors,3.0,0.0
2018,913,ITGR,Integer Holdings,3.0,0.0
2018,914,CVLT,Commvault Systems,3.0,0.0
2018,915,MDGL,Madrigal Pharmaceuticals,3.0,0.0
2018,916,TNDM,Tandem Diabetes Care,3.0,0.0
2018,917,TKR,Timken,3.0,0.0
2018,918,EPR-PE,Epr Properties,3.0,0.0
2018,919,MC,Moelis,3.0,0.0
2018,920,UCB,United Community Banks,3.0,0.0
2018,921,SLAB,Silicon Laboratories,3.0,0.0
2018,922,ALRM,Alarm.com Holdings,3.0,0.0
2018,923,RUN,Sunrun,3.0,0.0
2018,924,NOVT,Novanta,3.0,0.0
2018,925,SBCF,Seacoast Banking Corp Of Florida,3.0,0.0
2018,926,KMT,Kennametal,3.0,0.0
2018,927,KW,Kennedy-Wilson Holdings,3.0,0.0
2018,928,LILA,Liberty Latin America,3.0,0.0
2018,929,MANH,Manhattan Associates,3.0,0.0
2018,930,GATX,Gatx,3.0,0.0
2018,931,HNI,Hni,3.0,0.0
2018,932,ESI,Element Solutions,3.0,0.0
2018,933,PENN,PENN Entertainment,3.0,0.0
2018,934,BCPC,Balchem,3.0,0.0
2018,935,NWN,Northwest Natural Holding,3.0,0.0
2018,936,CMPR,Cimpress,3.0,0.0
2018,937,FOXF,Fox Factory Holding,3.0,0.0
2018,938,EGHT,8X8 Inc,3.0,0.0
2018,939,SAM,Boston Beer Co,2.0,0.0
2018,940,SLGN,Silgan Holdings,2.0,0.0
2018,941,AWI,Armstrong World Industries,2.0,0.0
2018,942,VVV,Valvoline,2.0,0.0
2018,943,NWBI,Northwest Bancshares,2.0,0.0
2018,944,AAT,American Assets Trust,2.0,0.0
2018,945,SITE,SiteOne Landscape Supply,2.0,0.0
2018,946,VSH,Vishay Intertechnology,2.0,0.0
2018,947,EXPO,Exponent,2.0,0.0
2018,948,SHEN,Shenandoah Telecommunications Co/Va/,2.0,0.0
2018,949,BGC,BGC Group,2.0,0.0
2018,950,SHO,Sunstone Hotel Investors,2.0,0.0
2018,951,HLI,Houlihan Lokey,2.0,0.0
2018,952,RLJ,RLJ Lodging Trust,2.0,0.0
2018,953,PCH,Potlatchdeltic,2.0,0.0
2018,954,EEX,Emerald Holding,2.0,0.0
2018,955,RAMP,LiveRamp Holdings,2.0,0.0
2018,956,HASI,HA Sustainable Infrastructure Capital,2.0,0.0
2018,957,BL,Blackline,2.0,0.0
2018,958,KTOS,Kratos Defense & Security Solutions,2.0,0.0
2018,959,ESRT,Empire State Realty Trust,2.0,0.0
2018,960,CAKE,Cheesecake Factory,2.0,0.0
2018,961,VAC,Marriott Vacations Worldwide,2.0,0.0
2018,962,KOS,Kosmos Energy,2.0,0.0
2018,963,AMCX,AMC Networks,2.0,0.0
2018,964,WOR,Worthington Enterprises,2.0,0.0
2018,965,NXST,Nexstar Media Group,2.0,0.0
2018,966,LXP,LXP Industrial Trust,2.0,0.0
2018,967,CDP,Copt Defense Properties,2.0,0.0
2018,968,SXT,Sensient Technologies,2.0,0.0
2018,969,NERV,Minerva Neurosciences,2.0,0.0
2018,970,YEXT,Yext,2.0,0.0
2018,971,WDFC,Wd 40,2.0,0.0
2018,972,RH,Rh,2.0,0.0
2018,973,OPK,Opko Health,2.0,0.0
2018,974,GTX,Garrett Motion,2.0,0.0
2018,975,ACHC,Acadia Healthcare Company,2.0,0.0
2018,976,SIG,Signet Jewelers,2.0,0.0
2018,977,HTO,H2O America,2.0,0.0
2018,978,KFY,Korn Ferry,2.0,0.0
2018,979,SKT,Tanger,2.0,0.0
2018,980,PGEN,Precigen,2.0,0.0
2018,981,VIAV,Viavi Solutions,2.0,0.0
2018,982,EYE,National Vision Holdings,2.0,0.0
2018,983,XPO,Xpo,2.0,0.0
2018,984,OLN,Olin,2.0,0.0
2018,985,ARI,Apollo Commercial Real Estate Finance,2.0,0.0
2018,986,RC,Ready Capital,2.0,0.0
2018,987,CTOS,Custom Truck One Source,2.0,0.0
2018,988,GEL,Genesis Energy,2.0,0.0
2018,989,MTG,Mgic Investment,2.0,0.0
2018,990,SGI,Somnigroup International,2.0,0.0
2018,991,ASGN,Asgn,2.0,0.0
2018,992,RRC,Range Resources,2.0,0.0
2018,993,CATY,Cathay General Ban,2.0,0.0
2018,994,UPWK,Upwork,2.0,0.0
2018,995,TNL,Travel & Leisure,2.0,0.0
2018,996,OPCH,Option Care Health,2.0,0.0
2018,997,BDN,Brandywine Realty Trust,2.0,0.0
2018,998,CBT,Cabot,2.0,0.0
2018,999,EVH,Evolent Health,2.0,0.0
2018,1000,SSD,Simpson Manufacturing Co.,2.0,0.0
2019,1,AAPL,Apple,1271.0,4.1
2019,2,MSFT,Microsoft,1171.0,3.8
2019,3,GOOGL,Alphabet,922.0,3.0
2019,4,AMZN,Amazon Com,920.0,3.0
2019,5,META,Meta Platforms,520.0,1.7
2019,6,BRK-B,Berkshire Hathaway,489.0,1.6
2019,7,V,Visa,385.0,1.2
2019,8,JPM,JPMorgan Chase,379.0,1.2
2019,9,JNJ,Johnson & Johnson,351.0,1.1
2019,10,WMT,Walmart,333.0,1.1
2019,11,BA,Boeing,330.0,1.1
2019,12,INTC,Intel,302.0,1.0
2019,13,PG,Procter & Gamble,290.0,0.9
2019,14,XOM,Exxon Mobil,289.0,0.9
2019,15,T,AT&T,280.0,0.9
2019,16,UNH,Unitedhealth Group,267.0,0.9
2019,17,MA,Mastercard,266.0,0.9
2019,18,VZ,Verizon Communications,258.0,0.8
2019,19,DIS,Walt Disney,257.0,0.8
2019,20,BAC,Bank Of America Corp,256.0,0.8
2019,21,CVX,Chevron,239.0,0.8
2019,22,KO,Coca Cola,238.0,0.8
2019,23,HD,Home Depot,236.0,0.8
2019,24,MRK,Merck & Co.,231.0,0.7
2019,25,PFE,Pfizer,217.0,0.7
2019,26,CMCSA,Comcast,207.0,0.7
2019,27,PEP,Pepsico,188.0,0.6
2019,28,CSCO,Cisco Systems,185.0,0.6
2019,29,WFC,Wells Fargo & Company/Mn,166.0,0.5
2019,30,ORCL,Oracle,161.0,0.5
2019,31,ABBV,AbbVie,157.0,0.5
2019,32,PM,Philip Morris International,153.0,0.5
2019,33,ABT,Abbott Laboratories,151.0,0.5
2019,34,NFLX,Netflix,142.0,0.5
2019,35,C,Citigroup,139.0,0.4
2019,36,NKE,Nike,138.0,0.4
2019,37,CRM,Salesforce,136.0,0.4
2019,38,MDT,Medtronic,135.0,0.4
2019,39,COST,Costco Wholesale Corp,133.0,0.4
2019,40,BMY,Bristol Myers Squibb,131.0,0.4
2019,41,AMGN,Amgen,130.0,0.4
2019,42,RTX,Rtx,128.0,0.4
2019,43,HON,Honeywell International,126.0,0.4
2019,44,ADBE,Adobe,126.0,0.4
2019,45,AMCR,Amcor,125.0,0.4
2019,46,NVDA,NVIDIA,125.0,0.4
2019,47,ACN,Accenture,124.0,0.4
2019,48,LLY,Eli Lilly,124.0,0.4
2019,49,TMO,Thermo Fisher Scientific,121.0,0.4
2019,50,IBM,International Business Machines,119.0,0.4
2019,51,NEE,Nextera Energy,118.0,0.4
2019,52,AVGO,Broadcom,118.0,0.4
2019,53,TXN,Texas Instruments,117.0,0.4
2019,54,UNP,Union Pacific,107.0,0.3
2019,55,AMT,American Tower Corp /Ma/,107.0,0.3
2019,56,DHR,Danaher Corp,107.0,0.3
2019,57,MMM,3M,101.0,0.3
2019,58,SBUX,Starbucks,100.0,0.3
2019,59,LIN,Linde,99.0,0.3
2019,60,PYPL,PayPal Holdings,96.0,0.3
2019,61,MDLZ,Mondelez International,96.0,0.3
2019,62,QCOM,Qualcomm Inc,95.0,0.3
2019,63,CVS,Cvs Health,95.0,0.3
2019,64,USB,Us Bancorp \De\,92.0,0.3
2019,65,LMT,Lockheed Martin,89.0,0.3
2019,66,ENB,Enbridge,87.0,0.3
2019,67,TMUS,T-Mobile US,86.0,0.3
2019,68,AXP,American Express,85.0,0.3
2019,69,UPS,United Parcel Service,84.0,0.3
2019,70,MO,Altria Group,84.0,0.3
2019,71,SCHW,Schwab Charles,83.0,0.3
2019,72,PLD,Prologis,83.0,0.3
2019,73,WBD,Warner Bros. Discovery,82.0,0.3
2019,74,SPGI,S&P Global,81.0,0.3
2019,75,GILD,Gilead Sciences,81.0,0.3
2019,76,SYK,Stryker,80.0,0.3
2019,77,MS,Morgan Stanley,80.0,0.3
2019,78,COP,Conocophillips,80.0,0.3
2019,79,TSLA,Tesla,76.0,0.2
2019,80,AMD,Advanced Micro Devices,75.0,0.2
2019,81,EL,Estee Lauder Companies,75.0,0.2
2019,82,BDX,Becton Dickinson,74.0,0.2
2019,83,D,Dominion Energy,73.0,0.2
2019,84,CME,Cme Group,72.0,0.2
2019,85,SO,Southern,72.0,0.2
2019,86,FIS,Fidelity National Information Services,72.0,0.2
2019,87,INTU,Intuit,71.0,0.2
2019,88,DUK,Duke Energy,71.0,0.2
2019,89,TFC,Truist Financial,70.0,0.2
2019,90,GS,Goldman Sachs Group,70.0,0.2
2019,91,ISRG,Intuitive Surgical,69.0,0.2
2019,92,ADP,Automatic Data Processing,68.0,0.2
2019,93,CAT,Caterpillar,68.0,0.2
2019,94,TJX,Tjx Companies Inc,68.0,0.2
2019,95,BSX,Boston Scientific,67.0,0.2
2019,96,ELV,Elevance Health,67.0,0.2
2019,97,O,Realty Income,66.0,0.2
2019,98,PLDGP,Prologis,66.0,0.2
2019,99,PNC,Pnc Financial Services Group,65.0,0.2
2019,100,COF,Capital One Financial,64.0,0.2
2019,101,LOW,Lowes Companies,63.0,0.2
2019,102,CCI,Crown Castle,62.0,0.2
2019,103,CB,Chubb,61.0,0.2
2019,104,EPD,Enterprise Products Partners L.P.,61.0,0.2
2019,105,CHTR,"Charter Communications, Inc. /Mo/",61.0,0.2
2019,106,UBER,Uber Technologies,61.0,0.2
2019,107,SLB,Schlumberger Limited/Nv,60.0,0.2
2019,108,GE,GE Aerospace,58.0,0.2
2019,109,FREJP,Federal Home Loan Mortgage,58.0,0.2
2019,110,CSX,Csx,58.0,0.2
2019,111,EQIX,Equinix,57.0,0.2
2019,112,WELL,Welltower,57.0,0.2
2019,113,ZTS,Zoetis,56.0,0.2
2019,114,CCL,Carnival,56.0,0.2
2019,115,VRTX,Vertex Pharmaceuticals Inc / Ma,56.0,0.2
2019,116,CL,Colgate Palmolive,55.0,0.2
2019,117,MMC,Marsh & Mclennan Companies,55.0,0.2
2019,118,ECL,Ecolab,54.0,0.2
2019,119,MU,Micron Technology,54.0,0.2
2019,120,CI,Cigna Group,54.0,0.2
2019,121,SHW,Sherwin Williams,54.0,0.2
2019,122,NOW,ServiceNow,53.0,0.2
2019,123,ADI,Analog Devices,53.0,0.2
2019,124,ICE,Intercontinental Exchange,52.0,0.2
2019,125,APD,Air Products & Chemicals,52.0,0.2
2019,126,ITW,Illinois Tool Works,52.0,0.2
2019,127,AEP,American Electric Power Co,51.0,0.2
2019,128,TGT,Target,49.0,0.2
2019,129,NOC,Northrop Grumman Corp,49.0,0.2
2019,130,ILMN,Illumina,49.0,0.2
2019,131,EW,Edwards Lifesciences,49.0,0.2
2019,132,OKE,Oneok Inc /New/,48.0,0.2
2019,133,GD,General Dynamics,48.0,0.2
2019,134,DE,Deere,48.0,0.2
2019,135,NEM,NEWMONT Corp,47.0,0.2
2019,136,KMI,Kinder Morgan,47.0,0.2
2019,137,LVS,Las Vegas Sands,46.0,0.1
2019,138,WM,Waste Management,46.0,0.1
2019,139,KMB,Kimberly Clark,46.0,0.1
2019,140,CUE,Cue Biopharma,45.0,0.1
2019,141,SHOP,Shopify,45.0,0.1
2019,142,PSX,Phillips 66,45.0,0.1
2019,143,AON,Aon,45.0,0.1
2019,144,EOG,Eog Resources,45.0,0.1
2019,145,EXC,Exelon,44.0,0.1
2019,146,AMAT,Applied Materials Inc,44.0,0.1
2019,147,SRE,Sempra,44.0,0.1
2019,148,HUM,Humana,44.0,0.1
2019,149,BX,Blackstone,44.0,0.1
2019,150,BIIB,Biogen,44.0,0.1
2019,151,NSC,Norfolk Southern,44.0,0.1
2019,152,GPN,Global Payments,43.0,0.1
2019,153,BAX,Baxter International,43.0,0.1
2019,154,EMR,Emerson Electric,43.0,0.1
2019,155,PGR,Progressive Corp/Oh/,42.0,0.1
2019,156,LRCX,Lam Research,42.0,0.1
2019,157,MCO,Moodys Corp,41.0,0.1
2019,158,DLR,Digital Realty Trust,41.0,0.1
2019,159,WDAY,Workday,41.0,0.1
2019,160,SYY,Sysco,41.0,0.1
2019,161,OXY,Occidental Petroleum Corp,41.0,0.1
2019,162,MAR,Marriott International Inc /Md/,40.0,0.1
2019,163,XEL,Xcel Energy,40.0,0.1
2019,164,KDP,Keurig Dr Pepper,39.0,0.1
2019,165,IEP,Icahn Enterprises L.P.,39.0,0.1
2019,166,VFC,V F,39.0,0.1
2019,167,REGN,Regeneron Pharmaceuticals,39.0,0.1
2019,168,DOW,Dow,39.0,0.1
2019,169,DAL,Delta Air Lines,38.0,0.1
2019,170,FDX,Fedex,38.0,0.1
2019,171,KHC,Kraft Heinz,37.0,0.1
2019,172,XYZ,Block,37.0,0.1
2019,173,PSA,Public Storage,37.0,0.1
2019,174,F,Ford Motor,37.0,0.1
2019,175,LHX,"L3Harris Technologies, Inc.",37.0,0.1
2019,176,ROP,Roper Technologies,37.0,0.1
2019,177,ETN,Eaton Corp,37.0,0.1
2019,178,RCL,Royal Caribbean Cruises,36.0,0.1
2019,179,ROST,Ross Stores,35.0,0.1
2019,180,DG,Dollar General,35.0,0.1
2019,181,CP,Canadian Pacific Kansas City Ltd/Cn,35.0,0.1
2019,182,BK,Bank of New York Mellon,35.0,0.1
2019,183,MNST,Monster Beverage,34.0,0.1
2019,184,ORLY,O Reilly Automotive,33.0,0.1
2019,185,GM,General Motors,33.0,0.1
2019,186,MET,Metlife,33.0,0.1
2019,187,IFF,International Flavors & Fragrances,33.0,0.1
2019,188,HCA,HCA Healthcare,33.0,0.1
2019,189,SCCO,Southern Copper Corp/,33.0,0.1
2019,190,ED,Consolidated Edison,33.0,0.1
2019,191,TDG,TransDigm Group,33.0,0.1
2019,192,STZ,Constellation Brands,33.0,0.1
2019,193,PRU,Prudential Financial,33.0,0.1
2019,194,APH,Amphenol Corp,32.0,0.1
2019,195,NXPI,NXP Semiconductors N.V.,32.0,0.1
2019,196,TT,Trane Technologies,32.0,0.1
2019,197,ES,Eversource Energy,32.0,0.1
2019,198,ADSK,Autodesk,31.0,0.1
2019,199,CNC,Centene,31.0,0.1
2019,200,ZBH,Zimmer Biomet Holdings,31.0,0.1
2019,201,PAYX,Paychex,31.0,0.1
2019,202,LYB,LyondellBasell Industries N.V.,30.0,0.1
2019,203,EQR,Equity Residential,30.0,0.1
2019,204,WEC,Wec Energy Group,30.0,0.1
2019,205,PPG,Ppg Industries,30.0,0.1
2019,206,HSY,Hershey,30.0,0.1
2019,207,CTSH,Cognizant Technology Solutions,30.0,0.1
2019,208,PEG,Public Service Enterprise Group,29.0,0.1
2019,209,BF-A,Brown Forman,29.0,0.1
2019,210,AVB,Avalonbay Communities,29.0,0.1
2019,211,ALL,Allstate,29.0,0.1
2019,212,TRV,Travelers Companies,29.0,0.1
2019,213,EIX,Edison International,29.0,0.1
2019,214,WMB,Williams Companies,29.0,0.1
2019,215,MELI,Mercadolibre,29.0,0.1
2019,216,UAL,United Airlines Holdings,29.0,0.1
2019,217,APO,Apollo Global Management,28.0,0.1
2019,218,HBAN,Huntington Bancshares Inc /Md/,28.0,0.1
2019,219,GIS,General Mills,28.0,0.1
2019,220,FE,Firstenergy,28.0,0.1
2019,221,VLO,Valero Energy Corp/Tx,28.0,0.1
2019,222,TEL,TE Connectivity,28.0,0.1
2019,223,YUM,Yum Brands,28.0,0.1
2019,224,RSG,Republic Services,28.0,0.1
2019,225,SNAP,Snap,28.0,0.1
2019,226,ARE,Alexandria Real Estate Equities,28.0,0.1
2019,227,PCAR,Paccar,27.0,0.1
2019,228,AIG,American International Group,27.0,0.1
2019,229,VICI,Vici Properties,27.0,0.1
2019,230,NLY,Annaly Capital Management,27.0,0.1
2019,231,VTR,Ventas,27.0,0.1
2019,232,AFL,Aflac,27.0,0.1
2019,233,PPL,Ppl,27.0,0.1
2019,234,LUV,Southwest Airlines,27.0,0.1
2019,235,EA,Electronic Arts,27.0,0.1
2019,236,MSI,Motorola Solutions,27.0,0.1
2019,237,NCLH,Norwegian Cruise Line Holdings,27.0,0.1
2019,238,CTAS,Cintas,27.0,0.1
2019,239,TROW,Price T Rowe Group,27.0,0.1
2019,240,AILIH,Ameren Illinois,27.0,0.1
2019,241,FANG,Diamondback Energy,26.0,0.1
2019,242,IQV,Iqvia Holdings,26.0,0.1
2019,243,KKR,KKR & Co.,26.0,0.1
2019,244,SNPS,Synopsys,26.0,0.1
2019,245,PH,Parker-Hannifin,26.0,0.1
2019,246,MPLX,Mplx,26.0,0.1
2019,247,SWK,Stanley Black & Decker,26.0,0.1
2019,248,FTV,Fortive,26.0,0.1
2019,249,SBAC,Sba Communications,26.0,0.1
2019,250,BKR,Baker Hughes,25.0,0.1
2019,251,FITB,Fifth Third Ban,25.0,0.1
2019,252,HLT,Hilton Worldwide Holdings,25.0,0.1
2019,253,MTB,M&T Bank,25.0,0.1
2019,254,MCHP,Microchip Technology,25.0,0.1
2019,255,GLW,Corning Inc /Ny,25.0,0.1
2019,256,DTE,Dte Energy,25.0,0.1
2019,257,JCI,Johnson Controls International,25.0,0.1
2019,258,CMI,Cummins,25.0,0.1
2019,259,AJG,Arthur J. Gallagher,24.0,0.1
2019,260,OMC,Omnicom Group,24.0,0.1
2019,261,SIRI,Sirius Xm Holdings,24.0,0.1
2019,262,DOC,Healthpeak Properties,24.0,0.1
2019,263,AWK,American Water Works Company,24.0,0.1
2019,264,ETR,Entergy Corp,24.0,0.1
2019,265,PCG,Pg&E,24.0,0.1
2019,266,KLAC,Kla,23.0,0.1
2019,267,CMG,Chipotle Mexican Grill,23.0,0.1
2019,268,VTRS,Viatris,23.0,0.1
2019,269,WCN,Waste Connections,23.0,0.1
2019,270,VEEV,Veeva Systems,23.0,0.1
2019,271,LULU,lululemon athletica,23.0,0.1
2019,272,AME,Ametek Inc/,23.0,0.1
2019,273,MKC,Mccormick & Co,23.0,0.1
2019,274,ROK,Rockwell Automation,23.0,0.1
2019,275,TTWO,Take Two Interactive Software,23.0,0.1
2019,276,K,Kellanova,23.0,0.1
2019,277,RMD,Resmed,23.0,0.1
2019,278,ADM,Archer-Daniels-Midland,22.0,0.1
2019,279,HRL,Hormel Foods Corp,22.0,0.1
2019,280,EXR,Extra Space Storage,22.0,0.1
2019,281,PANW,Palo Alto Networks,22.0,0.1
2019,282,QSR,Restaurant Brands International,22.0,0.1
2019,283,KEY,Keycorp /New/,22.0,0.1
2019,284,STT,State Street,22.0,0.1
2019,285,DLTR,Dollar Tree,22.0,0.1
2019,286,CSGP,Costar Group,22.0,0.1
2019,287,BXP,Bxp,22.0,0.1
2019,288,WY,Weyerhaeuser,22.0,0.1
2019,289,HPE,Hewlett Packard Enterprise,22.0,0.1
2019,290,A,Agilent Technologies,21.0,0.1
2019,291,AEE,Ameren,21.0,0.1
2019,292,FAST,Fastenal,21.0,0.1
2019,293,DUKB,Duke Energy,21.0,0.1
2019,294,CINF,Cincinnati Financial,21.0,0.1
2019,295,IDXX,Idexx Laboratories Inc,21.0,0.1
2019,296,IP,International Paper Co /New/,21.0,0.1
2019,297,EG,Everest Group,21.0,0.1
2019,298,ZM,Zoom Communications,21.0,0.1
2019,299,HAL,Halliburton,20.0,0.1
2019,300,AGNC,AGNC Investment,20.0,0.1
2019,301,APTV,Aptiv,20.0,0.1
2019,302,DXCM,Dexcom,20.0,0.1
2019,303,ALGN,Align Technology,20.0,0.1
2019,304,CTVA,Corteva,20.0,0.1
2019,305,ROKU,Roku,20.0,0.1
2019,306,NTRS,Northern Trust,20.0,0.1
2019,307,VRSK,Verisk Analytics,20.0,0.1
2019,308,CPAY,Corpay,19.0,0.1
2019,309,ESS,Essex Property Trust,19.0,0.1
2019,310,AZO,Autozone,19.0,0.1
2019,311,CQP,"Cheniere Energy Partners, L.P.",19.0,0.1
2019,312,CMS,Cms Energy,19.0,0.1
2019,313,OKTA,Okta,19.0,0.1
2019,314,CPRT,Copart,19.0,0.1
2019,315,XYL,Xylem,19.0,0.1
2019,316,CDNS,Cadence Design Systems,19.0,0.1
2019,317,MTCH,Match Group,19.0,0.1
2019,318,WTW,Willis Towers Watson,19.0,0.1
2019,319,GRMN,Garmin,19.0,0.1
2019,320,AAL,American Airlines Group,19.0,0.1
2019,321,FCX,Freeport-Mcmoran,19.0,0.1
2019,322,MSCI,Msci,19.0,0.1
2019,323,VMC,Vulcan Materials,19.0,0.1
2019,324,ATO,Atmos Energy,19.0,0.1
2019,325,CLX,Clorox Co,19.0,0.1
2019,326,CDW,Cdw,18.0,0.1
2019,327,SUI,Sun Communities,18.0,0.1
2019,328,SWKS,Skyworks Solutions,18.0,0.1
2019,329,FTNT,Fortinet,18.0,0.1
2019,330,DELL,Dell Technologies,18.0,0.1
2019,331,INVH,Invitation Homes,18.0,0.1
2019,332,CBRE,Cbre Group,18.0,0.1
2019,333,CNP,Centerpoint Energy,18.0,0.1
2019,334,MPC,Marathon Petroleum,18.0,0.1
2019,335,CNLHN,Connecticut Light & Power,18.0,0.1
2019,336,NDAQ,Nasdaq,18.0,0.1
2019,337,VRSN,Verisign Inc/Ca,18.0,0.1
2019,338,EXAS,Exact Sciences,18.0,0.1
2019,339,WDC,Western Digital,17.0,0.1
2019,340,INCY,Incyte,17.0,0.1
2019,341,CFG,Citizens Financial Group Inc/Ri,17.0,0.1
2019,342,KEYS,Keysight Technologies,17.0,0.1
2019,343,HEI,Heico,17.0,0.1
2019,344,BALL,Ball,17.0,0.1
2019,345,KR,Kroger,17.0,0.1
2019,346,MCK,Mckesson,17.0,0.1
2019,347,LYFT,Lyft,17.0,0.1
2019,348,YUMC,Yum China Holdings,17.0,0.1
2019,349,MLM,Martin Marietta Materials,17.0,0.1
2019,350,HIG,Hartford Insurance Group,17.0,0.1
2019,351,EFX,Equifax,17.0,0.1
2019,352,CHD,Church & Dwight Co Inc,17.0,0.1
2019,353,TFX,Teleflex,17.0,0.1
2019,354,LYV,Live Nation Entertainment,17.0,0.1
2019,355,COR,Cencora,17.0,0.1
2019,356,TRU,TransUnion,17.0,0.1
2019,357,LH,Labcorp Holdings,16.0,0.1
2019,358,BMRN,Biomarin Pharmaceutical,16.0,0.1
2019,359,DVN,Devon Energy Corp,16.0,0.1
2019,360,EBAY,Ebay,16.0,0.1
2019,361,TDY,Teledyne Technologies,16.0,0.1
2019,362,MTD,Mettler Toledo International Inc/,16.0,0.1
2019,363,GWW,W.W. Grainger,16.0,0.1
2019,364,HPQ,Hp,16.0,0.1
2019,365,MKL,Markel Group,16.0,0.1
2019,366,FOXA,Fox,16.0,0.1
2019,367,MRVL,Marvell Technology,16.0,0.1
2019,368,DOV,Dover,16.0,0.1
2019,369,AMP,Ameriprise Financial,16.0,0.1
2019,370,ANET,Arista Networks,16.0,0.1
2019,371,MAA,Mid America Apartment Communities,15.0,0.0
2019,372,BBY,Best Buy Co,15.0,0.0
2019,373,ALNY,Alnylam Pharmaceuticals,15.0,0.0
2019,374,UDR,Udr,15.0,0.0
2019,375,ACGL,Arch Capital Group,15.0,0.0
2019,376,ODFL,Old Dominion Freight Line,15.0,0.0
2019,377,TDOC,Teladoc Health,15.0,0.0
2019,378,DHI,Horton D R Inc,15.0,0.0
2019,379,EVRG,Evergy,15.0,0.0
2019,380,ESPR,Esperion Therapeutics,15.0,0.0
2019,381,TWLO,Twilio,15.0,0.0
2019,382,STE,Steris,15.0,0.0
2019,383,HAS,Hasbro,15.0,0.0
2019,384,RF,Regions Financial,15.0,0.0
2019,385,SSNC,SS&C Technologies Holdings,15.0,0.0
2019,386,ELAN,Elanco Animal Health,15.0,0.0
2019,387,GPC,Genuine Parts,15.0,0.0
2019,388,TYL,Tyler Technologies,14.0,0.0
2019,389,BNED,Barnes & Noble Education,14.0,0.0
2019,390,COO,Cooper Companies,14.0,0.0
2019,391,BR,Broadridge Financial Solutions,14.0,0.0
2019,392,IR,Ingersoll Rand,14.0,0.0
2019,393,WYNN,Wynn Resorts,14.0,0.0
2019,394,HPP,Hudson Pacific Properties,14.0,0.0
2019,395,RNG,RingCentral,14.0,0.0
2019,396,AES,Aes,14.0,0.0
2019,397,LNT,Alliant Energy,14.0,0.0
2019,398,GEN,Gen Digital,14.0,0.0
2019,399,WAT,Waters Corp,14.0,0.0
2019,400,KIM,Kimco Realty,14.0,0.0
2019,401,CPB,Campbell's,14.0,0.0
2019,402,KMX,Carmax,14.0,0.0
2019,403,WPC,W. P. Carey,14.0,0.0
2019,404,CAG,Conagra Brands,14.0,0.0
2019,405,HKHC,Horizon Kinetics Holding,14.0,0.0
2019,406,ZBRA,Zebra Technologies,14.0,0.0
2019,407,ELS,Equity Lifestyle Properties,14.0,0.0
2019,408,SRPT,Sarepta Therapeutics,14.0,0.0
2019,409,PAYC,Paycom Software,14.0,0.0
2019,410,CE,Celanese,14.0,0.0
2019,411,BEN,Franklin Resources,13.0,0.0
2019,412,MKTX,Marketaxess Holdings,13.0,0.0
2019,413,DDOG,Datadog,13.0,0.0
2019,414,NI,Nisource,13.0,0.0
2019,415,WTRG,Essential Utilities,13.0,0.0
2019,416,DNTH,"Dianthus Therapeutics, Inc.",13.0,0.0
2019,417,WAB,Westinghouse Air Brake Technologies,13.0,0.0
2019,418,BRO,Brown & Brown,13.0,0.0
2019,419,CTRA,Coterra Energy,13.0,0.0
2019,420,LUMN,Lumen Technologies,13.0,0.0
2019,421,DRI,Darden Restaurants,13.0,0.0
2019,422,EXPE,Expedia Group,13.0,0.0
2019,423,IMO,Imperial Oil,13.0,0.0
2019,424,NUE,Nucor,13.0,0.0
2019,425,PAA,Plains All American Pipeline,13.0,0.0
2019,426,DOCU,Docusign,13.0,0.0
2019,427,LNG,Cheniere Energy,13.0,0.0
2019,428,IEX,Idex Corp,13.0,0.0
2019,429,HST,Host Hotels & Resorts,13.0,0.0
2019,430,WRB,Berkley W R,13.0,0.0
2019,431,MPW,Medical Properties Trust,13.0,0.0
2019,432,VNO,Vornado Realty Trust,13.0,0.0
2019,433,CBOE,Cboe Global Markets,13.0,0.0
2019,434,AKAM,Akamai Technologies,13.0,0.0
2019,435,OHI,Omega Healthcare Investors,13.0,0.0
2019,436,CRWD,CrowdStrike Holdings,13.0,0.0
2019,437,FNF,Fidelity National Financial,12.0,0.0
2019,438,RJF,Raymond James Financial,12.0,0.0
2019,439,LDOS,Leidos Holdings,12.0,0.0
2019,440,ARMK,Aramark,12.0,0.0
2019,441,AVTR,Avantor,12.0,0.0
2019,442,GLPI,Gaming & Leisure Properties,12.0,0.0
2019,443,PTON,Peloton Interactive,12.0,0.0
2019,444,CZR,Caesars Entertainment,12.0,0.0
2019,445,SYF,Synchrony Financial,12.0,0.0
2019,446,IOVA,Iovance Biotherapeutics,12.0,0.0
2019,447,CNA,Cna Financial,12.0,0.0
2019,448,BURL,Burlington Stores,12.0,0.0
2019,449,PODD,Insulet,12.0,0.0
2019,450,ENO,Entergy New Orleans,12.0,0.0
2019,451,PFG,Principal Financial Group,12.0,0.0
2019,452,J,Jacobs Solutions,12.0,0.0
2019,453,CAH,Cardinal Health,12.0,0.0
2019,454,PINS,Pinterest,12.0,0.0
2019,455,STX,Seagate Technology Holdings,12.0,0.0
2019,456,W,Wayfair,12.0,0.0
2019,457,COLB,Columbia Banking System,12.0,0.0
2019,458,HOLX,Hologic,12.0,0.0
2019,459,DGX,Quest Diagnostics,12.0,0.0
2019,460,HR,Healthcare Realty Trust,12.0,0.0
2019,461,TTD,Trade Desk,12.0,0.0
2019,462,LW,Lamb Weston Holdings,12.0,0.0
2019,463,REG,Regency Centers,12.0,0.0
2019,464,CG,Carlyle Group,12.0,0.0
2019,465,UI,Ubiquiti,11.0,0.0
2019,466,EPAM,EPAM Systems,11.0,0.0
2019,467,XRAY,Dentsply Sirona,11.0,0.0
2019,468,SJM,J M Smucker,11.0,0.0
2019,469,TEVA,Teva Pharmaceutical Industries,11.0,0.0
2019,470,DD,DuPont de Nemours,11.0,0.0
2019,471,LNC,Lincoln National,11.0,0.0
2019,472,ARES,Ares Management,11.0,0.0
2019,473,BHC,Bausch Health Companies,11.0,0.0
2019,474,NTAP,NetApp,11.0,0.0
2019,475,ZG,Zillow Group,11.0,0.0
2019,476,RGA,Reinsurance Group Of America,11.0,0.0
2019,477,FRT,Federal Realty Investment Trust,11.0,0.0
2019,478,JBHT,Hunt J B Transport Services,11.0,0.0
2019,479,OTEX,Open Text,11.0,0.0
2019,480,TSCO,Tractor Supply Co,11.0,0.0
2019,481,DAY,Dayforce,11.0,0.0
2019,482,ROL,Rollins,11.0,0.0
2019,483,RVTY,Revvity,11.0,0.0
2019,484,WST,West Pharmaceutical Services,11.0,0.0
2019,485,L,Loews,11.0,0.0
2019,486,QRVO,Qorvo,11.0,0.0
2019,487,NBIX,Neurocrine Biosciences,11.0,0.0
2019,488,CPT,Camden Property Trust,11.0,0.0
2019,489,CLVT,Clarivate,11.0,0.0
2019,490,PNW,Pinnacle West Capital,11.0,0.0
2019,491,ALLE,Allegion,11.0,0.0
2019,492,ARR,Armour Residential REIT,11.0,0.0
2019,493,TER,Teradyne,11.0,0.0
2019,494,NVR,Nvr,11.0,0.0
2019,495,URI,United Rentals,10.0,0.0
2019,496,JKHY,Jack Henry & Associates,10.0,0.0
2019,497,REXR,Rexford Industrial Realty,10.0,0.0
2019,498,EXPD,Expeditors International Of Washington,10.0,0.0
2019,499,RGLD,Royal Gold,10.0,0.0
2019,500,IT,Gartner,10.0,0.0
2019,501,MDB,MongoDB,10.0,0.0
2019,502,DTIL,Precision Biosciences,10.0,0.0
2019,503,ULTA,Ulta Beauty,10.0,0.0
2019,504,TAP,Molson Coors Beverage,10.0,0.0
2019,505,NNN,Nnn Reit,10.0,0.0
2019,506,TEVJF,Teva Pharmaceutical Industries,10.0,0.0
2019,507,AVY,Avery Dennison,10.0,0.0
2019,508,COLD,Americold Realty Trust,10.0,0.0
2019,509,IONS,Ionis Pharmaceuticals,10.0,0.0
2019,510,BIO,Bio-Rad Laboratories,10.0,0.0
2019,511,KRC,Kilroy Realty,10.0,0.0
2019,512,COTY,Coty,10.0,0.0
2019,513,CHWY,Chewy,10.0,0.0
2019,514,VSAT,Viasat,10.0,0.0
2019,515,HII,Huntington Ingalls Industries,10.0,0.0
2019,516,TW,Tradeweb Markets,10.0,0.0
2019,517,DPZ,Dominos Pizza,10.0,0.0
2019,518,TXG,10x Genomics,10.0,0.0
2019,519,GL,Globe Life,10.0,0.0
2019,520,UGI,Ugi Corp /Pa/,10.0,0.0
2019,521,OLED,Universal Display Corp \Pa\,10.0,0.0
2019,522,MAS,Masco Corp,10.0,0.0
2019,523,TRMB,Trimble,10.0,0.0
2019,524,NVCR,NovoCure,10.0,0.0
2019,525,ON,On Semiconductor,10.0,0.0
2019,526,FTI,TechnipFMC,10.0,0.0
2019,527,AMH,American Homes 4 Rent,10.0,0.0
2019,528,AMH-PG,American Homes 4 Rent,10.0,0.0
2019,529,FDS,Factset Research Systems,10.0,0.0
2019,530,AAP,Advance Auto Parts,10.0,0.0
2019,531,GWRE,Guidewire Software,9.0,0.0
2019,532,IRM,Iron Mountain,9.0,0.0
2019,533,HWM,Howmet Aerospace,9.0,0.0
2019,534,RPM,Rpm International Inc,9.0,0.0
2019,535,ALLY,Ally Financial,9.0,0.0
2019,536,JAZZ,Jazz Pharmaceuticals,9.0,0.0
2019,537,CHRW,C. H. Robinson Worldwide,9.0,0.0
2019,538,ST,Sensata Technologies Holding,9.0,0.0
2019,539,UAA,Under Armour,9.0,0.0
2019,540,STWD,Starwood Property Trust,9.0,0.0
2019,541,CUK,Carnival,9.0,0.0
2019,542,USFD,US Foods Holding,9.0,0.0
2019,543,OGE,Oge Energy,9.0,0.0
2019,544,CMA,Comerica Inc /New/,9.0,0.0
2019,545,FBIN,Fortune Brands Innovations,9.0,0.0
2019,546,LKQ,Lkq,9.0,0.0
2019,547,AFG,American Financial Group,9.0,0.0
2019,548,GDDY,GoDaddy,9.0,0.0
2019,549,LAMR,Lamar Advertising Co,9.0,0.0
2019,550,NOV,Nov,9.0,0.0
2019,551,ARWR,Arrowhead Pharmaceuticals,9.0,0.0
2019,552,WLK,Westlake,9.0,0.0
2019,553,PTC,Ptc,9.0,0.0
2019,554,BWA,Borgwarner,9.0,0.0
2019,555,SABR,Sabre,9.0,0.0
2019,556,WHR,Whirlpool Corp,9.0,0.0
2019,557,SNA,Snap-on,9.0,0.0
2019,558,TRGP,Targa Resources,9.0,0.0
2019,559,ALSN,Allison Transmission Holdings,9.0,0.0
2019,560,UHS,Universal Health Services,9.0,0.0
2019,561,NDSN,Nordson,9.0,0.0
2019,562,MPWR,Monolithic Power Systems,9.0,0.0
2019,563,CUKPF,Carnival,9.0,0.0
2019,564,FICO,Fair Isaac,9.0,0.0
2019,565,GGG,Graco,9.0,0.0
2019,566,RNR,Renaissancere Holdings,9.0,0.0
2019,567,ALB,Albemarle,9.0,0.0
2019,568,WBS,Webster Financial,9.0,0.0
2019,569,BAH,Booz Allen Hamilton Holding,9.0,0.0
2019,570,SSB,SouthState,9.0,0.0
2019,571,MGM,MGM Resorts International,9.0,0.0
2019,572,LII,Lennox International,8.0,0.0
2019,573,IPG,Interpublic Group Of Companies,8.0,0.0
2019,574,WU,Western Union,8.0,0.0
2019,575,ADC,Agree Realty,8.0,0.0
2019,576,TECH,Bio-Techne,8.0,0.0
2019,577,CABO,Cable One,8.0,0.0
2019,578,MHK,Mohawk Industries,8.0,0.0
2019,579,HUBS,Hubspot,8.0,0.0
2019,580,MTN,Vail Resorts,8.0,0.0
2019,581,CCK,Crown Holdings,8.0,0.0
2019,582,UA,Under Armour,8.0,0.0
2019,583,BFAM,Bright Horizons Family Solutions,8.0,0.0
2019,584,HE,Hawaiian Electric Industries,8.0,0.0
2019,585,JLL,Jones Lang Lasalle,8.0,0.0
2019,586,NWL,Newell Brands,8.0,0.0
2019,587,FFIV,F5,8.0,0.0
2019,588,RBA,Rb Global,8.0,0.0
2019,589,IVZ,Invesco,8.0,0.0
2019,590,PFGC,Performance Food Group,8.0,0.0
2019,591,GMED,Globus Medical,8.0,0.0
2019,592,FHN,First Horizon,8.0,0.0
2019,593,NWSA,News,8.0,0.0
2019,594,SEIC,Sei Investments,8.0,0.0
2019,595,HUBB,Hubbell,8.0,0.0
2019,596,PPC,Pilgrims Pride,8.0,0.0
2019,597,TXT,Textron,8.0,0.0
2019,598,VST,Vistra,8.0,0.0
2019,599,WES,Western Midstream Partners,8.0,0.0
2019,600,ALK,Alaska Air Group,8.0,0.0
2019,601,POOL,Pool,8.0,0.0
2019,602,MRNA,Moderna,8.0,0.0
2019,603,ERIE,Erie Indemnity,8.0,0.0
2019,604,NRG,Nrg Energy,8.0,0.0
2019,605,ZION,"Zions Bancorporation, National Association /Ut/",8.0,0.0
2019,606,ENTG,Entegris,8.0,0.0
2019,607,DT,Dynatrace,8.0,0.0
2019,608,HSIC,Henry Schein,8.0,0.0
2019,609,ESTC,Elastic N.V.,7.0,0.0
2019,610,PNR,Pentair,7.0,0.0
2019,611,PHM,Pultegroup Inc/Mi/,7.0,0.0
2019,612,TTC,Toro,7.0,0.0
2019,613,ATR,Aptargroup,7.0,0.0
2019,614,CRL,Charles River Laboratories International,7.0,0.0
2019,615,MKSI,Mks,7.0,0.0
2019,616,LPLA,LPL Financial Holdings,7.0,0.0
2019,617,UHAL,U-Haul Holding Co /NV/,7.0,0.0
2019,618,CF,CF Industries Holdings,7.0,0.0
2019,619,DEI,Douglas Emmett,7.0,0.0
2019,620,WSO,Watsco,7.0,0.0
2019,621,ACAD,Acadia Pharmaceuticals,7.0,0.0
2019,622,CBSH,Commerce Bancshares Inc /Mo/,7.0,0.0
2019,623,NEOG,Neogen,7.0,0.0
2019,624,G,Genpact,7.0,0.0
2019,625,CUBE,CubeSmart,7.0,0.0
2019,626,RL,Ralph Lauren,7.0,0.0
2019,627,EGP,Eastgroup Properties,7.0,0.0
2019,628,ZS,Zscaler,7.0,0.0
2019,629,ONB,Old National Bancorp /In/,7.0,0.0
2019,630,WWD,Woodward,7.0,0.0
2019,631,MSGS,Madison Square Garden Sports,7.0,0.0
2019,632,MAC,Macerich,7.0,0.0
2019,633,FIVE,Five Below,7.0,0.0
2019,634,EQH,Equitable Holdings,7.0,0.0
2019,635,LEA,Lear,7.0,0.0
2019,636,JBLU,Jetblue Airways,7.0,0.0
2019,637,LOGI,Logitech International S.A.,7.0,0.0
2019,638,LEG,Leggett & Platt,7.0,0.0
2019,639,SLG,Sl Green Realty,7.0,0.0
2019,640,MOS,Mosaic,7.0,0.0
2019,641,CUZ,Cousins Properties,7.0,0.0
2019,642,BBIO,BridgeBio Pharma,7.0,0.0
2019,643,EHC,Encompass Health,7.0,0.0
2019,644,EQT,Eqt,7.0,0.0
2019,645,EWBC,East West Bancorp,7.0,0.0
2019,646,PB,Prosperity Bancshares,7.0,0.0
2019,647,BRX,Brixmor Property Group,7.0,0.0
2019,648,LEVI,Levi Strauss,7.0,0.0
2019,649,AIZ,Assurant,7.0,0.0
2019,650,DLB,Dolby Laboratories,7.0,0.0
2019,651,PCTY,Paylocity Holding,6.0,0.0
2019,652,PEN,Penumbra,6.0,0.0
2019,653,POR,Portland General Electric Co /Or/,6.0,0.0
2019,654,ITT,Itt,6.0,0.0
2019,655,PSTG,Pure Storage,6.0,0.0
2019,656,WH,Wyndham Hotels & Resorts,6.0,0.0
2019,657,TSN,Tyson Foods,6.0,0.0
2019,658,SCI,Service Corp International,6.0,0.0
2019,659,DXC,DXC Technology,6.0,0.0
2019,660,FLEX,Flex,6.0,0.0
2019,661,ALLO,Allogene Therapeutics,6.0,0.0
2019,662,FCNCA,First Citizens Bancshares Inc,6.0,0.0
2019,663,PEGA,Pegasystems,6.0,0.0
2019,664,FLS,Flowserve,6.0,0.0
2019,665,CASY,Caseys General Stores,6.0,0.0
2019,666,ALV,Autoliv,6.0,0.0
2019,667,COHR,Coherent,6.0,0.0
2019,668,BXMT,Blackstone Mortgage Trust,6.0,0.0
2019,669,RHI,Robert Half,6.0,0.0
2019,670,OVV,Ovintiv,6.0,0.0
2019,671,GNTX,Gentex,6.0,0.0
2019,672,SNX,Td Synnex,6.0,0.0
2019,673,GAP,Gap,6.0,0.0
2019,674,SMG,Scotts Miracle-Gro,6.0,0.0
2019,675,RS,Reliance,6.0,0.0
2019,676,CFR,Cullen/Frost Bankers,6.0,0.0
2019,677,WAL,Western Alliance Ban,6.0,0.0
2019,678,IPGP,Ipg Photonics,6.0,0.0
2019,679,EEFT,Euronet Worldwide,6.0,0.0
2019,680,SON,Sonoco Products,6.0,0.0
2019,681,TWO,Two Harbors Investment,6.0,0.0
2019,682,DCI,DONALDSON Co,6.0,0.0
2019,683,PWR,Quanta Services,6.0,0.0
2019,684,JEF,Jefferies Financial Group,6.0,0.0
2019,685,CHE,Chemed,6.0,0.0
2019,686,STAG,STAG Industrial,6.0,0.0
2019,687,ADT,Adt,6.0,0.0
2019,688,NET,Cloudflare,6.0,0.0
2019,689,FSLR,First Solar,6.0,0.0
2019,690,FAF,First American Financial,6.0,0.0
2019,691,GBCI,Glacier Bancorp,6.0,0.0
2019,692,BNTC,Benitec Biopharma,6.0,0.0
2019,693,PLNT,Planet Fitness,6.0,0.0
2019,694,OSK,Oshkosh,6.0,0.0
2019,695,BKH,Black Hills Corp /Sd/,6.0,0.0
2019,696,OGS,ONE Gas,6.0,0.0
2019,697,GNRC,Generac Holdings,6.0,0.0
2019,698,INGR,Ingredion,6.0,0.0
2019,699,AXON,Axon Enterprise,6.0,0.0
2019,700,CRSP,CRISPR Therapeutics AG,6.0,0.0
2019,701,SEE,Sealed Air Corp,6.0,0.0
2019,702,IDA,Idacorp,6.0,0.0
2019,703,JBTM,JBT Marel,6.0,0.0
2019,704,PII,Polaris,6.0,0.0
2019,705,KNX,Knight-Swift Transportation Holdings,6.0,0.0
2019,706,SEDG,Solaredge Technologies,6.0,0.0
2019,707,MORN,Morningstar,6.0,0.0
2019,708,ORC,Orchid Island Capital,6.0,0.0
2019,709,PROP,Prairie Operating,6.0,0.0
2019,710,RRX,Regal Rexnord,6.0,0.0
2019,711,TRNO,Terreno Realty,6.0,0.0
2019,712,BWXT,BWX Technologies,6.0,0.0
2019,713,AA,Alcoa,6.0,0.0
2019,714,LITE,Lumentum Holdings,6.0,0.0
2019,715,TXNM,Txnm Energy,6.0,0.0
2019,716,BFH,Bread Financial Holdings,6.0,0.0
2019,717,AGCO,Agco Corp,6.0,0.0
2019,718,HXL,Hexcel Corp,6.0,0.0
2019,719,ACM,Aecom,6.0,0.0
2019,720,CACI,Caci International Inc,6.0,0.0
2019,721,FR,First Industrial Realty Trust,6.0,0.0
2019,722,NGNE,Neurogene,5.0,0.0
2019,723,TFSL,TFS Financial,5.0,0.0
2019,724,HAE,Haemonetics,5.0,0.0
2019,725,RHP,Ryman Hospitality Properties,5.0,0.0
2019,726,CHDN,Churchill Downs,5.0,0.0
2019,727,TPR,Tapestry,5.0,0.0
2019,728,FND,Floor & Decor Holdings,5.0,0.0
2019,729,ORI,Old Republic International,5.0,0.0
2019,730,EPR,Epr Properties,5.0,0.0
2019,731,UBSI,United Bankshares Inc/Wv,5.0,0.0
2019,732,SBRA,Sabra Health Care REIT,5.0,0.0
2019,733,EPRT,Essential Properties Realty Trust,5.0,0.0
2019,734,HIW,Highwoods Properties,5.0,0.0
2019,735,AL,Air Lease,5.0,0.0
2019,736,LECO,Lincoln Electric Holdings,5.0,0.0
2019,737,COLM,Columbia Sportswear,5.0,0.0
2019,738,BOKF,Bok Financial,5.0,0.0
2019,739,HBI,Hanesbrands,5.0,0.0
2019,740,TREX,Trex Co,5.0,0.0
2019,741,OC,Owens Corning,5.0,0.0
2019,742,UMBF,Umb Financial,5.0,0.0
2019,743,RGEN,Repligen,5.0,0.0
2019,744,PK,Park Hotels & Resorts,5.0,0.0
2019,745,CW,Curtiss Wright,5.0,0.0
2019,746,RBC,RBC Bearings,5.0,0.0
2019,747,NYT,New York Times,5.0,0.0
2019,748,WSM,Williams Sonoma,5.0,0.0
2019,749,MIDD,Middleby,5.0,0.0
2019,750,CIEN,Ciena,5.0,0.0
2019,751,CIM,Chimera Investment,5.0,0.0
2019,752,INSM,Insmed,5.0,0.0
2019,753,FIVN,Five9,5.0,0.0
2019,754,QTWO,Q2 Holdings,5.0,0.0
2019,755,TALO,Talos Energy,5.0,0.0
2019,756,SAFE,Safehold,5.0,0.0
2019,757,DVA,Davita,5.0,0.0
2019,758,FFIN,First Financial Bankshares,5.0,0.0
2019,759,MTZ,Mastec,5.0,0.0
2019,760,CACC,Credit Acceptance,5.0,0.0
2019,761,HLF,Herbalife,5.0,0.0
2019,762,SR,Spire,5.0,0.0
2019,763,OMF,OneMain Holdings,5.0,0.0
2019,764,STLD,Steel Dynamics,5.0,0.0
2019,765,NVST,Envista Holdings,5.0,0.0
2019,766,OUT,OUTFRONT Media,5.0,0.0
2019,767,LFUS,Littelfuse Inc,5.0,0.0
2019,768,KEX,Kirby,5.0,0.0
2019,769,HQY,Healthequity,5.0,0.0
2019,770,THG,Hanover Insurance Group,5.0,0.0
2019,771,ADPT,Adaptive Biotechnologies,5.0,0.0
2019,772,UNM,Unum Group,5.0,0.0
2019,773,WTFC,Wintrust Financial,5.0,0.0
2019,774,NTRA,Natera,5.0,0.0
2019,775,MSTR,Microstrategy,5.0,0.0
2019,776,MANH,Manhattan Associates,5.0,0.0
2019,777,CHH,Choice Hotels International Inc,5.0,0.0
2019,778,CWK,Cushman & Wakefield,5.0,0.0
2019,779,DECK,Deckers Outdoor,5.0,0.0
2019,780,TTEK,Tetra Tech,5.0,0.0
2019,781,SGI,Somnigroup International,5.0,0.0
2019,782,ICUI,Icu Medical Inc,5.0,0.0
2019,783,EXEL,Exelixis,5.0,0.0
2019,784,SMTC,Semtech,5.0,0.0
2019,785,CTRE,CareTrust REIT,5.0,0.0
2019,786,FLO,Flowers Foods,5.0,0.0
2019,787,KMPR,Kemper,5.0,0.0
2019,788,ORA,Ormat Technologies,5.0,0.0
2019,789,IART,Integra Lifesciences Holdings,5.0,0.0
2019,790,HP,Helmerich & Payne,5.0,0.0
2019,791,CLH,Clean Harbors,5.0,0.0
2019,792,QURE,uniQure N.V.,5.0,0.0
2019,793,MAN,ManpowerGroup,5.0,0.0
2019,794,NJR,New Jersey Resources,4.0,0.0
2019,795,VYX,NCR Voyix,4.0,0.0
2019,796,GT,Goodyear Tire & Rubber Co /Oh/,4.0,0.0
2019,797,NEU,Newmarket,4.0,0.0
2019,798,ZD,Ziff Davis,4.0,0.0
2019,799,KOD,Kodiak Sciences,4.0,0.0
2019,800,NFG,National Fuel Gas,4.0,0.0
2019,801,VAC,Marriott Vacations Worldwide,4.0,0.0
2019,802,AXS,Axis Capital Holdings,4.0,0.0
2019,803,PLUG,Plug Power,4.0,0.0
2019,804,MZTI,Marzetti,4.0,0.0
2019,805,SF,Stifel Financial,4.0,0.0
2019,806,GNL,Global Net Lease,4.0,0.0
2019,807,CVNA,Carvana,4.0,0.0
2019,808,DBRG-PJ,DigitalBridge Group,4.0,0.0
2019,809,ETSY,Etsy,4.0,0.0
2019,810,CRUS,Cirrus Logic,4.0,0.0
2019,811,RYN,Rayonier,4.0,0.0
2019,812,CHGG,Chegg,4.0,0.0
2019,813,TREE,LendingTree,4.0,0.0
2019,814,VRT,Vertiv Holdings,4.0,0.0
2019,815,WEN,Wendy's,4.0,0.0
2019,816,DBX,Dropbox,4.0,0.0
2019,817,RARE,Ultragenyx Pharmaceutical,4.0,0.0
2019,818,HUN,Huntsman,4.0,0.0
2019,819,MRCY,Mercury Systems,4.0,0.0
2019,820,HOG,Harley-Davidson,4.0,0.0
2019,821,NVT,nVent Electric,4.0,0.0
2019,822,PRI,Primerica,4.0,0.0
2019,823,HASI,HA Sustainable Infrastructure Capital,4.0,0.0
2019,824,JBL,Jabil,4.0,0.0
2019,825,MSM,Msc Industrial Direct Co,4.0,0.0
2019,826,M,Macy's,4.0,0.0
2019,827,FIBK,First Interstate Bancsystem,4.0,0.0
2019,828,TNDM,Tandem Diabetes Care,4.0,0.0
2019,829,INDB,Independent Bank,4.0,0.0
2019,830,SEB,Seaboard Corp,4.0,0.0
2019,831,CVI,Cvr Energy,4.0,0.0
2019,832,CRI,Carters,4.0,0.0
2019,833,RLI,Rli,4.0,0.0
2019,834,AWI,Armstrong World Industries,4.0,0.0
2019,835,SITE,SiteOne Landscape Supply,4.0,0.0
2019,836,AYI,Acuity Inc. (De),4.0,0.0
2019,837,DBC,Invesco DB Commodity Index Tracking Fund,4.0,0.0
2019,838,PTEN,Patterson Uti Energy,4.0,0.0
2019,839,PTCT,Ptc Therapeutics,4.0,0.0
2019,840,LAZ,Lazard,4.0,0.0
2019,841,KRG,Kite Realty Group Trust,4.0,0.0
2019,842,SAM,Boston Beer Co,4.0,0.0
2019,843,AVA,Avista,4.0,0.0
2019,844,APPF,Appfolio,4.0,0.0
2019,845,MMS,Maximus,4.0,0.0
2019,846,MAT,Mattel Inc,4.0,0.0
2019,847,NHI,National Health Investors,4.0,0.0
2019,848,BC,Brunswick,4.0,0.0
2019,849,APLS,Apellis Pharmaceuticals,4.0,0.0
2019,850,TKR,Timken,4.0,0.0
2019,851,OLLI,Ollie's Bargain Outlet Holdings,4.0,0.0
2019,852,MODG,Topgolf Callaway Brands,4.0,0.0
2019,853,SFNC,Simmons First National,4.0,0.0
2019,854,CNK,Cinemark Holdings,4.0,0.0
2019,855,KBR,Kbr,4.0,0.0
2019,856,ACIW,Aci Worldwide,4.0,0.0
2019,857,BPOP,Popular,4.0,0.0
2019,858,LSTR,Landstar System,4.0,0.0
2019,859,EME,EMCOR Group,4.0,0.0
2019,860,MUR,Murphy Oil,4.0,0.0
2019,861,APLE,Apple Hospitality REIT,4.0,0.0
2019,862,SLAB,Silicon Laboratories,4.0,0.0
2019,863,PVLA,Palvella Therapeutics,4.0,0.0
2019,864,TOL,Toll Brothers,4.0,0.0
2019,865,UTHR,United Therapeutics,4.0,0.0
2019,866,NEO,Neogenomics,4.0,0.0
2019,867,BILL,BILL Holdings,4.0,0.0
2019,868,JHG,Janus Henderson Group,4.0,0.0
2019,869,BOH,Bank Of Hawaii,4.0,0.0
2019,870,ITRI,Itron,4.0,0.0
2019,871,PAGP,Plains Gp Holdings,4.0,0.0
2019,872,BCO,Brinks,4.0,0.0
2019,873,ESBA,"Empire State Realty OP, L.P.",4.0,0.0
2019,874,CBU,Community Financial System,4.0,0.0
2019,875,STRA,Strategic Education,4.0,0.0
2019,876,UNF,Unifirst,4.0,0.0
2019,877,UCB,United Community Banks,4.0,0.0
2019,878,TXRH,Texas Roadhouse,4.0,0.0
2019,879,RPD,Rapid7,4.0,0.0
2019,880,PBF,PBF Energy,4.0,0.0
2019,881,BLKB,Blackbaud,4.0,0.0
2019,882,OMCL,Omnicell,4.0,0.0
2019,883,GOSS,Gossamer Bio,4.0,0.0
2019,884,ASB,Associated Banc-,4.0,0.0
2019,885,WSBC,Wesbanco,4.0,0.0
2019,886,FNMA,Federal National Mortgage Association Fannie Mae,4.0,0.0
2019,887,AOS,Smith A O,4.0,0.0
2019,888,AM,Antero Midstream,4.0,0.0
2019,889,JJSF,J&J Snack Foods,4.0,0.0
2019,890,LAD,Lithia Motors,4.0,0.0
2019,891,ENOV,Enovis,4.0,0.0
2019,892,NOVT,Novanta,4.0,0.0
2019,893,XPRO,Expro Group Holdings N.V.,4.0,0.0
2019,894,NXST,Nexstar Media Group,4.0,0.0
2019,895,IBKR,Interactive Brokers Group,4.0,0.0
2019,896,FCFS,FirstCash Holdings,4.0,0.0
2019,897,FHB,First Hawaiian,4.0,0.0
2019,898,VIAV,Viavi Solutions,4.0,0.0
2019,899,TRIP,TripAdvisor,4.0,0.0
2019,900,BJ,BJ's Wholesale Club Holdings,3.0,0.0
2019,901,GTES,Gates Industrial Corp,3.0,0.0
2019,902,AVT,Avnet,3.0,0.0
2019,903,CBRL,Cracker Barrel Old Country Store,3.0,0.0
2019,904,PR,Permian Resources,3.0,0.0
2019,905,ENR,Energizer Holdings,3.0,0.0
2019,906,ENPH,Enphase Energy,3.0,0.0
2019,907,POST,Post Holdings,3.0,0.0
2019,908,FCN,Fti Consulting,3.0,0.0
2019,909,PENN,PENN Entertainment,3.0,0.0
2019,910,EXPO,Exponent,3.0,0.0
2019,911,DBRG,DigitalBridge Group,3.0,0.0
2019,912,TEX,Terex,3.0,0.0
2019,913,AKR,Acadia Realty Trust,3.0,0.0
2019,914,DX,Dynex Capital,3.0,0.0
2019,915,AWR,American States Water,3.0,0.0
2019,916,KOS,Kosmos Energy,3.0,0.0
2019,917,ALKS,Alkermes plc.,3.0,0.0
2019,918,LILA,Liberty Latin America,3.0,0.0
2019,919,RNST,Renasant,3.0,0.0
2019,920,WSC,WillScot Holdings,3.0,0.0
2019,921,FTDR,Frontdoor,3.0,0.0
2019,922,PCH,Potlatchdeltic,3.0,0.0
2019,923,WTS,Watts Water Technologies,3.0,0.0
2019,924,CDP,Copt Defense Properties,3.0,0.0
2019,925,IRT,Independence Realty Trust,3.0,0.0
2019,926,RH,Rh,3.0,0.0
2019,927,CARG,CarGurus,3.0,0.0
2019,928,SSD,Simpson Manufacturing Co.,3.0,0.0
2019,929,THO,Thor Industries,3.0,0.0
2019,930,PAG,Penske Automotive Group,3.0,0.0
2019,931,GO,Grocery Outlet Holding,3.0,0.0
2019,932,FUBO,fuboTV Inc. /FL,3.0,0.0
2019,933,SLGN,Silgan Holdings,3.0,0.0
2019,934,THC,Tenet Healthcare,3.0,0.0
2019,935,BCPC,Balchem,3.0,0.0
2019,936,HLI,Houlihan Lokey,3.0,0.0
2019,937,NSP,Insperity,3.0,0.0
2019,938,RUN,Sunrun,3.0,0.0
2019,939,INVX,Innovex International,3.0,0.0
2019,940,GTLS,Chart Industries,3.0,0.0
2019,941,TNL,Travel & Leisure,3.0,0.0
2019,942,CNS,Cohen & Steers,3.0,0.0
2019,943,XPO,Xpo,3.0,0.0
2019,944,AMKR,Amkor Technology,3.0,0.0
2019,945,PFS,Provident Financial Services,3.0,0.0
2019,946,DKS,Dick's Sporting Goods,3.0,0.0
2019,947,SFIX,Stitch Fix,3.0,0.0
2019,948,GKOS,Glaukos,3.0,0.0
2019,949,ALGT,Allegiant Travel,3.0,0.0
2019,950,HRB,H&R Block,3.0,0.0
2019,951,CCOI,Cogent Communications Holdings,3.0,0.0
2019,952,KTOS,Kratos Defense & Security Solutions,3.0,0.0
2019,953,FSLY,Fastly,3.0,0.0
2019,954,FULT,Fulton Financial,3.0,0.0
2019,955,SHOO,Steven Madden,3.0,0.0
2019,956,KW,Kennedy-Wilson Holdings,3.0,0.0
2019,957,NGVT,Ingevity,3.0,0.0
2019,958,CNMD,Conmed,3.0,0.0
2019,959,PGRE,Paramount Group,3.0,0.0
2019,960,LXP,LXP Industrial Trust,3.0,0.0
2019,961,FCPT,Four Corners Property Trust,3.0,0.0
2019,962,CWT,California Water Service Group,3.0,0.0
2019,963,BL,Blackline,3.0,0.0
2019,964,CRBP,Corbus Pharmaceuticals Holdings,3.0,0.0
2019,965,COMM,CommScope Holding Company,3.0,0.0
2019,966,MTG,Mgic Investment,3.0,0.0
2019,967,NWN,Northwest Natural Holding,3.0,0.0
2019,968,CMPR,Cimpress,3.0,0.0
2019,969,PEB,Pebblebrook Hotel Trust,3.0,0.0
2019,970,RAMP,LiveRamp Holdings,3.0,0.0
2019,971,FOLD,Amicus Therapeutics,3.0,0.0
2019,972,WMS,Advanced Drainage Systems,3.0,0.0
2019,973,ACHC,Acadia Healthcare Company,3.0,0.0
2019,974,EHTH,eHealth,3.0,0.0
2019,975,SBCF,Seacoast Banking Corp Of Florida,3.0,0.0
2019,976,HTO,H2O America,3.0,0.0
2019,977,GATX,Gatx,3.0,0.0
2019,978,VMI,Valmont Industries,3.0,0.0
2019,979,ASGN,Asgn,3.0,0.0
2019,980,CRON,Cronos Group,3.0,0.0
2019,981,CVBF,Cvb Financial,3.0,0.0
2019,982,CWST,Casella Waste Systems,3.0,0.0
2019,983,EPR-PE,Epr Properties,3.0,0.0
2019,984,EVR,Evercore,3.0,0.0
2019,985,POWI,Power Integrations,3.0,0.0
2019,986,HESM,Hess Midstream,3.0,0.0
2019,987,FOXF,Fox Factory Holding,3.0,0.0
2019,988,EDIT,Editas Medicine,3.0,0.0
2019,989,TDS,Telephone & Data Systems Inc,3.0,0.0
2019,990,NG,Novagold Resources,3.0,0.0
2019,991,ABCB,Ameris Ban,3.0,0.0
2019,992,EBS,Emergent BioSolutions,3.0,0.0
2019,993,EXP,Eagle Materials,3.0,0.0
2019,994,BLD,TopBuild,3.0,0.0
2019,995,IMVT,Immunovant,3.0,0.0
2019,996,MGEE,Mge Energy,3.0,0.0
2019,997,FLR,Fluor,3.0,0.0
2019,998,ASTS,AST SpaceMobile,3.0,0.0
2019,999,HGV,Hilton Grand Vacations,3.0,0.0
2019,1000,KWR,Quaker Chemical,3.0,0.0
2020,1,AAPL,Apple,1936.0,5.1
2020,2,MSFT,Microsoft,1652.0,4.4
2020,3,AMZN,Amazon Com,1638.0,4.3
2020,4,GOOGL,Alphabet,1183.0,3.1
2020,5,META,Meta Platforms,692.0,1.8
2020,6,TSLA,Tesla,677.0,1.8
2020,7,BRK-B,Berkshire Hathaway,501.0,1.3
2020,8,V,Visa,448.0,1.2
2020,9,WMT,Walmart,393.0,1.0
2020,10,JNJ,Johnson & Johnson,381.0,1.0
2020,11,JPM,JPMorgan Chase,345.0,0.9
2020,12,NVDA,NVIDIA,336.0,0.9
2020,13,PG,Procter & Gamble,323.0,0.9
2020,14,UNH,Unitedhealth Group,318.0,0.8
2020,15,MA,Mastercard,318.0,0.8
2020,16,HD,Home Depot,265.0,0.7
2020,17,VZ,Verizon Communications,247.0,0.7
2020,18,CMCSA,Comcast,242.0,0.6
2020,19,NFLX,Netflix,239.0,0.6
2020,20,INTC,Intel,236.0,0.6
2020,21,KO,Coca Cola,236.0,0.6
2020,22,BAC,Bank Of America Corp,220.0,0.6
2020,23,BA,Boeing,217.0,0.6
2020,24,DIS,Walt Disney,216.0,0.6
2020,25,PFE,Pfizer,209.0,0.6
2020,26,PYPL,PayPal Holdings,209.0,0.6
2020,27,MRK,Merck & Co.,207.0,0.5
2020,28,T,AT&T,205.0,0.5
2020,29,CRM,Salesforce,202.0,0.5
2020,30,NKE,Nike,199.0,0.5
2020,31,PEP,Pepsico,198.0,0.5
2020,32,ADBE,Adobe,194.0,0.5
2020,33,ABT,Abbott Laboratories,191.0,0.5
2020,34,ABBV,AbbVie,189.0,0.5
2020,35,TMO,Thermo Fisher Scientific,173.0,0.5
2020,36,XOM,Exxon Mobil,171.0,0.5
2020,37,COST,Costco Wholesale Corp,169.0,0.4
2020,38,CVX,Chevron,168.0,0.4
2020,39,ORCL,Oracle,166.0,0.4
2020,40,NEE,Nextera Energy,161.0,0.4
2020,41,LLY,Eli Lilly,159.0,0.4
2020,42,QCOM,Qualcomm Inc,159.0,0.4
2020,43,DHR,Danaher Corp,158.0,0.4
2020,44,ACN,Accenture,154.0,0.4
2020,45,CSCO,Cisco Systems,153.0,0.4
2020,46,AMD,Advanced Micro Devices,150.0,0.4
2020,47,TXN,Texas Instruments,149.0,0.4
2020,48,PM,Philip Morris International,149.0,0.4
2020,49,TMUS,T-Mobile US,148.0,0.4
2020,50,HON,Honeywell International,148.0,0.4
2020,51,AVGO,Broadcom,142.0,0.4
2020,52,AMCR,Amcor,136.0,0.4
2020,53,ZM,Zoom Communications,136.0,0.4
2020,54,SHOP,Shopify,135.0,0.4
2020,55,XYZ,Block,130.0,0.3
2020,56,MDT,Medtronic,129.0,0.3
2020,57,BMY,Bristol Myers Squibb,126.0,0.3
2020,58,AMGN,Amgen,124.0,0.3
2020,59,UNP,Union Pacific,123.0,0.3
2020,60,LIN,Linde,122.0,0.3
2020,61,UPS,United Parcel Service,120.0,0.3
2020,62,SBUX,Starbucks,116.0,0.3
2020,63,IBM,International Business Machines,112.0,0.3
2020,64,NOW,ServiceNow,108.0,0.3
2020,65,C,Citigroup,107.0,0.3
2020,66,MS,Morgan Stanley,107.0,0.3
2020,67,AMT,American Tower Corp /Ma/,105.0,0.3
2020,68,UBER,Uber Technologies,104.0,0.3
2020,69,MDLZ,Mondelez International,102.0,0.3
2020,70,MMM,3M,101.0,0.3
2020,71,SPGI,S&P Global,98.0,0.3
2020,72,EL,Estee Lauder Companies,97.0,0.3
2020,73,RTX,Rtx,96.0,0.3
2020,74,ISRG,Intuitive Surgical,96.0,0.3
2020,75,SYK,Stryker,94.0,0.2
2020,76,WFC,Wells Fargo & Company/Mn,93.0,0.2
2020,77,SCHW,Schwab Charles,93.0,0.2
2020,78,PLD,Prologis,93.0,0.2
2020,79,LOW,Lowes Companies,89.0,0.2
2020,80,ABNB,Airbnb,88.0,0.2
2020,81,CVS,Cvs Health,87.0,0.2
2020,82,INTU,Intuit,87.0,0.2
2020,83,SNOW,Snowflake,86.0,0.2
2020,84,MELI,Mercadolibre,85.0,0.2
2020,85,SNAP,Snap,85.0,0.2
2020,86,CAT,Caterpillar,84.0,0.2
2020,87,CHTR,"Charter Communications, Inc. /Mo/",83.0,0.2
2020,88,AXP,American Express,82.0,0.2
2020,89,LMT,Lockheed Martin,81.0,0.2
2020,90,GS,Goldman Sachs Group,80.0,0.2
2020,91,MU,Micron Technology,79.0,0.2
2020,92,WBD,Warner Bros. Discovery,75.0,0.2
2020,93,FIS,Fidelity National Information Services,73.0,0.2
2020,94,BDX,Becton Dickinson,73.0,0.2
2020,95,USB,Us Bancorp \De\,72.0,0.2
2020,96,GILD,Gilead Sciences,72.0,0.2
2020,97,DUK,Duke Energy,71.0,0.2
2020,98,ELV,Elevance Health,71.0,0.2
2020,99,ADP,Automatic Data Processing,71.0,0.2
2020,100,EQIX,Equinix,70.0,0.2
2020,101,ZTS,Zoetis,70.0,0.2
2020,102,ENB,Enbridge,70.0,0.2
2020,103,CCI,Crown Castle,69.0,0.2
2020,104,CSX,Csx,69.0,0.2
2020,105,TGT,Target,69.0,0.2
2020,106,SO,Southern,69.0,0.2
2020,107,LRCX,Lam Research,69.0,0.2
2020,108,MO,Altria Group,69.0,0.2
2020,109,CL,Colgate Palmolive,69.0,0.2
2020,110,FDX,Fedex,68.0,0.2
2020,111,U,Unity Software,67.0,0.2
2020,112,D,Dominion Energy,66.0,0.2
2020,113,SHW,Sherwin Williams,66.0,0.2
2020,114,CME,Cme Group,65.0,0.2
2020,115,ICE,Intercontinental Exchange,65.0,0.2
2020,116,PTON,Peloton Interactive,65.0,0.2
2020,117,NEM,NEWMONT Corp,65.0,0.2
2020,118,PLDGP,Prologis,64.0,0.2
2020,119,CP,Canadian Pacific Kansas City Ltd/Cn,62.0,0.2
2020,120,DASH,DoorDash,62.0,0.2
2020,121,COF,Capital One Financial,62.0,0.2
2020,122,DE,Deere,61.0,0.2
2020,123,ECL,Ecolab,61.0,0.2
2020,124,APD,Air Products & Chemicals,61.0,0.2
2020,125,PNC,Pnc Financial Services Group,60.0,0.2
2020,126,CB,Chubb,60.0,0.2
2020,127,VRTX,Vertex Pharmaceuticals Inc / Ma,60.0,0.2
2020,128,TFC,Truist Financial,60.0,0.2
2020,129,ITW,Illinois Tool Works,59.0,0.2
2020,130,PGR,Progressive Corp/Oh/,58.0,0.2
2020,131,ADI,Analog Devices,58.0,0.2
2020,132,MMC,Marsh & Mclennan Companies,57.0,0.2
2020,133,GE,GE Aerospace,56.0,0.1
2020,134,PLTR,Palantir Technologies,56.0,0.1
2020,135,TJX,Tjx Companies Inc,56.0,0.1
2020,136,O,Realty Income,56.0,0.1
2020,137,CI,Cigna Group,55.0,0.1
2020,138,ILMN,Illumina,54.0,0.1
2020,139,BSX,Boston Scientific,53.0,0.1
2020,140,WDAY,Workday,53.0,0.1
2020,141,NSC,Norfolk Southern,53.0,0.1
2020,142,EW,Edwards Lifesciences,53.0,0.1
2020,143,QS,QuantumScape,52.0,0.1
2020,144,TWLO,Twilio,52.0,0.1
2020,145,GPN,Global Payments,51.0,0.1
2020,146,BX,Blackstone,51.0,0.1
2020,147,MCO,Moodys Corp,51.0,0.1
2020,148,SCCO,Southern Copper Corp/,50.0,0.1
2020,149,REGN,Regeneron Pharmaceuticals,50.0,0.1
2020,150,ADSK,Autodesk,50.0,0.1
2020,151,HUM,Humana,49.0,0.1
2020,152,ROKU,Roku,49.0,0.1
2020,153,COP,Conocophillips,49.0,0.1
2020,154,MNST,Monster Beverage,49.0,0.1
2020,155,AMAT,Applied Materials Inc,48.0,0.1
2020,156,DLR,Digital Realty Trust,48.0,0.1
2020,157,WM,Waste Management,48.0,0.1
2020,158,PLUG,Plug Power,47.0,0.1
2020,159,FREJP,Federal Home Loan Mortgage,47.0,0.1
2020,160,ETN,Eaton Corp,47.0,0.1
2020,161,DG,Dollar General,46.0,0.1
2020,162,AEP,American Electric Power Co,45.0,0.1
2020,163,AON,Aon,45.0,0.1
2020,164,WELL,Welltower,45.0,0.1
2020,165,EMR,Emerson Electric,45.0,0.1
2020,166,ROP,Roper Technologies,45.0,0.1
2020,167,KMB,Kimberly Clark,45.0,0.1
2020,168,VEEV,Veeva Systems,44.0,0.1
2020,169,KDP,Keurig Dr Pepper,44.0,0.1
2020,170,NOC,Northrop Grumman Corp,43.0,0.1
2020,171,EPD,Enterprise Products Partners L.P.,42.0,0.1
2020,172,PINS,Pinterest,42.0,0.1
2020,173,XEL,Xcel Energy,42.0,0.1
2020,174,KHC,Kraft Heinz,41.0,0.1
2020,175,MRNA,Moderna,41.0,0.1
2020,176,BAX,Baxter International,41.0,0.1
2020,177,EXC,Exelon,41.0,0.1
2020,178,SNPS,Synopsys,41.0,0.1
2020,179,PSA,Public Storage,41.0,0.1
2020,180,GD,General Dynamics,40.0,0.1
2020,181,NXPI,NXP Semiconductors N.V.,40.0,0.1
2020,182,LVS,Las Vegas Sands,40.0,0.1
2020,183,IDXX,Idexx Laboratories Inc,40.0,0.1
2020,184,DOCU,Docusign,40.0,0.1
2020,185,DOW,Dow,39.0,0.1
2020,186,APH,Amphenol Corp,39.0,0.1
2020,187,CTSH,Cognizant Technology Solutions,39.0,0.1
2020,188,CMG,Chipotle Mexican Grill,39.0,0.1
2020,189,TTWO,Take Two Interactive Software,38.0,0.1
2020,190,ALGN,Align Technology,38.0,0.1
2020,191,GM,General Motors,38.0,0.1
2020,192,FCX,Freeport-Mcmoran,37.0,0.1
2020,193,CTAS,Cintas,37.0,0.1
2020,194,MCHP,Microchip Technology,37.0,0.1
2020,195,CDNS,Cadence Design Systems,37.0,0.1
2020,196,TTD,Trade Desk,37.0,0.1
2020,197,OKTA,Okta,37.0,0.1
2020,198,LULU,lululemon athletica,37.0,0.1
2020,199,SRE,Sempra,37.0,0.1
2020,200,HCA,HCA Healthcare,37.0,0.1
2020,201,CSGP,Costar Group,36.0,0.1
2020,202,STZ,Constellation Brands,36.0,0.1
2020,203,KKR,KKR & Co.,36.0,0.1
2020,204,TDOC,Teladoc Health,36.0,0.1
2020,205,BIIB,Biogen,36.0,0.1
2020,206,TDG,TransDigm Group,36.0,0.1
2020,207,EA,Electronic Arts,36.0,0.1
2020,208,CUE,Cue Biopharma,36.0,0.1
2020,209,DXCM,Dexcom,36.0,0.1
2020,210,MTCH,Match Group,35.0,0.1
2020,211,F,Ford Motor,35.0,0.1
2020,212,MAR,Marriott International Inc /Md/,35.0,0.1
2020,213,TEL,TE Connectivity,35.0,0.1
2020,214,DDOG,Datadog,35.0,0.1
2020,215,SYY,Sysco,35.0,0.1
2020,216,PH,Parker-Hannifin,34.0,0.1
2020,217,KLAC,Kla,34.0,0.1
2020,218,PAYX,Paychex,33.0,0.1
2020,219,TROW,Price T Rowe Group,33.0,0.1
2020,220,ZG,Zillow Group,33.0,0.1
2020,221,LCID,Lucid Group,33.0,0.1
2020,222,VFC,V F,33.0,0.1
2020,223,SLB,Schlumberger Limited/Nv,33.0,0.1
2020,224,MSCI,Msci,33.0,0.1
2020,225,ES,Eversource Energy,33.0,0.1
2020,226,TT,Trane Technologies,32.0,0.1
2020,227,LHX,"L3Harris Technologies, Inc.",32.0,0.1
2020,228,IEP,Icahn Enterprises L.P.,32.0,0.1
2020,229,PPG,Ppg Industries,32.0,0.1
2020,230,ORLY,O Reilly Automotive,32.0,0.1
2020,231,GIS,General Mills,32.0,0.1
2020,232,RNG,RingCentral,32.0,0.1
2020,233,ZBH,Zimmer Biomet Holdings,32.0,0.1
2020,234,MRVL,Marvell Technology,32.0,0.1
2020,235,AJG,Arthur J. Gallagher,32.0,0.1
2020,236,CARR,Carrier Global,31.0,0.1
2020,237,CMI,Cummins,31.0,0.1
2020,238,CRWD,CrowdStrike Holdings,31.0,0.1
2020,239,HSY,Hershey,31.0,0.1
2020,240,RMD,Resmed,31.0,0.1
2020,241,GLW,Corning Inc /Ny,31.0,0.1
2020,242,KMI,Kinder Morgan,30.0,0.1
2020,243,ARE,Alexandria Real Estate Equities,30.0,0.1
2020,244,MET,Metlife,30.0,0.1
2020,245,IQV,Iqvia Holdings,30.0,0.1
2020,246,YUM,Yum Brands,30.0,0.1
2020,247,WEC,Wec Energy Group,30.0,0.1
2020,248,PCAR,Paccar,30.0,0.1
2020,249,AWK,American Water Works Company,30.0,0.1
2020,250,SBAC,Sba Communications,30.0,0.1
2020,251,TRV,Travelers Companies,30.0,0.1
2020,252,RSG,Republic Services,30.0,0.1
2020,253,BF-A,Brown Forman,30.0,0.1
2020,254,LYB,LyondellBasell Industries N.V.,30.0,0.1
2020,255,W,Wayfair,30.0,0.1
2020,256,CNC,Centene,30.0,0.1
2020,257,BK,Bank of New York Mellon,29.0,0.1
2020,258,APO,Apollo Global Management,29.0,0.1
2020,259,PEG,Public Service Enterprise Group,29.0,0.1
2020,260,A,Agilent Technologies,29.0,0.1
2020,261,ALL,Allstate,29.0,0.1
2020,262,JCI,Johnson Controls International,29.0,0.1
2020,263,CRH,Crh Public Ltd,28.0,0.1
2020,264,MSI,Motorola Solutions,28.0,0.1
2020,265,ROK,Rockwell Automation,28.0,0.1
2020,266,PSX,Phillips 66,28.0,0.1
2020,267,FAST,Fastenal,28.0,0.1
2020,268,AILIH,Ameren Illinois,28.0,0.1
2020,269,SWK,Stanley Black & Decker,28.0,0.1
2020,270,IFF,International Flavors & Fragrances,28.0,0.1
2020,271,APTV,Aptiv,28.0,0.1
2020,272,AME,Ametek Inc/,28.0,0.1
2020,273,PCG,Pg&E,27.0,0.1
2020,274,HRL,Hormel Foods Corp,27.0,0.1
2020,275,VICI,Vici Properties,27.0,0.1
2020,276,VRSK,Verisk Analytics,27.0,0.1
2020,277,PRU,Prudential Financial,27.0,0.1
2020,278,ROST,Ross Stores,27.0,0.1
2020,279,NET,Cloudflare,27.0,0.1
2020,280,RKT,Rocket Companies,27.0,0.1
2020,281,EOG,Eog Resources,27.0,0.1
2020,282,DAL,Delta Air Lines,26.0,0.1
2020,283,ED,Consolidated Edison,26.0,0.1
2020,284,OTIS,Otis Worldwide,26.0,0.1
2020,285,WCN,Waste Connections,26.0,0.1
2020,286,CPRT,Copart,26.0,0.1
2020,287,CTVA,Corteva,26.0,0.1
2020,288,CHWY,Chewy,25.0,0.1
2020,289,HLT,Hilton Worldwide Holdings,25.0,0.1
2020,290,EXAS,Exact Sciences,25.0,0.1
2020,291,MKC,Mccormick & Co,25.0,0.1
2020,292,BALL,Ball,25.0,0.1
2020,293,CCL,Carnival,25.0,0.1
2020,294,XYL,Xylem,25.0,0.1
2020,295,WMB,Williams Companies,25.0,0.1
2020,296,CLX,Clorox Co,25.0,0.1
2020,297,EXR,Extra Space Storage,24.0,0.1
2020,298,NLY,Annaly Capital Management,24.0,0.1
2020,299,ADM,Archer-Daniels-Midland,24.0,0.1
2020,300,OKE,Oneok Inc /New/,24.0,0.1
2020,301,WY,Weyerhaeuser,24.0,0.1
2020,302,EIX,Edison International,24.0,0.1
2020,303,FTNT,Fortinet,24.0,0.1
2020,304,FTV,Fortive,24.0,0.1
2020,305,PRAX,Praxis Precision Medicines,24.0,0.1
2020,306,HBAN,Huntington Bancshares Inc /Md/,24.0,0.1
2020,307,DTE,Dte Energy,24.0,0.1
2020,308,BBY,Best Buy Co,23.0,0.1
2020,309,LUV,Southwest Airlines,23.0,0.1
2020,310,GRMN,Garmin,23.0,0.1
2020,311,MTD,Mettler Toledo International Inc/,23.0,0.1
2020,312,PAYC,Paycom Software,23.0,0.1
2020,313,ENPH,Enphase Energy,23.0,0.1
2020,314,VTR,Ventas,23.0,0.1
2020,315,EFX,Equifax,23.0,0.1
2020,316,ODFL,Old Dominion Freight Line,23.0,0.1
2020,317,FITB,Fifth Third Ban,23.0,0.1
2020,318,AFL,Aflac,23.0,0.1
2020,319,AVB,Avalonbay Communities,22.0,0.1
2020,320,EBAY,Ebay,22.0,0.1
2020,321,DUKB,Duke Energy,22.0,0.1
2020,322,IP,International Paper Co /New/,22.0,0.1
2020,323,EQR,Equity Residential,22.0,0.1
2020,324,ANET,Arista Networks,22.0,0.1
2020,325,SWKS,Skyworks Solutions,22.0,0.1
2020,326,MPLX,Mplx,22.0,0.1
2020,327,OPEN,Opendoor Technologies,22.0,0.1
2020,328,NDAQ,Nasdaq,22.0,0.1
2020,329,RPRX,Royalty Pharma,22.0,0.1
2020,330,ZS,Zscaler,22.0,0.1
2020,331,VTRS,Viatris,22.0,0.1
2020,332,AEE,Ameren,22.0,0.1
2020,333,MCK,Mckesson,21.0,0.1
2020,334,SIRI,Sirius Xm Holdings,21.0,0.1
2020,335,QSR,Restaurant Brands International,21.0,0.1
2020,336,PPL,Ppl,21.0,0.1
2020,337,PANW,Palo Alto Networks,21.0,0.1
2020,338,DOC,Healthpeak Properties,21.0,0.1
2020,339,TYL,Tyler Technologies,21.0,0.1
2020,340,HUBS,Hubspot,21.0,0.1
2020,341,BKR,Baker Hughes,21.0,0.1
2020,342,CHD,Church & Dwight Co Inc,21.0,0.1
2020,343,DELL,Dell Technologies,21.0,0.1
2020,344,ZBRA,Zebra Technologies,21.0,0.1
2020,345,K,Kellanova,21.0,0.1
2020,346,WST,West Pharmaceutical Services,20.0,0.1
2020,347,IOVA,Iovance Biotherapeutics,20.0,0.1
2020,348,STT,State Street,20.0,0.1
2020,349,RCL,Royal Caribbean Cruises,20.0,0.1
2020,350,AIG,American International Group,20.0,0.1
2020,351,YUMC,Yum China Holdings,20.0,0.1
2020,352,MKTX,Marketaxess Holdings,20.0,0.1
2020,353,KR,Kroger,20.0,0.1
2020,354,ETR,Entergy Corp,20.0,0.1
2020,355,WTW,Willis Towers Watson,20.0,0.1
2020,356,LH,Labcorp Holdings,20.0,0.1
2020,357,VRSN,Verisign Inc/Ca,20.0,0.1
2020,358,NVCR,NovoCure,20.0,0.1
2020,359,DHI,Horton D R Inc,20.0,0.1
2020,360,LYFT,Lyft,19.0,0.1
2020,361,GWW,W.W. Grainger,19.0,0.1
2020,362,VMC,Vulcan Materials,19.0,0.1
2020,363,SEDG,Solaredge Technologies,19.0,0.1
2020,364,EPAM,EPAM Systems,19.0,0.1
2020,365,TRU,TransUnion,19.0,0.1
2020,366,CLVT,Clarivate,19.0,0.1
2020,367,AVTR,Avantor,19.0,0.1
2020,368,COR,Cencora,19.0,0.1
2020,369,MTB,M&T Bank,19.0,0.1
2020,370,ROL,Rollins,19.0,0.0
2020,371,TER,Teradyne,19.0,0.0
2020,372,CMS,Cms Energy,19.0,0.0
2020,373,SUI,Sun Communities,19.0,0.0
2020,374,STE,Steris,19.0,0.0
2020,375,OMC,Omnicom Group,19.0,0.0
2020,376,AZO,Autozone,18.0,0.0
2020,377,CBRE,Cbre Group,18.0,0.0
2020,378,CPAY,Corpay,18.0,0.0
2020,379,MDB,MongoDB,18.0,0.0
2020,380,CNLHN,Connecticut Light & Power,18.0,0.0
2020,381,NVAX,Novavax,18.0,0.0
2020,382,TFX,Teleflex,18.0,0.0
2020,383,TXG,10x Genomics,18.0,0.0
2020,384,TDY,Teledyne Technologies,18.0,0.0
2020,385,AMP,Ameriprise Financial,18.0,0.0
2020,386,INVH,Invitation Homes,18.0,0.0
2020,387,MPWR,Monolithic Power Systems,18.0,0.0
2020,388,KEYS,Keysight Technologies,18.0,0.0
2020,389,AGNC,AGNC Investment,18.0,0.0
2020,390,SRPT,Sarepta Therapeutics,18.0,0.0
2020,391,PODD,Insulet,18.0,0.0
2020,392,KEY,Keycorp /New/,18.0,0.0
2020,393,IR,Ingersoll Rand,18.0,0.0
2020,394,BR,Broadridge Financial Solutions,18.0,0.0
2020,395,DLTR,Dollar Tree,18.0,0.0
2020,396,FE,Firstenergy,18.0,0.0
2020,397,SSNC,SS&C Technologies Holdings,18.0,0.0
2020,398,EG,Everest Group,17.0,0.0
2020,399,ALB,Albemarle,17.0,0.0
2020,400,INCY,Incyte,17.0,0.0
2020,401,CINF,Cincinnati Financial,17.0,0.0
2020,402,NTRS,Northern Trust,17.0,0.0
2020,403,ALNY,Alnylam Pharmaceuticals,17.0,0.0
2020,404,CAG,Conagra Brands,17.0,0.0
2020,405,ETSY,Etsy,17.0,0.0
2020,406,LYV,Live Nation Entertainment,17.0,0.0
2020,407,TSCO,Tractor Supply Co,17.0,0.0
2020,408,OXY,Occidental Petroleum Corp,17.0,0.0
2020,409,CQP,"Cheniere Energy Partners, L.P.",17.0,0.0
2020,410,CDW,Cdw,17.0,0.0
2020,411,MLM,Martin Marietta Materials,17.0,0.0
2020,412,DAY,Dayforce,17.0,0.0
2020,413,DOV,Dover,17.0,0.0
2020,414,VLO,Valero Energy Corp/Tx,17.0,0.0
2020,415,BMRN,Biomarin Pharmaceutical,17.0,0.0
2020,416,UI,Ubiquiti,17.0,0.0
2020,417,HOLX,Hologic,17.0,0.0
2020,418,AES,Aes,17.0,0.0
2020,419,HPQ,Hp,17.0,0.0
2020,420,RUN,Sunrun,16.0,0.0
2020,421,EXPE,Expedia Group,16.0,0.0
2020,422,ATO,Atmos Energy,16.0,0.0
2020,423,BRO,Brown & Brown,16.0,0.0
2020,424,HAL,Halliburton,16.0,0.0
2020,425,BIO,Bio-Rad Laboratories,16.0,0.0
2020,426,COO,Cooper Companies,16.0,0.0
2020,427,SYRE,Spyre Therapeutics,16.0,0.0
2020,428,ESS,Essex Property Trust,15.0,0.0
2020,429,ELAN,Elanco Animal Health,15.0,0.0
2020,430,AKAM,Akamai Technologies,15.0,0.0
2020,431,CFG,Citizens Financial Group Inc/Ri,15.0,0.0
2020,432,CZR,Caesars Entertainment,15.0,0.0
2020,433,BXP,Bxp,15.0,0.0
2020,434,MAA,Mid America Apartment Communities,15.0,0.0
2020,435,GTM,ZoomInfo Technologies,15.0,0.0
2020,436,IEX,Idex Corp,15.0,0.0
2020,437,CRSP,CRISPR Therapeutics AG,15.0,0.0
2020,438,ARES,Ares Management,15.0,0.0
2020,439,WAT,Waters Corp,15.0,0.0
2020,440,HEI,Heico,15.0,0.0
2020,441,ENTG,Entegris,15.0,0.0
2020,442,URI,United Rentals,15.0,0.0
2020,443,LOGI,Logitech International S.A.,14.0,0.0
2020,444,MKL,Markel Group,14.0,0.0
2020,445,CE,Celanese,14.0,0.0
2020,446,COHR,Coherent,14.0,0.0
2020,447,CNP,Centerpoint Energy,14.0,0.0
2020,448,PTC,Ptc,14.0,0.0
2020,449,NTRA,Natera,14.0,0.0
2020,450,UAL,United Airlines Holdings,14.0,0.0
2020,451,MASI,Masimo,14.0,0.0
2020,452,RVTY,Revvity,14.0,0.0
2020,453,RF,Regions Financial,14.0,0.0
2020,454,CPB,Campbell's,14.0,0.0
2020,455,BBIO,BridgeBio Pharma,14.0,0.0
2020,456,GPC,Genuine Parts,14.0,0.0
2020,457,GDRX,GoodRx Holdings,14.0,0.0
2020,458,HKHC,Horizon Kinetics Holding,14.0,0.0
2020,459,IBRX,ImmunityBio,14.0,0.0
2020,460,FSLY,Fastly,14.0,0.0
2020,461,FIVN,Five9,14.0,0.0
2020,462,FANG,Diamondback Energy,14.0,0.0
2020,463,RARE,Ultragenyx Pharmaceutical,14.0,0.0
2020,464,POOL,Pool,14.0,0.0
2020,465,BILL,BILL Holdings,14.0,0.0
2020,466,HIG,Hartford Insurance Group,14.0,0.0
2020,467,WTRG,Essential Utilities,13.0,0.0
2020,468,LNT,Alliant Energy,13.0,0.0
2020,469,GNRC,Generac Holdings,13.0,0.0
2020,470,TW,Tradeweb Markets,13.0,0.0
2020,471,KMX,Carmax,13.0,0.0
2020,472,RJF,Raymond James Financial,13.0,0.0
2020,473,HAS,Hasbro,13.0,0.0
2020,474,DGX,Quest Diagnostics,13.0,0.0
2020,475,DNLI,Denali Therapeutics,13.0,0.0
2020,476,DT,Dynatrace,13.0,0.0
2020,477,MPW,Medical Properties Trust,13.0,0.0
2020,478,BEN,Franklin Resources,13.0,0.0
2020,479,MSTR,Microstrategy,13.0,0.0
2020,480,DPZ,Dominos Pizza,13.0,0.0
2020,481,RBA,Rb Global,13.0,0.0
2020,482,JBHT,Hunt J B Transport Services,13.0,0.0
2020,483,ON,On Semiconductor,13.0,0.0
2020,484,EVRG,Evergy,13.0,0.0
2020,485,ACGL,Arch Capital Group,13.0,0.0
2020,486,EXPD,Expeditors International Of Washington,13.0,0.0
2020,487,BSY,Bentley Systems,13.0,0.0
2020,488,DRI,Darden Restaurants,13.0,0.0
2020,489,LNG,Cheniere Energy,13.0,0.0
2020,490,CAH,Cardinal Health,13.0,0.0
2020,491,UDR,Udr,13.0,0.0
2020,492,CABO,Cable One,13.0,0.0
2020,493,IRON,Disc Medicine,13.0,0.0
2020,494,WAB,Westinghouse Air Brake Technologies,12.0,0.0
2020,495,DD,DuPont de Nemours,12.0,0.0
2020,496,WPC,W. P. Carey,12.0,0.0
2020,497,CTRA,Coterra Energy,12.0,0.0
2020,498,FOXA,Fox,12.0,0.0
2020,499,CRL,Charles River Laboratories International,12.0,0.0
2020,500,TECH,Bio-Techne,12.0,0.0
2020,501,GEN,Gen Digital,12.0,0.0
2020,502,ELS,Equity Lifestyle Properties,12.0,0.0
2020,503,NUE,Nucor,12.0,0.0
2020,504,FDS,Factset Research Systems,12.0,0.0
2020,505,J,Jacobs Solutions,12.0,0.0
2020,506,MPC,Marathon Petroleum,12.0,0.0
2020,507,ABCL,AbCellera Biologics,12.0,0.0
2020,508,BURL,Burlington Stores,12.0,0.0
2020,509,QRVO,Qorvo,12.0,0.0
2020,510,GGG,Graco,12.0,0.0
2020,511,GLPI,Gaming & Leisure Properties,12.0,0.0
2020,512,SJM,J M Smucker,12.0,0.0
2020,513,AVY,Avery Dennison,12.0,0.0
2020,514,APPN,Appian,12.0,0.0
2020,515,FICO,Fair Isaac,12.0,0.0
2020,516,FBIN,Fortune Brands Innovations,12.0,0.0
2020,517,WRB,Berkley W R,12.0,0.0
2020,518,SYF,Synchrony Financial,12.0,0.0
2020,519,ENO,Entergy New Orleans,12.0,0.0
2020,520,SMG,Scotts Miracle-Gro,12.0,0.0
2020,521,WYNN,Wynn Resorts,12.0,0.0
2020,522,JKHY,Jack Henry & Associates,12.0,0.0
2020,523,NCLH,Norwegian Cruise Line Holdings,12.0,0.0
2020,524,PENN,PENN Entertainment,12.0,0.0
2020,525,HWM,Howmet Aerospace,11.0,0.0
2020,526,AMC,Amc Entertainment Holdings,11.0,0.0
2020,527,TRMB,Trimble,11.0,0.0
2020,528,LDOS,Leidos Holdings,11.0,0.0
2020,529,FNF,Fidelity National Financial,11.0,0.0
2020,530,HPE,Hewlett Packard Enterprise,11.0,0.0
2020,531,CCK,Crown Holdings,11.0,0.0
2020,532,NVR,Nvr,11.0,0.0
2020,533,ERIE,Erie Indemnity,11.0,0.0
2020,534,CG,Carlyle Group,11.0,0.0
2020,535,OTEX,Open Text,11.0,0.0
2020,536,NDSN,Nordson,11.0,0.0
2020,537,RPM,Rpm International Inc,11.0,0.0
2020,538,REXR,Rexford Industrial Realty,11.0,0.0
2020,539,CHRW,C. H. Robinson Worldwide,11.0,0.0
2020,540,GDDY,GoDaddy,11.0,0.0
2020,541,MAS,Masco Corp,11.0,0.0
2020,542,TEVA,Teva Pharmaceutical Industries,11.0,0.0
2020,543,PCTY,Paylocity Holding,11.0,0.0
2020,544,NI,Nisource,11.0,0.0
2020,545,ALLY,Ally Financial,11.0,0.0
2020,546,WDC,Western Digital,11.0,0.0
2020,547,AMH,American Homes 4 Rent,11.0,0.0
2020,548,ARWR,Arrowhead Pharmaceuticals,11.0,0.0
2020,549,JOBY,Joby Aviation,11.0,0.0
2020,550,TEVJF,Teva Pharmaceutical Industries,11.0,0.0
2020,551,OLED,Universal Display Corp \Pa\,11.0,0.0
2020,552,RGEN,Repligen,11.0,0.0
2020,553,PWR,Quanta Services,11.0,0.0
2020,554,FATE,Fate Therapeutics,11.0,0.0
2020,555,PEGA,Pegasystems,11.0,0.0
2020,556,STX,Seagate Technology Holdings,11.0,0.0
2020,557,WHR,Whirlpool Corp,11.0,0.0
2020,558,PFG,Principal Financial Group,11.0,0.0
2020,559,OHI,Omega Healthcare Investors,11.0,0.0
2020,560,IT,Gartner,11.0,0.0
2020,561,WGS,GeneDx Holdings,11.0,0.0
2020,562,COLD,Americold Realty Trust,11.0,0.0
2020,563,SAM,Boston Beer Co,11.0,0.0
2020,564,FSLR,First Solar,11.0,0.0
2020,565,ESTC,Elastic N.V.,11.0,0.0
2020,566,CNA,Cna Financial,11.0,0.0
2020,567,BAH,Booz Allen Hamilton Holding,11.0,0.0
2020,568,XRAY,Dentsply Sirona,10.0,0.0
2020,569,COLB,Columbia Banking System,10.0,0.0
2020,570,WLK,Westlake,10.0,0.0
2020,571,AAL,American Airlines Group,10.0,0.0
2020,572,FUBO,fuboTV Inc. /FL,10.0,0.0
2020,573,HR,Healthcare Realty Trust,10.0,0.0
2020,574,JAZZ,Jazz Pharmaceuticals,10.0,0.0
2020,575,LW,Lamb Weston Holdings,10.0,0.0
2020,576,CPT,Camden Property Trust,10.0,0.0
2020,577,FFIV,F5,10.0,0.0
2020,578,MKSI,Mks,10.0,0.0
2020,579,CHGG,Chegg,10.0,0.0
2020,580,KIM,Kimco Realty,10.0,0.0
2020,581,NWSA,News,10.0,0.0
2020,582,HST,Host Hotels & Resorts,10.0,0.0
2020,583,FND,Floor & Decor Holdings,10.0,0.0
2020,584,ALLE,Allegion,10.0,0.0
2020,585,AXON,Axon Enterprise,10.0,0.0
2020,586,DVN,Devon Energy Corp,10.0,0.0
2020,587,CBOE,Cboe Global Markets,10.0,0.0
2020,588,LUMN,Lumen Technologies,10.0,0.0
2020,589,TSHA,Taysha Gene Therapies,10.0,0.0
2020,590,NBIX,Neurocrine Biosciences,10.0,0.0
2020,591,PNW,Pinnacle West Capital,10.0,0.0
2020,592,LNC,Lincoln National,10.0,0.0
2020,593,LII,Lennox International,10.0,0.0
2020,594,IPGP,Ipg Photonics,9.0,0.0
2020,595,AMH-PG,American Homes 4 Rent,9.0,0.0
2020,596,IMO,Imperial Oil,9.0,0.0
2020,597,ADPT,Adaptive Biotechnologies,9.0,0.0
2020,598,BFAM,Bright Horizons Family Solutions,9.0,0.0
2020,599,IONS,Ionis Pharmaceuticals,9.0,0.0
2020,600,LMND,Lemonade,9.0,0.0
2020,601,AAP,Advance Auto Parts,9.0,0.0
2020,602,L,Loews,9.0,0.0
2020,603,BWA,Borgwarner,9.0,0.0
2020,604,WSO,Watsco,9.0,0.0
2020,605,HPP,Hudson Pacific Properties,9.0,0.0
2020,606,ACAD,Acadia Pharmaceuticals,9.0,0.0
2020,607,KOD,Kodiak Sciences,9.0,0.0
2020,608,DLB,Dolby Laboratories,9.0,0.0
2020,609,ULTA,Ulta Beauty,9.0,0.0
2020,610,ST,Sensata Technologies Holding,9.0,0.0
2020,611,RGLD,Royal Gold,9.0,0.0
2020,612,LKQ,Lkq,9.0,0.0
2020,613,FLEX,Flex,9.0,0.0
2020,614,SNA,Snap-on,9.0,0.0
2020,615,UHAL,U-Haul Holding Co /NV/,9.0,0.0
2020,616,NWL,Newell Brands,9.0,0.0
2020,617,GMED,Globus Medical,9.0,0.0
2020,618,ATR,Aptargroup,9.0,0.0
2020,619,MORN,Morningstar,9.0,0.0
2020,620,TREX,Trex Co,9.0,0.0
2020,621,TWST,Twist Bioscience,9.0,0.0
2020,622,IRM,Iron Mountain,9.0,0.0
2020,623,GL,Globe Life,9.0,0.0
2020,624,CLOV,"Clover Health Investments, Corp.",9.0,0.0
2020,625,NTAP,NetApp,9.0,0.0
2020,626,MHK,Mohawk Industries,9.0,0.0
2020,627,PNR,Pentair,9.0,0.0
2020,628,IPG,Interpublic Group Of Companies,9.0,0.0
2020,629,TAP,Molson Coors Beverage,9.0,0.0
2020,630,ACI,Albertsons Companies,8.0,0.0
2020,631,LAMR,Lamar Advertising Co,8.0,0.0
2020,632,BEAM,Beam Therapeutics,8.0,0.0
2020,633,UHS,Universal Health Services,8.0,0.0
2020,634,IMVT,Immunovant,8.0,0.0
2020,635,HUBB,Hubbell,8.0,0.0
2020,636,LPLA,LPL Financial Holdings,8.0,0.0
2020,637,OUST,Ouster,8.0,0.0
2020,638,REG,Regency Centers,8.0,0.0
2020,639,NYT,New York Times,8.0,0.0
2020,640,PHM,Pultegroup Inc/Mi/,8.0,0.0
2020,641,MTN,Vail Resorts,8.0,0.0
2020,642,CLSK,Cleanspark,8.0,0.0
2020,643,EHC,Encompass Health,8.0,0.0
2020,644,RRX,Regal Rexnord,8.0,0.0
2020,645,SNX,Td Synnex,8.0,0.0
2020,646,HASI,HA Sustainable Infrastructure Capital,8.0,0.0
2020,647,GWRE,Guidewire Software,8.0,0.0
2020,648,NEOG,Neogen,8.0,0.0
2020,649,MGM,MGM Resorts International,8.0,0.0
2020,650,BE,Bloom Energy,8.0,0.0
2020,651,DECK,Deckers Outdoor,8.0,0.0
2020,652,LEA,Lear,8.0,0.0
2020,653,ADC,Agree Realty,8.0,0.0
2020,654,TGTX,Tg Therapeutics,8.0,0.0
2020,655,EQT,Eqt,8.0,0.0
2020,656,TTC,Toro,8.0,0.0
2020,657,QTWO,Q2 Holdings,8.0,0.0
2020,658,BL,Blackline,8.0,0.0
2020,659,BNED,Barnes & Noble Education,8.0,0.0
2020,660,DVA,Davita,8.0,0.0
2020,661,RGA,Reinsurance Group Of America,8.0,0.0
2020,662,ALSN,Allison Transmission Holdings,8.0,0.0
2020,663,SHC,Sotera Health,8.0,0.0
2020,664,BHC,Bausch Health Companies,8.0,0.0
2020,665,OWL,Blue Owl Capital,8.0,0.0
2020,666,IVZ,Invesco,8.0,0.0
2020,667,NNN,Nnn Reit,8.0,0.0
2020,668,CHDN,Churchill Downs,8.0,0.0
2020,669,CUBE,CubeSmart,8.0,0.0
2020,670,HSIC,Henry Schein,8.0,0.0
2020,671,UGI,Ugi Corp /Pa/,8.0,0.0
2020,672,PFGC,Performance Food Group,7.0,0.0
2020,673,LEVI,Levi Strauss,7.0,0.0
2020,674,AGCO,Agco Corp,7.0,0.0
2020,675,EGP,Eastgroup Properties,7.0,0.0
2020,676,FIVE,Five Below,7.0,0.0
2020,677,CHE,Chemed,7.0,0.0
2020,678,USFD,US Foods Holding,7.0,0.0
2020,679,UAA,Under Armour,7.0,0.0
2020,680,FRT,Federal Realty Investment Trust,7.0,0.0
2020,681,APLS,Apellis Pharmaceuticals,7.0,0.0
2020,682,GNTX,Gentex,7.0,0.0
2020,683,MOS,Mosaic,7.0,0.0
2020,684,RNR,Renaissancere Holdings,7.0,0.0
2020,685,AFG,American Financial Group,7.0,0.0
2020,686,WWD,Woodward,7.0,0.0
2020,687,NRG,Nrg Energy,7.0,0.0
2020,688,EQH,Equitable Holdings,7.0,0.0
2020,689,FOLD,Amicus Therapeutics,7.0,0.0
2020,690,INSM,Insmed,7.0,0.0
2020,691,STWD,Starwood Property Trust,7.0,0.0
2020,692,VRT,Vertiv Holdings,7.0,0.0
2020,693,LAD,Lithia Motors,7.0,0.0
2020,694,GAP,Gap,7.0,0.0
2020,695,CMA,Comerica Inc /New/,7.0,0.0
2020,696,IKT,Inhibikase Therapeutics,7.0,0.0
2020,697,SSB,SouthState,7.0,0.0
2020,698,VNO,Vornado Realty Trust,7.0,0.0
2020,699,EOSE,Eos Energy Enterprises,7.0,0.0
2020,700,G,Genpact,7.0,0.0
2020,701,SITE,SiteOne Landscape Supply,7.0,0.0
2020,702,LITE,Lumentum Holdings,7.0,0.0
2020,703,EWBC,East West Bancorp,7.0,0.0
2020,704,WSM,Williams Sonoma,7.0,0.0
2020,705,CBSH,Commerce Bancshares Inc /Mo/,7.0,0.0
2020,706,ARMK,Aramark,7.0,0.0
2020,707,FRPT,Freshpet,7.0,0.0
2020,708,NEO,Neogenomics,7.0,0.0
2020,709,SEIC,Sei Investments,7.0,0.0
2020,710,ATRA,Atara Biotherapeutics,7.0,0.0
2020,711,WU,Western Union,7.0,0.0
2020,712,ALV,Autoliv,7.0,0.0
2020,713,PEN,Penumbra,7.0,0.0
2020,714,JLL,Jones Lang Lasalle,7.0,0.0
2020,715,EDIT,Editas Medicine,7.0,0.0
2020,716,FCNCA,First Citizens Bancshares Inc,7.0,0.0
2020,717,DNTH,"Dianthus Therapeutics, Inc.",7.0,0.0
2020,718,CVNA,Carvana,7.0,0.0
2020,719,SCI,Service Corp International,7.0,0.0
2020,720,WBS,Webster Financial,7.0,0.0
2020,721,KNX,Knight-Swift Transportation Holdings,7.0,0.0
2020,722,KRC,Kilroy Realty,7.0,0.0
2020,723,AIZ,Assurant,7.0,0.0
2020,724,SEE,Sealed Air Corp,7.0,0.0
2020,725,ITT,Itt,7.0,0.0
2020,726,HII,Huntington Ingalls Industries,7.0,0.0
2020,727,VST,Vistra,7.0,0.0
2020,728,ARRY,Array Technologies,7.0,0.0
2020,729,OGE,Oge Energy,7.0,0.0
2020,730,TNDM,Tandem Diabetes Care,7.0,0.0
2020,731,ESPR,Esperion Therapeutics,7.0,0.0
2020,732,CHPT,ChargePoint Holdings,7.0,0.0
2020,733,UTHR,United Therapeutics,7.0,0.0
2020,734,WMS,Advanced Drainage Systems,6.0,0.0
2020,735,WAL,Western Alliance Ban,6.0,0.0
2020,736,APPF,Appfolio,6.0,0.0
2020,737,PB,Prosperity Bancshares,6.0,0.0
2020,738,ARR,Armour Residential REIT,6.0,0.0
2020,739,NTLA,Intellia Therapeutics,6.0,0.0
2020,740,CSL,Carlisle Companies,6.0,0.0
2020,741,ONB,Old National Bancorp /In/,6.0,0.0
2020,742,ZION,"Zions Bancorporation, National Association /Ut/",6.0,0.0
2020,743,ACM,Aecom,6.0,0.0
2020,744,LECO,Lincoln Electric Holdings,6.0,0.0
2020,745,UA,Under Armour,6.0,0.0
2020,746,REYN,Reynolds Consumer Products,6.0,0.0
2020,747,LFUS,Littelfuse Inc,6.0,0.0
2020,748,RH,Rh,6.0,0.0
2020,749,NGNE,Neurogene,6.0,0.0
2020,750,MANH,Manhattan Associates,6.0,0.0
2020,751,LSCC,Lattice Semiconductor,6.0,0.0
2020,752,TTEK,Tetra Tech,6.0,0.0
2020,753,TPR,Tapestry,6.0,0.0
2020,754,CASY,Caseys General Stores,6.0,0.0
2020,755,TXT,Textron,6.0,0.0
2020,756,RHI,Robert Half,6.0,0.0
2020,757,RS,Reliance,6.0,0.0
2020,758,ALLO,Allogene Therapeutics,6.0,0.0
2020,759,PLNT,Planet Fitness,6.0,0.0
2020,760,COTY,Coty,6.0,0.0
2020,761,SRRK,Scholar Rock Holding,6.0,0.0
2020,762,DTIL,Precision Biosciences,6.0,0.0
2020,763,RL,Ralph Lauren,6.0,0.0
2020,764,EXEL,Exelixis,6.0,0.0
2020,765,TRNO,Terreno Realty,6.0,0.0
2020,766,FHN,First Horizon,6.0,0.0
2020,767,RKLB,Rocket Lab,6.0,0.0
2020,768,BLNK,Blink Charging,6.0,0.0
2020,769,HE,Hawaiian Electric Industries,6.0,0.0
2020,770,MIDD,Middleby,6.0,0.0
2020,771,TCNNF,Trulieve Cannabis,6.0,0.0
2020,772,OC,Owens Corning,6.0,0.0
2020,773,WH,Wyndham Hotels & Resorts,6.0,0.0
2020,774,AA,Alcoa,6.0,0.0
2020,775,LEG,Leggett & Platt,6.0,0.0
2020,776,GBCI,Glacier Bancorp,6.0,0.0
2020,777,STAG,STAG Industrial,6.0,0.0
2020,778,CF,CF Industries Holdings,6.0,0.0
2020,779,RPD,Rapid7,6.0,0.0
2020,780,ADT,Adt,6.0,0.0
2020,781,ALK,Alaska Air Group,6.0,0.0
2020,782,RBC,RBC Bearings,6.0,0.0
2020,783,JBTM,JBT Marel,6.0,0.0
2020,784,RIOT,Riot Platforms,6.0,0.0
2020,785,SON,Sonoco Products,6.0,0.0
2020,786,SDGR,Schrodinger,6.0,0.0
2020,787,PAA,Plains All American Pipeline,6.0,0.0
2020,788,MP,MP Materials Corp. / DE,6.0,0.0
2020,789,SGI,Somnigroup International,6.0,0.0
2020,790,JEF,Jefferies Financial Group,6.0,0.0
2020,791,TRGP,Targa Resources,6.0,0.0
2020,792,GTBIF,Green Thumb Industries,6.0,0.0
2020,793,EEFT,Euronet Worldwide,6.0,0.0
2020,794,GTLS,Chart Industries,6.0,0.0
2020,795,OMF,OneMain Holdings,6.0,0.0
2020,796,HAE,Haemonetics,6.0,0.0
2020,797,CIEN,Ciena,6.0,0.0
2020,798,FR,First Industrial Realty Trust,6.0,0.0
2020,799,CUZ,Cousins Properties,6.0,0.0
2020,800,WMG,Warner Music Group,6.0,0.0
2020,801,FOUR,Shift4 Payments,6.0,0.0
2020,802,NVST,Envista Holdings,6.0,0.0
2020,803,CFR,Cullen/Frost Bankers,6.0,0.0
2020,804,BWXT,BWX Technologies,6.0,0.0
2020,805,CACI,Caci International Inc,6.0,0.0
2020,806,DCI,DONALDSON Co,6.0,0.0
2020,807,ORA,Ormat Technologies,6.0,0.0
2020,808,HBI,Hanesbrands,5.0,0.0
2020,809,PII,Polaris,5.0,0.0
2020,810,WES,Western Midstream Partners,5.0,0.0
2020,811,ARVN,Arvinas,5.0,0.0
2020,812,INSP,Inspire Medical Systems,5.0,0.0
2020,813,OSK,Oshkosh,5.0,0.0
2020,814,OMCL,Omnicell,5.0,0.0
2020,815,TKR,Timken,5.0,0.0
2020,816,JBLU,Jetblue Airways,5.0,0.0
2020,817,TXNM,Txnm Energy,5.0,0.0
2020,818,SF,Stifel Financial,5.0,0.0
2020,819,PSTG,Pure Storage,5.0,0.0
2020,820,STLD,Steel Dynamics,5.0,0.0
2020,821,CERT,Certara,5.0,0.0
2020,822,FAF,First American Financial,5.0,0.0
2020,823,MTZ,Mastec,5.0,0.0
2020,824,ICUI,Icu Medical Inc,5.0,0.0
2020,825,OLLI,Ollie's Bargain Outlet Holdings,5.0,0.0
2020,826,SMTC,Semtech,5.0,0.0
2020,827,IDA,Idacorp,5.0,0.0
2020,828,UMBF,Umb Financial,5.0,0.0
2020,829,DBX,Dropbox,5.0,0.0
2020,830,WK,Workiva,5.0,0.0
2020,831,VRNS,Varonis Systems,5.0,0.0
2020,832,FLO,Flowers Foods,5.0,0.0
2020,833,TXRH,Texas Roadhouse,5.0,0.0
2020,834,SAFE,Safehold,5.0,0.0
2020,835,FFIN,First Financial Bankshares,5.0,0.0
2020,836,TRUP,Trupanion,5.0,0.0
2020,837,YETI,YETI Holdings,5.0,0.0
2020,838,BLD,TopBuild,5.0,0.0
2020,839,ORC,Orchid Island Capital,5.0,0.0
2020,840,ALRM,Alarm.com Holdings,5.0,0.0
2020,841,IIPR,Innovative Industrial Properties,5.0,0.0
2020,842,EXPI,eXp World Holdings,5.0,0.0
2020,843,AHCO,AdaptHealth,5.0,0.0
2020,844,KYMR,Kymera Therapeutics,5.0,0.0
2020,845,BRX,Brixmor Property Group,5.0,0.0
2020,846,MAT,Mattel Inc,5.0,0.0
2020,847,IART,Integra Lifesciences Holdings,5.0,0.0
2020,848,PTCT,Ptc Therapeutics,5.0,0.0
2020,849,HALO,Halozyme Therapeutics,5.0,0.0
2020,850,MZTI,Marzetti,5.0,0.0
2020,851,JHG,Janus Henderson Group,5.0,0.0
2020,852,GPK,Graphic Packaging Holding,5.0,0.0
2020,853,ALIT,"Alight, Inc. / Delaware",5.0,0.0
2020,854,HLF,Herbalife,5.0,0.0
2020,855,BC,Brunswick,5.0,0.0
2020,856,AL,Air Lease,5.0,0.0
2020,857,INGR,Ingredion,5.0,0.0
2020,858,NOV,Nov,5.0,0.0
2020,859,CTRE,CareTrust REIT,5.0,0.0
2020,860,POR,Portland General Electric Co /Or/,5.0,0.0
2020,861,OLMA,Olema Pharmaceuticals,5.0,0.0
2020,862,TFSL,TFS Financial,5.0,0.0
2020,863,CHH,Choice Hotels International Inc,5.0,0.0
2020,864,DEI,Douglas Emmett,5.0,0.0
2020,865,IBKR,Interactive Brokers Group,5.0,0.0
2020,866,BAND,Bandwidth,5.0,0.0
2020,867,ANNX,Annexon,5.0,0.0
2020,868,MSM,Msc Industrial Direct Co,5.0,0.0
2020,869,VYX,NCR Voyix,5.0,0.0
2020,870,SAIA,Saia,5.0,0.0
2020,871,OGS,ONE Gas,5.0,0.0
2020,872,XPO,Xpo,5.0,0.0
2020,873,BJ,BJ's Wholesale Club Holdings,5.0,0.0
2020,874,EBS,Emergent BioSolutions,5.0,0.0
2020,875,ORI,Old Republic International,5.0,0.0
2020,876,EGHT,8X8 Inc,5.0,0.0
2020,877,NOVT,Novanta,5.0,0.0
2020,878,SABR,Sabre,5.0,0.0
2020,879,VNT,Vontier,5.0,0.0
2020,880,VAC,Marriott Vacations Worldwide,5.0,0.0
2020,881,DKS,Dick's Sporting Goods,5.0,0.0
2020,882,RLI,Rli,5.0,0.0
2020,883,FLS,Flowserve,5.0,0.0
2020,884,AUB,Atlantic Union Bankshares,5.0,0.0
2020,885,KTOS,Kratos Defense & Security Solutions,5.0,0.0
2020,886,SFIX,Stitch Fix,5.0,0.0
2020,887,BXMT,Blackstone Mortgage Trust,5.0,0.0
2020,888,OCUL,Ocular Therapeutix,5.0,0.0
2020,889,FSK,FS KKR Capital,5.0,0.0
2020,890,BKH,Black Hills Corp /Sd/,5.0,0.0
2020,891,ALXO,Alx Oncology Holdings,5.0,0.0
2020,892,RAMP,LiveRamp Holdings,5.0,0.0
2020,893,KNSL,Kinsale Capital Group,5.0,0.0
2020,894,LSTR,Landstar System,5.0,0.0
2020,895,SPRY,ARS Pharmaceuticals,5.0,0.0
2020,896,PPC,Pilgrims Pride,5.0,0.0
2020,897,COLM,Columbia Sportswear,5.0,0.0
2020,898,EPRT,Essential Properties Realty Trust,5.0,0.0
2020,899,MRCY,Mercury Systems,5.0,0.0
2020,900,AEVA,Aeva Technologies,5.0,0.0
2020,901,ACHC,Acadia Healthcare Company,5.0,0.0
2020,902,POWI,Power Integrations,5.0,0.0
2020,903,UBSI,United Bankshares Inc/Wv,5.0,0.0
2020,904,MNMD,Mind Medicine (MindMed),5.0,0.0
2020,905,KMPR,Kemper,5.0,0.0
2020,906,HLI,Houlihan Lokey,4.0,0.0
2020,907,SLG,Sl Green Realty,4.0,0.0
2020,908,CMPS,COMPASS Pathways,4.0,0.0
2020,909,MSGS,Madison Square Garden Sports,4.0,0.0
2020,910,EXPO,Exponent,4.0,0.0
2020,911,THO,Thor Industries,4.0,0.0
2020,912,ROOT,Root,4.0,0.0
2020,913,MODG,Topgolf Callaway Brands,4.0,0.0
2020,914,MGNI,Magnite,4.0,0.0
2020,915,KWR,Quaker Chemical,4.0,0.0
2020,916,VSAT,Viasat,4.0,0.0
2020,917,GKOS,Glaukos,4.0,0.0
2020,918,BLDR,Builders FirstSource,4.0,0.0
2020,919,SBRA,Sabra Health Care REIT,4.0,0.0
2020,920,AWHL,Aspira Women's Health,4.0,0.0
2020,921,DXC,DXC Technology,4.0,0.0
2020,922,HUN,Huntsman,4.0,0.0
2020,923,HQY,Healthequity,4.0,0.0
2020,924,HL,Hecla Mining Co,4.0,0.0
2020,925,GETY,Getty Images Holdings,4.0,0.0
2020,926,HIW,Highwoods Properties,4.0,0.0
2020,927,ZD,Ziff Davis,4.0,0.0
2020,928,ESI,Element Solutions,4.0,0.0
2020,929,CW,Curtiss Wright,4.0,0.0
2020,930,ITRI,Itron,4.0,0.0
2020,931,RHP,Ryman Hospitality Properties,4.0,0.0
2020,932,EVR,Evercore,4.0,0.0
2020,933,UPWK,Upwork,4.0,0.0
2020,934,ENSG,Ensign Group,4.0,0.0
2020,935,DBRG-PJ,DigitalBridge Group,4.0,0.0
2020,936,PRI,Primerica,4.0,0.0
2020,937,WULF,Terawulf,4.0,0.0
2020,938,FTI,TechnipFMC,4.0,0.0
2020,939,LAZ,Lazard,4.0,0.0
2020,940,WSC,WillScot Holdings,4.0,0.0
2020,941,VICR,Vicor,4.0,0.0
2020,942,MAN,ManpowerGroup,4.0,0.0
2020,943,WEN,Wendy's,4.0,0.0
2020,944,CCCC,C4 Therapeutics,4.0,0.0
2020,945,AXSM,Axsome Therapeutics,4.0,0.0
2020,946,IRDM,Iridium Communications,4.0,0.0
2020,947,TSN,Tyson Foods,4.0,0.0
2020,948,AOS,Smith A O,4.0,0.0
2020,949,CRUS,Cirrus Logic,4.0,0.0
2020,950,NG,Novagold Resources,4.0,0.0
2020,951,BOKF,Bok Financial,4.0,0.0
2020,952,WTFC,Wintrust Financial,4.0,0.0
2020,953,HOG,Harley-Davidson,4.0,0.0
2020,954,THG,Hanover Insurance Group,4.0,0.0
2020,955,APAM,Artisan Partners Asset Management,4.0,0.0
2020,956,WTS,Watts Water Technologies,4.0,0.0
2020,957,BDSX,Biodesix,4.0,0.0
2020,958,EME,EMCOR Group,4.0,0.0
2020,959,JBL,Jabil,4.0,0.0
2020,960,TOL,Toll Brothers,4.0,0.0
2020,961,CLH,Clean Harbors,4.0,0.0
2020,962,SPSC,Sps Commerce,4.0,0.0
2020,963,TEX,Terex,4.0,0.0
2020,964,FIBK,First Interstate Bancsystem,4.0,0.0
2020,965,MARA,MARA Holdings,4.0,0.0
2020,966,ASTS,AST SpaceMobile,4.0,0.0
2020,967,VIR,Vir Biotechnology,4.0,0.0
2020,968,CWST,Casella Waste Systems,4.0,0.0
2020,969,KBR,Kbr,4.0,0.0
2020,970,MEDP,Medpace Holdings,4.0,0.0
2020,971,ACIW,Aci Worldwide,4.0,0.0
2020,972,SLGN,Silgan Holdings,4.0,0.0
2020,973,NFG,National Fuel Gas,4.0,0.0
2020,974,STOK,Stoke Therapeutics,4.0,0.0
2020,975,VCYT,Veracyte,4.0,0.0
2020,976,PAG,Penske Automotive Group,4.0,0.0
2020,977,CUKPF,Carnival,4.0,0.0
2020,978,MMS,Maximus,4.0,0.0
2020,979,WING,Wingstop,4.0,0.0
2020,980,CRSR,Corsair Gaming,4.0,0.0
2020,981,PCH,Potlatchdeltic,4.0,0.0
2020,982,GO,Grocery Outlet Holding,4.0,0.0
2020,983,SSD,Simpson Manufacturing Co.,4.0,0.0
2020,984,OVV,Ovintiv,4.0,0.0
2020,985,TREE,LendingTree,4.0,0.0
2020,986,CNS,Cohen & Steers,4.0,0.0
2020,987,CUK,Carnival,4.0,0.0
2020,988,AVAV,AeroVironment,4.0,0.0
2020,989,EBC,Eastern Bankshares,4.0,0.0
2020,990,TNET,Trinet Group,4.0,0.0
2020,991,SR,Spire,4.0,0.0
2020,992,GBDC,Golub Capital Bdc,4.0,0.0
2020,993,NVT,nVent Electric,4.0,0.0
2020,994,ENOV,Enovis,4.0,0.0
2020,995,UNM,Unum Group,4.0,0.0
2020,996,AMKR,Amkor Technology,4.0,0.0
2020,997,AXS,Axis Capital Holdings,4.0,0.0
2020,998,BNL,Broadstone Net Lease,4.0,0.0
2020,999,CC,Chemours,4.0,0.0
2020,1000,SGRY,Surgery Partners,4.0,0.0
2021,1,AAPL,Apple,2586.0,5.3
2021,2,MSFT,Microsoft,2498.0,5.2
2021,3,GOOGL,Alphabet,1918.0,4.0
2021,4,AMZN,Amazon Com,1697.0,3.5
2021,5,TSLA,Tesla,1092.0,2.3
2021,6,META,Meta Platforms,852.0,1.8
2021,7,BRK-B,Berkshire Hathaway,646.0,1.3
2021,8,NVDA,NVIDIA,639.0,1.3
2021,9,UNH,Unitedhealth Group,456.0,0.9
2021,10,V,Visa,444.0,0.9
2021,11,JPM,JPMorgan Chase,430.0,0.9
2021,12,WMT,Walmart,416.0,0.9
2021,13,JNJ,Johnson & Johnson,386.0,0.8
2021,14,PG,Procter & Gamble,380.0,0.8
2021,15,HD,Home Depot,370.0,0.8
2021,16,PFE,Pfizer,336.0,0.7
2021,17,BAC,Bank Of America Corp,323.0,0.7
2021,18,MA,Mastercard,320.0,0.7
2021,19,DIS,Walt Disney,311.0,0.6
2021,20,NFLX,Netflix,267.0,0.6
2021,21,ORCL,Oracle,261.0,0.5
2021,22,LLY,Eli Lilly,261.0,0.5
2021,23,CRM,Salesforce,260.0,0.5
2021,24,INTC,Intel,258.0,0.5
2021,25,KO,Coca Cola,255.0,0.5
2021,26,XOM,Exxon Mobil,254.0,0.5
2021,27,NKE,Nike,251.0,0.5
2021,28,ADBE,Adobe,250.0,0.5
2021,29,TMO,Thermo Fisher Scientific,248.0,0.5
2021,30,ABT,Abbott Laboratories,245.0,0.5
2021,31,ABBV,AbbVie,239.0,0.5
2021,32,AMD,Advanced Micro Devices,238.0,0.5
2021,33,COST,Costco Wholesale Corp,237.0,0.5
2021,34,DHR,Danaher Corp,235.0,0.5
2021,35,CMCSA,Comcast,234.0,0.5
2021,36,CVX,Chevron,233.0,0.5
2021,37,PEP,Pepsico,232.0,0.5
2021,38,CSCO,Cisco Systems,221.0,0.5
2021,39,ACN,Accenture,221.0,0.5
2021,40,AVGO,Broadcom,220.0,0.5
2021,41,VZ,Verizon Communications,218.0,0.5
2021,42,BA,Boeing,204.0,0.4
2021,43,QCOM,Qualcomm Inc,195.0,0.4
2021,44,NEE,Nextera Energy,194.0,0.4
2021,45,MRK,Merck & Co.,189.0,0.4
2021,46,T-PC,At&T,182.0,0.4
2021,47,SHOP,Shopify,180.0,0.4
2021,48,T,AT&T,176.0,0.4
2021,49,INTU,Intuit,173.0,0.4
2021,50,TXN,Texas Instruments,171.0,0.4
2021,51,PM,Philip Morris International,171.0,0.4
2021,52,PYPL,PayPal Holdings,168.0,0.3
2021,53,LIN,Linde,161.0,0.3
2021,54,PLD,Prologis,156.0,0.3
2021,55,MDT,Medtronic,154.0,0.3
2021,56,MS,Morgan Stanley,153.0,0.3
2021,57,UPS,United Parcel Service,153.0,0.3
2021,58,UNP,Union Pacific,149.0,0.3
2021,59,WFC,Wells Fargo & Company/Mn,148.0,0.3
2021,60,SCHW,Schwab Charles,147.0,0.3
2021,61,HON,Honeywell International,143.0,0.3
2021,62,BLK,BlackRock,142.0,0.3
2021,63,SPGI,S&P Global,140.0,0.3
2021,64,AMCR,Amcor,139.0,0.3
2021,65,AMT,American Tower Corp /Ma/,136.0,0.3
2021,66,EL,Estee Lauder Companies,134.0,0.3
2021,67,CVS,Cvs Health,131.0,0.3
2021,68,LOW,Lowes Companies,131.0,0.3
2021,69,RIVN,"Rivian Automotive, Inc. / DE",131.0,0.3
2021,70,NOW,ServiceNow,130.0,0.3
2021,71,SBUX,Starbucks,129.0,0.3
2021,72,TMUS,T-Mobile US,128.0,0.3
2021,73,ISRG,Intuitive Surgical,128.0,0.3
2021,74,BMY,Bristol Myers Squibb,127.0,0.3
2021,75,IBM,International Business Machines,125.0,0.3
2021,76,LCID,Lucid Group,125.0,0.3
2021,77,SNOW,Snowflake,122.0,0.3
2021,78,AMGN,Amgen,121.0,0.3
2021,79,TGT,Target,118.0,0.2
2021,80,GS,Goldman Sachs Group,116.0,0.2
2021,81,RTX,Rtx,116.0,0.2
2021,82,MDLZ,Mondelez International,116.0,0.2
2021,83,AXP,American Express,112.0,0.2
2021,84,AMAT,Applied Materials Inc,109.0,0.2
2021,85,C,Citigroup,105.0,0.2
2021,86,GE,GE Aerospace,104.0,0.2
2021,87,ZTS,Zoetis,103.0,0.2
2021,88,SYK,Stryker,102.0,0.2
2021,89,ELV,Elevance Health,102.0,0.2
2021,90,BX,Blackstone,102.0,0.2
2021,91,MMM,3M,102.0,0.2
2021,92,MRNA,Moderna,100.0,0.2
2021,93,ABNB,Airbnb,100.0,0.2
2021,94,TEAM,Atlassian,100.0,0.2
2021,95,ADP,Automatic Data Processing,99.0,0.2
2021,96,LRCX,Lam Research,98.0,0.2
2021,97,XYZ,Block,97.0,0.2
2021,98,CAT,Caterpillar,95.0,0.2
2021,99,MU,Micron Technology,93.0,0.2
2021,100,DE,Deere,92.0,0.2
2021,101,CCI,Crown Castle,91.0,0.2
2021,102,COF,Capital One Financial,91.0,0.2
2021,103,GILD,Gilead Sciences,90.0,0.2
2021,104,COP,Conocophillips,88.0,0.2
2021,105,USB,Us Bancorp \De\,87.0,0.2
2021,106,SHW,Sherwin Williams,87.0,0.2
2021,107,UBER,Uber Technologies,85.0,0.2
2021,108,MMC,Marsh & Mclennan Companies,85.0,0.2
2021,109,ENB,Enbridge,85.0,0.2
2021,110,ADI,Analog Devices,85.0,0.2
2021,111,EQIX,Equinix,83.0,0.2
2021,112,F,Ford Motor,83.0,0.2
2021,113,CME,Cme Group,82.0,0.2
2021,114,CHTR,"Charter Communications, Inc. /Mo/",82.0,0.2
2021,115,DUK,Duke Energy,82.0,0.2
2021,116,LMT,Lockheed Martin,81.0,0.2
2021,117,PNC,Pnc Financial Services Group,81.0,0.2
2021,118,ZM,Zoom Communications,81.0,0.2
2021,119,SNAP,Snap,79.0,0.2
2021,120,MO,Altria Group,79.0,0.2
2021,121,ICE,Intercontinental Exchange,78.0,0.2
2021,122,SO,Southern,77.0,0.2
2021,123,CB,Chubb,76.0,0.2
2021,124,EW,Edwards Lifesciences,75.0,0.2
2021,125,RBLX,Roblox,74.0,0.2
2021,126,WDAY,Workday,74.0,0.2
2021,127,TFC,Truist Financial,73.0,0.2
2021,128,TJX,Tjx Companies Inc,72.0,0.1
2021,129,BDX,Becton Dickinson,72.0,0.1
2021,130,ITW,Illinois Tool Works,71.0,0.1
2021,131,CRWD,CrowdStrike Holdings,71.0,0.1
2021,132,CSX,Csx,70.0,0.1
2021,133,D,Dominion Energy,69.0,0.1
2021,134,CL,Colgate Palmolive,68.0,0.1
2021,135,MELI,Mercadolibre,68.0,0.1
2021,136,MCO,Moodys Corp,68.0,0.1
2021,137,APD,Air Products & Chemicals,68.0,0.1
2021,138,ADSK,Autodesk,67.0,0.1
2021,139,NEM,NEWMONT Corp,67.0,0.1
2021,140,WM,Waste Management,67.0,0.1
2021,141,ETN,Eaton Corp,67.0,0.1
2021,142,SBET,SharpLink Gaming,67.0,0.1
2021,143,NSC,Norfolk Southern,67.0,0.1
2021,144,O,Realty Income,67.0,0.1
2021,145,COIN,Coinbase Global,66.0,0.1
2021,146,KKR,KKR & Co.,66.0,0.1
2021,147,ECL,Ecolab,66.0,0.1
2021,148,PSA,Public Storage,66.0,0.1
2021,149,REGN,Regeneron Pharmaceuticals,66.0,0.1
2021,150,DASH,DoorDash,65.0,0.1
2021,151,CP,Canadian Pacific Kansas City Ltd/Cn,65.0,0.1
2021,152,AON,Aon,64.0,0.1
2021,153,SNPS,Synopsys,64.0,0.1
2021,154,BSX,Boston Scientific,63.0,0.1
2021,155,DDOG,Datadog,63.0,0.1
2021,156,U,Unity Software,62.0,0.1
2021,157,DLR,Digital Realty Trust,61.0,0.1
2021,158,CI,Cigna Group,60.0,0.1
2021,159,FCX,Freeport-Mcmoran,60.0,0.1
2021,160,WELL,Welltower,60.0,0.1
2021,161,ILMN,Illumina,60.0,0.1
2021,162,PGR,Progressive Corp/Oh/,60.0,0.1
2021,163,WBD,Warner Bros. Discovery,59.0,0.1
2021,164,FTNT,Fortinet,58.0,0.1
2021,165,MRVL,Marvell Technology,58.0,0.1
2021,166,NXPI,NXP Semiconductors N.V.,58.0,0.1
2021,167,HCA,HCA Healthcare,57.0,0.1
2021,168,PLDGP,Prologis,57.0,0.1
2021,169,EXC,Exelon,57.0,0.1
2021,170,GD,General Dynamics,56.0,0.1
2021,171,KLAC,Kla,56.0,0.1
2021,172,FIS,Fidelity National Information Services,56.0,0.1
2021,173,VRTX,Vertex Pharmaceuticals Inc / Ma,56.0,0.1
2021,174,HUM,Humana,56.0,0.1
2021,175,NOC,Northrop Grumman Corp,55.0,0.1
2021,176,FDX,Fedex,55.0,0.1
2021,177,DOCU,Docusign,54.0,0.1
2021,178,LULU,lululemon athletica,54.0,0.1
2021,179,CPNG,Coupang,54.0,0.1
2021,180,GM,General Motors,53.0,0.1
2021,181,IDXX,Idexx Laboratories Inc,52.0,0.1
2021,182,APH,Amphenol Corp,52.0,0.1
2021,183,EMR,Emerson Electric,52.0,0.1
2021,184,DXCM,Dexcom,52.0,0.1
2021,185,VEEV,Veeva Systems,52.0,0.1
2021,186,ROP,Roper Technologies,51.0,0.1
2021,187,ZS,Zscaler,51.0,0.1
2021,188,MNST,Monster Beverage,51.0,0.1
2021,189,PANW,Palo Alto Networks,50.0,0.1
2021,190,KDP,Keurig Dr Pepper,50.0,0.1
2021,191,JCI,Johnson Controls International,50.0,0.1
2021,192,CMG,Chipotle Mexican Grill,49.0,0.1
2021,193,DG,Dollar General,49.0,0.1
2021,194,AEP,American Electric Power Co,48.0,0.1
2021,195,EXR,Extra Space Storage,48.0,0.1
2021,196,SCCO,Southern Copper Corp/,48.0,0.1
2021,197,IQV,Iqvia Holdings,48.0,0.1
2021,198,EPD,Enterprise Products Partners L.P.,47.0,0.1
2021,199,KMB,Kimberly Clark,47.0,0.1
2021,200,ORLY,O Reilly Automotive,47.0,0.1
2021,201,EOG,Eog Resources,47.0,0.1
2021,202,ALGN,Align Technology,47.0,0.1
2021,203,MCHP,Microchip Technology,47.0,0.1
2021,204,NET,Cloudflare,46.0,0.1
2021,205,TEL,TE Connectivity,46.0,0.1
2021,206,SCHW-PJ,Schwab Charles,46.0,0.1
2021,207,CARR,Carrier Global,45.0,0.1
2021,208,TT,Trane Technologies,45.0,0.1
2021,209,MSI,Motorola Solutions,45.0,0.1
2021,210,SLB,Schlumberger Limited/Nv,45.0,0.1
2021,211,MSCI,Msci,45.0,0.1
2021,212,A,Agilent Technologies,44.0,0.1
2021,213,ANET,Arista Networks,44.0,0.1
2021,214,BAX,Baxter International,44.0,0.1
2021,215,MAR,Marriott International Inc /Md/,44.0,0.1
2021,216,CTAS,Cintas,44.0,0.1
2021,217,PLTR,Palantir Technologies,44.0,0.1
2021,218,AJG,Arthur J. Gallagher,44.0,0.1
2021,219,OKTA,Okta,44.0,0.1
2021,220,TTD,Trade Desk,43.0,0.1
2021,221,RSG,Republic Services,43.0,0.1
2021,222,APO,Apollo Global Management,43.0,0.1
2021,223,TROW,Price T Rowe Group,43.0,0.1
2021,224,PAYX,Paychex,43.0,0.1
2021,225,CTSH,Cognizant Technology Solutions,42.0,0.1
2021,226,XEL,Xcel Energy,42.0,0.1
2021,227,SRE,Sempra,42.0,0.1
2021,228,MDB,MongoDB,42.0,0.1
2021,229,KHC,Kraft Heinz,42.0,0.1
2021,230,CDNS,Cadence Design Systems,42.0,0.1
2021,231,SBAC,Sba Communications,41.0,0.1
2021,232,ODFL,Old Dominion Freight Line,41.0,0.1
2021,233,CNC,Centene,41.0,0.1
2021,234,MET,Metlife,40.0,0.1
2021,235,DOW,Dow,40.0,0.1
2021,236,PH,Parker-Hannifin,40.0,0.1
2021,237,BK,Bank of New York Mellon,40.0,0.1
2021,238,TWLO,Twilio,40.0,0.1
2021,239,LHX,"L3Harris Technologies, Inc.",40.0,0.1
2021,240,STZ,Constellation Brands,40.0,0.1
2021,241,HSY,Hershey,39.0,0.1
2021,242,PLUG,Plug Power,39.0,0.1
2021,243,ROK,Rockwell Automation,39.0,0.1
2021,244,SYY,Sysco,39.0,0.1
2021,245,PPG,Ppg Industries,39.0,0.1
2021,246,IFF,International Flavors & Fragrances,38.0,0.1
2021,247,YUM,Yum Brands,38.0,0.1
2021,248,ARE,Alexandria Real Estate Equities,38.0,0.1
2021,249,RMD,Resmed,38.0,0.1
2021,250,PRU,Prudential Financial,38.0,0.1
2021,251,DELL,Dell Technologies,38.0,0.1
2021,252,OKE,Oneok Inc /New/,37.0,0.1
2021,253,TDG,TransDigm Group,37.0,0.1
2021,254,FAST,Fastenal,37.0,0.1
2021,255,CPRT,Copart,37.0,0.1
2021,256,AWK,American Water Works Company,37.0,0.1
2021,257,ROST,Ross Stores,36.0,0.1
2021,258,EPAM,EPAM Systems,36.0,0.1
2021,259,FITB,Fifth Third Ban,36.0,0.1
2021,260,HLT,Hilton Worldwide Holdings,36.0,0.1
2021,261,AVB,Avalonbay Communities,35.0,0.1
2021,262,BIIB,Biogen,35.0,0.1
2021,263,CRH,Crh Public Ltd,35.0,0.1
2021,264,KMI,Kinder Morgan,35.0,0.1
2021,265,APTV,Aptiv,35.0,0.1
2021,266,NDAQ,Nasdaq,35.0,0.1
2021,267,EFX,Equifax,35.0,0.1
2021,268,WCN,Waste Connections,35.0,0.1
2021,269,HUBS,Hubspot,35.0,0.1
2021,270,MTD,Mettler Toledo International Inc/,34.0,0.1
2021,271,ES,Eversource Energy,34.0,0.1
2021,272,EQR,Equity Residential,34.0,0.1
2021,273,AFRM,Affirm Holdings,34.0,0.1
2021,274,OTIS,Otis Worldwide,34.0,0.1
2021,275,WST,West Pharmaceutical Services,34.0,0.1
2021,276,ROKU,Roku,34.0,0.1
2021,277,AME,Ametek Inc/,34.0,0.1
2021,278,GIS,General Mills,33.0,0.1
2021,279,PEG,Public Service Enterprise Group,33.0,0.1
2021,280,TRV,Travelers Companies,33.0,0.1
2021,281,TFC-PR,Truist Financial,33.0,0.1
2021,282,EA,Electronic Arts,33.0,0.1
2021,283,TTWO,Take Two Interactive Software,33.0,0.1
2021,284,CSGP,Costar Group,33.0,0.1
2021,285,ADM,Archer-Daniels-Midland,33.0,0.1
2021,286,VICI,Vici Properties,32.0,0.1
2021,287,CUE,Cue Biopharma,32.0,0.1
2021,288,GPN,Global Payments,32.0,0.1
2021,289,CBRE,Cbre Group,32.0,0.1
2021,290,GLW,Corning Inc /Ny,32.0,0.1
2021,291,ZBRA,Zebra Technologies,32.0,0.1
2021,292,WMB,Williams Companies,32.0,0.1
2021,293,CTVA,Corteva,32.0,0.1
2021,294,APP,AppLovin,32.0,0.1
2021,295,WEC,Wec Energy Group,32.0,0.1
2021,296,IEP,Icahn Enterprises L.P.,32.0,0.1
2021,297,CHWY,Chewy,31.0,0.1
2021,298,ED,Consolidated Edison,31.0,0.1
2021,299,DHI,Horton D R Inc,31.0,0.1
2021,300,AZO,Autozone,31.0,0.1
2021,301,KEYS,Keysight Technologies,31.0,0.1
2021,302,MTCH,Match Group,31.0,0.1
2021,303,MCK,Mckesson,31.0,0.1
2021,304,PCAR,Paccar,31.0,0.1
2021,305,LH,Labcorp Holdings,31.0,0.1
2021,306,ALL,Allstate,31.0,0.1
2021,307,FANG,Diamondback Energy,30.0,0.1
2021,308,AIG,American International Group,30.0,0.1
2021,309,BF-A,Brown Forman,30.0,0.1
2021,310,CMI,Cummins,30.0,0.1
2021,311,MPLX,Mplx,30.0,0.1
2021,312,VRSK,Verisk Analytics,30.0,0.1
2021,313,AFL,Aflac,30.0,0.1
2021,314,LYB,LyondellBasell Industries N.V.,30.0,0.1
2021,315,WY,Weyerhaeuser,30.0,0.1
2021,316,EBAY,Ebay,30.0,0.1
2021,317,IP,International Paper Co /New/,29.0,0.1
2021,318,XYL,Xylem,29.0,0.1
2021,319,PSX,Phillips 66,29.0,0.1
2021,320,HBAN,Huntington Bancshares Inc /Md/,29.0,0.1
2021,321,KR,Kroger,29.0,0.1
2021,322,OXY,Occidental Petroleum Corp,29.0,0.1
2021,323,AVTR,Avantor,28.0,0.1
2021,324,AMP,Ameriprise Financial,28.0,0.1
2021,325,HPQ,Hp,28.0,0.1
2021,326,AILIP,Ameren Illinois,28.0,0.1
2021,327,LYV,Live Nation Entertainment,28.0,0.1
2021,328,ALB,Albemarle,28.0,0.1
2021,329,INVH,Invitation Homes,27.0,0.1
2021,330,FTV,Fortive,27.0,0.1
2021,331,DVN,Devon Energy Corp,27.0,0.1
2021,332,FERG,Ferguson Enterprises Inc.,27.0,0.1
2021,333,AILIH,Ameren Illinois,27.0,0.1
2021,334,SWK,Stanley Black & Decker,27.0,0.1
2021,335,VMC,Vulcan Materials,27.0,0.1
2021,336,MAA,Mid America Apartment Communities,27.0,0.1
2021,337,ON,On Semiconductor,27.0,0.1
2021,338,PCG,Pg&E,27.0,0.1
2021,339,VFC,V F,27.0,0.1
2021,340,ZBH,Zimmer Biomet Holdings,27.0,0.1
2021,341,CDW,Cdw,26.0,0.1
2021,342,MLM,Martin Marietta Materials,26.0,0.1
2021,343,NUE,Nucor,26.0,0.1
2021,344,EIX,Edison International,26.0,0.1
2021,345,CFLT,Confluent,26.0,0.1
2021,346,GRMN,Garmin,26.0,0.1
2021,347,TYL,Tyler Technologies,26.0,0.1
2021,348,STT,State Street,26.0,0.1
2021,349,COR,Cencora,26.0,0.1
2021,350,TSCO,Tractor Supply Co,26.0,0.1
2021,351,SUI,Sun Communities,26.0,0.1
2021,352,BBY,Best Buy Co,26.0,0.1
2021,353,DAL,Delta Air Lines,26.0,0.1
2021,354,BALL,Ball,26.0,0.1
2021,355,TER,Teradyne,26.0,0.1
2021,356,ARES,Ares Management,25.0,0.1
2021,357,KEY,Keycorp /New/,25.0,0.1
2021,358,LVS,Las Vegas Sands,25.0,0.1
2021,359,DOC,Healthpeak Properties,25.0,0.1
2021,360,STX,Seagate Technology Holdings,25.0,0.1
2021,361,W,Wayfair,25.0,0.1
2021,362,DTE,Dte Energy,25.0,0.1
2021,363,BILL,BILL Holdings,25.0,0.1
2021,364,AEE,Ameren,25.0,0.1
2021,365,GWW,W.W. Grainger,25.0,0.1
2021,366,DOV,Dover,24.0,0.1
2021,367,CHD,Church & Dwight Co Inc,24.0,0.1
2021,368,MPWR,Monolithic Power Systems,24.0,0.1
2021,369,IR,Ingersoll Rand,24.0,0.1
2021,370,FE,Firstenergy,24.0,0.0
2021,371,ENPH,Enphase Energy,24.0,0.0
2021,372,VTR,Ventas,24.0,0.0
2021,373,STE,Steris,24.0,0.0
2021,374,BKR,Baker Hughes,24.0,0.0
2021,375,BRO,Brown & Brown,24.0,0.0
2021,376,NVAX,Novavax,23.0,0.0
2021,377,SWKS,Skyworks Solutions,23.0,0.0
2021,378,HRL,Hormel Foods Corp,23.0,0.0
2021,379,VRSN,Verisign Inc/Ca,23.0,0.0
2021,380,PINS,Pinterest,23.0,0.0
2021,381,MKC,Mccormick & Co,23.0,0.0
2021,382,MTB,M&T Bank,23.0,0.0
2021,383,ETR,Entergy Corp,23.0,0.0
2021,384,TRU,TransUnion,23.0,0.0
2021,385,ESS,Essex Property Trust,23.0,0.0
2021,386,NLY,Annaly Capital Management,23.0,0.0
2021,387,PPL,Ppl,23.0,0.0
2021,388,CINF,Cincinnati Financial,23.0,0.0
2021,389,ALNY,Alnylam Pharmaceuticals,23.0,0.0
2021,390,VLO,Valero Energy Corp/Tx,22.0,0.0
2021,391,WTW,Willis Towers Watson,22.0,0.0
2021,392,IT,Gartner,22.0,0.0
2021,393,S,SentinelOne,22.0,0.0
2021,394,WAT,Waters Corp,22.0,0.0
2021,395,NTRS,Northern Trust,22.0,0.0
2021,396,EXPE,Expedia Group,22.0,0.0
2021,397,OMC,Omnicom Group,22.0,0.0
2021,398,CCL,Carnival,22.0,0.0
2021,399,AUR,Aurora Innovation,22.0,0.0
2021,400,LNG,Cheniere Energy,21.0,0.0
2021,401,SIRI,Sirius Xm Holdings,21.0,0.0
2021,402,LUV,Southwest Airlines,21.0,0.0
2021,403,TW,Tradeweb Markets,21.0,0.0
2021,404,BR,Broadridge Financial Solutions,21.0,0.0
2021,405,PAYC,Paycom Software,21.0,0.0
2021,406,DLTR,Dollar Tree,21.0,0.0
2021,407,CLX,Clorox Co,21.0,0.0
2021,408,ENTG,Entegris,21.0,0.0
2021,409,QSR,Restaurant Brands International,21.0,0.0
2021,410,ETSY,Etsy,21.0,0.0
2021,411,K,Kellanova,21.0,0.0
2021,412,URI,United Rentals,21.0,0.0
2021,413,RCL,Royal Caribbean Cruises,21.0,0.0
2021,414,DUKB,Duke Energy,21.0,0.0
2021,415,POOL,Pool,21.0,0.0
2021,416,GNRC,Generac Holdings,21.0,0.0
2021,417,COO,Cooper Companies,21.0,0.0
2021,418,CQP,"Cheniere Energy Partners, L.P.",20.0,0.0
2021,419,WDC,Western Digital,20.0,0.0
2021,420,EG,Everest Group,20.0,0.0
2021,421,TOST,Toast,20.0,0.0
2021,422,BIO,Bio-Rad Laboratories,20.0,0.0
2021,423,TECH,Bio-Techne,20.0,0.0
2021,424,ACI,Albertsons Companies,20.0,0.0
2021,425,TDY,Teledyne Technologies,20.0,0.0
2021,426,TRMB,Trimble,20.0,0.0
2021,427,SOFI,SoFi Technologies,20.0,0.0
2021,428,CFG,Citizens Financial Group Inc/Ri,20.0,0.0
2021,429,KMX,Carmax,20.0,0.0
2021,430,CMS,Cms Energy,20.0,0.0
2021,431,RJF,Raymond James Financial,20.0,0.0
2021,432,SSNC,SS&C Technologies Holdings,20.0,0.0
2021,433,GTM,ZoomInfo Technologies,20.0,0.0
2021,434,CG,Carlyle Group,20.0,0.0
2021,435,UDR,Udr,20.0,0.0
2021,436,OLPX,Olaplex Holdings,20.0,0.0
2021,437,HEI,Heico,19.0,0.0
2021,438,RVTY,Revvity,19.0,0.0
2021,439,JBHT,Hunt J B Transport Services,19.0,0.0
2021,440,HPE,Hewlett Packard Enterprise,19.0,0.0
2021,441,GPC,Genuine Parts,19.0,0.0
2021,442,HAL,Halliburton,19.0,0.0
2021,443,TXG,10x Genomics,19.0,0.0
2021,444,CZR,Caesars Entertainment,19.0,0.0
2021,445,GTLB,Gitlab,19.0,0.0
2021,446,HIG,Hartford Insurance Group,19.0,0.0
2021,447,DPZ,Dominos Pizza,19.0,0.0
2021,448,DGX,Quest Diagnostics,19.0,0.0
2021,449,MPC,Marathon Petroleum,19.0,0.0
2021,450,RF,Regions Financial,19.0,0.0
2021,451,PODD,Insulet,19.0,0.0
2021,452,UI,Ubiquiti,19.0,0.0
2021,453,REXR,Rexford Industrial Realty,19.0,0.0
2021,454,RKT,Rocket Companies,19.0,0.0
2021,455,CE,Celanese,18.0,0.0
2021,456,BXP,Bxp,18.0,0.0
2021,457,CNP,Centerpoint Energy,18.0,0.0
2021,458,CPT,Camden Property Trust,18.0,0.0
2021,459,MSTR,Microstrategy,18.0,0.0
2021,460,DT,Dynatrace,18.0,0.0
2021,461,CRL,Charles River Laboratories International,18.0,0.0
2021,462,ESTC,Elastic N.V.,18.0,0.0
2021,463,J,Jacobs Solutions,18.0,0.0
2021,464,IMO,Imperial Oil,18.0,0.0
2021,465,EXPD,Expeditors International Of Washington,18.0,0.0
2021,466,NTAP,NetApp,18.0,0.0
2021,467,CNLHN,Connecticut Light & Power,18.0,0.0
2021,468,YUMC,Yum China Holdings,18.0,0.0
2021,469,IEX,Idex Corp,18.0,0.0
2021,470,ATO,Atmos Energy,17.0,0.0
2021,471,RPRX,Royalty Pharma,17.0,0.0
2021,472,BEN,Franklin Resources,17.0,0.0
2021,473,BURL,Burlington Stores,17.0,0.0
2021,474,AES,Aes,17.0,0.0
2021,475,AGNC,AGNC Investment,17.0,0.0
2021,476,PWR,Quanta Services,17.0,0.0
2021,477,FDS,Factset Research Systems,17.0,0.0
2021,478,HOLX,Hologic,17.0,0.0
2021,479,MKL,Markel Group,17.0,0.0
2021,480,BMRN,Biomarin Pharmaceutical,17.0,0.0
2021,481,AKAM,Akamai Technologies,17.0,0.0
2021,482,SEDG,Solaredge Technologies,17.0,0.0
2021,483,ELS,Equity Lifestyle Properties,17.0,0.0
2021,484,LYFT,Lyft,17.0,0.0
2021,485,DAY,Dayforce,17.0,0.0
2021,486,TDOC,Teladoc Health,17.0,0.0
2021,487,KIM,Kimco Realty,17.0,0.0
2021,488,ROL,Rollins,16.0,0.0
2021,489,NVR,Nvr,16.0,0.0
2021,490,DRI,Darden Restaurants,16.0,0.0
2021,491,AVY,Avery Dennison,16.0,0.0
2021,492,ULTA,Ulta Beauty,16.0,0.0
2021,493,HOOD,Robinhood Markets,16.0,0.0
2021,494,AMH,American Homes 4 Rent,16.0,0.0
2021,495,LNT,Alliant Energy,16.0,0.0
2021,496,RNG,RingCentral,16.0,0.0
2021,497,EVRG,Evergy,16.0,0.0
2021,498,ACGL,Arch Capital Group,16.0,0.0
2021,499,AA,Alcoa,16.0,0.0
2021,500,QRVO,Qorvo,16.0,0.0
2021,501,WAB,Westinghouse Air Brake Technologies,16.0,0.0
2021,502,PFG,Principal Financial Group,16.0,0.0
2021,503,FOXA,Fox,16.0,0.0
2021,504,SYF,Synchrony Financial,16.0,0.0
2021,505,VTRS,Viatris,16.0,0.0
2021,506,WPC,W. P. Carey,16.0,0.0
2021,507,IRM,Iron Mountain,16.0,0.0
2021,508,GEN,Gen Digital,16.0,0.0
2021,509,EXE,Expand Energy,15.0,0.0
2021,510,PTON,Peloton Interactive,15.0,0.0
2021,511,LKQ,Lkq,15.0,0.0
2021,512,ARCC,Ares Capital,15.0,0.0
2021,513,WTRG,Essential Utilities,15.0,0.0
2021,514,CAG,Conagra Brands,15.0,0.0
2021,515,CPAY,Corpay,15.0,0.0
2021,516,BSY,Bentley Systems,15.0,0.0
2021,517,ZG,Zillow Group,15.0,0.0
2021,518,CLVT,Clarivate,15.0,0.0
2021,519,RGEN,Repligen,15.0,0.0
2021,520,EXAS,Exact Sciences,15.0,0.0
2021,521,FNF,Fidelity National Financial,15.0,0.0
2021,522,UPST,Upstart Holdings,15.0,0.0
2021,523,ALLY,Ally Financial,15.0,0.0
2021,524,INCY,Incyte,15.0,0.0
2021,525,WRB,Berkley W R,15.0,0.0
2021,526,TFX,Teleflex,15.0,0.0
2021,527,MKTX,Marketaxess Holdings,15.0,0.0
2021,528,FBIN,Fortune Brands Innovations,14.0,0.0
2021,529,CTRA,Coterra Energy,14.0,0.0
2021,530,PTC,Ptc,14.0,0.0
2021,531,UHAL,U-Haul Holding Co /NV/,14.0,0.0
2021,532,DJT,Trump Media & Technology Group,14.0,0.0
2021,533,UAL,United Airlines Holdings,14.0,0.0
2021,534,TREX,Trex Co,14.0,0.0
2021,535,MAS,Masco Corp,14.0,0.0
2021,536,ELAN,Elanco Animal Health,14.0,0.0
2021,537,MPW,Medical Properties Trust,14.0,0.0
2021,538,MASI,Masimo,14.0,0.0
2021,539,DD,DuPont de Nemours,14.0,0.0
2021,540,FFIV,F5,14.0,0.0
2021,541,OPEN,Opendoor Technologies,14.0,0.0
2021,542,FND,Floor & Decor Holdings,14.0,0.0
2021,543,NTLA,Intellia Therapeutics,14.0,0.0
2021,544,WHR,Whirlpool Corp,14.0,0.0
2021,545,GME,GameStop,14.0,0.0
2021,546,REG,Regency Centers,14.0,0.0
2021,547,GLPI,Gaming & Leisure Properties,14.0,0.0
2021,548,HAS,Hasbro,14.0,0.0
2021,549,IPG,Interpublic Group Of Companies,14.0,0.0
2021,550,CBOE,Cboe Global Markets,14.0,0.0
2021,551,WSM,Williams Sonoma,14.0,0.0
2021,552,EQT,Eqt,14.0,0.0
2021,553,FREJP,Federal Home Loan Mortgage,14.0,0.0
2021,554,QS,QuantumScape,14.0,0.0
2021,555,GGG,Graco,13.0,0.0
2021,556,NI,Nisource,13.0,0.0
2021,557,NTRA,Natera,13.0,0.0
2021,558,SJM,J M Smucker,13.0,0.0
2021,559,MORN,Morningstar,13.0,0.0
2021,560,CUBE,CubeSmart,13.0,0.0
2021,561,LNC,Lincoln National,13.0,0.0
2021,562,AAP,Advance Auto Parts,13.0,0.0
2021,563,LPLA,LPL Financial Holdings,13.0,0.0
2021,564,COHR,Coherent,13.0,0.0
2021,565,HWM,Howmet Aerospace,13.0,0.0
2021,566,CHRW,C. H. Robinson Worldwide,13.0,0.0
2021,567,WSO,Watsco,13.0,0.0
2021,568,PCTY,Paylocity Holding,13.0,0.0
2021,569,AXON,Axon Enterprise,13.0,0.0
2021,570,CCK,Crown Holdings,13.0,0.0
2021,571,LUMN,Lumen Technologies,13.0,0.0
2021,572,NWSA,News,12.0,0.0
2021,573,MARA,MARA Holdings,12.0,0.0
2021,574,MOS,Mosaic,12.0,0.0
2021,575,JLL,Jones Lang Lasalle,12.0,0.0
2021,576,WLK,Westlake,12.0,0.0
2021,577,RH,Rh,12.0,0.0
2021,578,TXT,Textron,12.0,0.0
2021,579,LAMR,Lamar Advertising Co,12.0,0.0
2021,580,MTN,Vail Resorts,12.0,0.0
2021,581,EGP,Eastgroup Properties,12.0,0.0
2021,582,LOGI,Logitech International S.A.,12.0,0.0
2021,583,CAH,Cardinal Health,12.0,0.0
2021,584,PCOR,Procore Technologies,12.0,0.0
2021,585,JKHY,Jack Henry & Associates,12.0,0.0
2021,586,HST,Host Hotels & Resorts,12.0,0.0
2021,587,CNA,Cna Financial,12.0,0.0
2021,588,CPB,Campbell's,12.0,0.0
2021,589,L,Loews,12.0,0.0
2021,590,AAL,American Airlines Group,12.0,0.0
2021,591,PNR,Pentair,12.0,0.0
2021,592,HKHC,Horizon Kinetics Holding,12.0,0.0
2021,593,OTEX,Open Text,12.0,0.0
2021,594,MKSI,Mks,12.0,0.0
2021,595,FRT,Federal Realty Investment Trust,12.0,0.0
2021,596,ENO,Entergy New Orleans,12.0,0.0
2021,597,WAL,Western Alliance Ban,12.0,0.0
2021,598,RPM,Rpm International Inc,12.0,0.0
2021,599,MGM,MGM Resorts International,12.0,0.0
2021,600,AFG,American Financial Group,11.0,0.0
2021,601,RBA,Rb Global,11.0,0.0
2021,602,ALLE,Allegion,11.0,0.0
2021,603,GDDY,GoDaddy,11.0,0.0
2021,604,LII,Lennox International,11.0,0.0
2021,605,PEN,Penumbra,11.0,0.0
2021,606,LDOS,Leidos Holdings,11.0,0.0
2021,607,TRGP,Targa Resources,11.0,0.0
2021,608,MHK,Mohawk Industries,11.0,0.0
2021,609,XRAY,Dentsply Sirona,11.0,0.0
2021,610,GDRX,GoodRx Holdings,11.0,0.0
2021,611,CMA,Comerica Inc /New/,11.0,0.0
2021,612,RHI,Robert Half,11.0,0.0
2021,613,IQST,iQSTEL,11.0,0.0
2021,614,HUBB,Hubbell,11.0,0.0
2021,615,HR,Healthcare Realty Trust,11.0,0.0
2021,616,PHM,Pultegroup Inc/Mi/,11.0,0.0
2021,617,CF,CF Industries Holdings,11.0,0.0
2021,618,FIVE,Five Below,11.0,0.0
2021,619,SNA,Snap-on,11.0,0.0
2021,620,EWBC,East West Bancorp,11.0,0.0
2021,621,BWA,Borgwarner,11.0,0.0
2021,622,SYNA,Synaptics,11.0,0.0
2021,623,FIVN,Five9,11.0,0.0
2021,624,LEVI,Levi Strauss,11.0,0.0
2021,625,GWRE,Guidewire Software,11.0,0.0
2021,626,WMS,Advanced Drainage Systems,11.0,0.0
2021,627,ST,Sensata Technologies Holding,11.0,0.0
2021,628,GXO,GXO Logistics,10.0,0.0
2021,629,DKS,Dick's Sporting Goods,10.0,0.0
2021,630,TNDM,Tandem Diabetes Care,10.0,0.0
2021,631,BHC,Bausch Health Companies,10.0,0.0
2021,632,BAH,Booz Allen Hamilton Holding,10.0,0.0
2021,633,IVZ,Invesco,10.0,0.0
2021,634,CSL,Carlisle Companies,10.0,0.0
2021,635,OWL,Blue Owl Capital,10.0,0.0
2021,636,FICO,Fair Isaac,10.0,0.0
2021,637,CNXC,Concentrix,10.0,0.0
2021,638,RRX,Regal Rexnord,10.0,0.0
2021,639,TEVJF,Teva Pharmaceutical Industries,10.0,0.0
2021,640,DECK,Deckers Outdoor,10.0,0.0
2021,641,CABO,Cable One,10.0,0.0
2021,642,SEE,Sealed Air Corp,10.0,0.0
2021,643,ACM,Aecom,10.0,0.0
2021,644,KNX,Knight-Swift Transportation Holdings,10.0,0.0
2021,645,FCNCA,First Citizens Bancshares Inc,10.0,0.0
2021,646,SGI,Somnigroup International,10.0,0.0
2021,647,SCI,Service Corp International,10.0,0.0
2021,648,UGI,Ugi Corp /Pa/,10.0,0.0
2021,649,GMED,Globus Medical,10.0,0.0
2021,650,APA,Apa,10.0,0.0
2021,651,VRT,Vertiv Holdings,10.0,0.0
2021,652,COLB,Columbia Banking System,10.0,0.0
2021,653,NCLH,Norwegian Cruise Line Holdings,9.0,0.0
2021,654,ARMK,Aramark,9.0,0.0
2021,655,SRPT,Sarepta Therapeutics,9.0,0.0
2021,656,ARWR,Arrowhead Pharmaceuticals,9.0,0.0
2021,657,SMG,Scotts Miracle-Gro,9.0,0.0
2021,658,COLD,Americold Realty Trust,9.0,0.0
2021,659,HPP,Hudson Pacific Properties,9.0,0.0
2021,660,DOCS,Doximity,9.0,0.0
2021,661,SYRE,Spyre Therapeutics,9.0,0.0
2021,662,FSLR,First Solar,9.0,0.0
2021,663,AMH-PG,American Homes 4 Rent,9.0,0.0
2021,664,ZION,"Zions Bancorporation, National Association /Ut/",9.0,0.0
2021,665,MANH,Manhattan Associates,9.0,0.0
2021,666,LEA,Lear,9.0,0.0
2021,667,UTHR,United Therapeutics,9.0,0.0
2021,668,COTY,Coty,9.0,0.0
2021,669,EQH,Equitable Holdings,9.0,0.0
2021,670,TTC,Toro,9.0,0.0
2021,671,BLDR,Builders FirstSource,9.0,0.0
2021,672,TEVA,Teva Pharmaceutical Industries,9.0,0.0
2021,673,CHDN,Churchill Downs,9.0,0.0
2021,674,STAG,STAG Industrial,9.0,0.0
2021,675,NWL,Newell Brands,9.0,0.0
2021,676,WH,Wyndham Hotels & Resorts,9.0,0.0
2021,677,JEF,Jefferies Financial Group,9.0,0.0
2021,678,QDEL,QuidelOrtho,9.0,0.0
2021,679,PEGA,Pegasystems,9.0,0.0
2021,680,ACGLN,Arch Capital Group,9.0,0.0
2021,681,RXRX,Recursion Pharmaceuticals,9.0,0.0
2021,682,NNN,Nnn Reit,9.0,0.0
2021,683,DLB,Dolby Laboratories,9.0,0.0
2021,684,G,Genpact,9.0,0.0
2021,685,UAA,Under Armour,9.0,0.0
2021,686,OVV,Ovintiv,9.0,0.0
2021,687,SAFE,Safehold,9.0,0.0
2021,688,SITE,SiteOne Landscape Supply,9.0,0.0
2021,689,SAIA,Saia,9.0,0.0
2021,690,STWD,Starwood Property Trust,9.0,0.0
2021,691,WBS,Webster Financial,9.0,0.0
2021,692,LSCC,Lattice Semiconductor,9.0,0.0
2021,693,STLD,Steel Dynamics,9.0,0.0
2021,694,TRNO,Terreno Realty,9.0,0.0
2021,695,RGLD,Royal Gold,9.0,0.0
2021,696,ITT,Itt,9.0,0.0
2021,697,XPO,Xpo,9.0,0.0
2021,698,ERIE,Erie Indemnity,9.0,0.0
2021,699,PSTG,Pure Storage,9.0,0.0
2021,700,FR,First Industrial Realty Trust,9.0,0.0
2021,701,WES,Western Midstream Partners,9.0,0.0
2021,702,WYNN,Wynn Resorts,9.0,0.0
2021,703,TAP,Molson Coors Beverage,9.0,0.0
2021,704,OHI,Omega Healthcare Investors,9.0,0.0
2021,705,NEOG,Neogen,9.0,0.0
2021,706,GL,Globe Life,9.0,0.0
2021,707,HSIC,Henry Schein,9.0,0.0
2021,708,ADC,Agree Realty,9.0,0.0
2021,709,NVCR,NovoCure,9.0,0.0
2021,710,NBIX,Neurocrine Biosciences,9.0,0.0
2021,711,FLEX,Flex,9.0,0.0
2021,712,PRAX,Praxis Precision Medicines,9.0,0.0
2021,713,PNW,Pinnacle West Capital,8.0,0.0
2021,714,AGCO,Agco Corp,8.0,0.0
2021,715,RS,Reliance,8.0,0.0
2021,716,IOVA,Iovance Biotherapeutics,8.0,0.0
2021,717,AXTA,Axalta Coating Systems,8.0,0.0
2021,718,GAP,Gap,8.0,0.0
2021,719,NRG,Nrg Energy,8.0,0.0
2021,720,SNX,Td Synnex,8.0,0.0
2021,721,RARE,Ultragenyx Pharmaceutical,8.0,0.0
2021,722,BEAM,Beam Therapeutics,8.0,0.0
2021,723,MIDD,Middleby,8.0,0.0
2021,724,TTEK,Tetra Tech,8.0,0.0
2021,725,AMBA,Ambarella,8.0,0.0
2021,726,OMCL,Omnicell,8.0,0.0
2021,727,MP,MP Materials Corp. / DE,8.0,0.0
2021,728,UMBF,Umb Financial,8.0,0.0
2021,729,FAF,First American Financial,8.0,0.0
2021,730,RUN,Sunrun,8.0,0.0
2021,731,JBTM,JBT Marel,8.0,0.0
2021,732,USFD,US Foods Holding,8.0,0.0
2021,733,CFR,Cullen/Frost Bankers,8.0,0.0
2021,734,VNO,Vornado Realty Trust,8.0,0.0
2021,735,OGN,Organon,8.0,0.0
2021,736,UHS,Universal Health Services,8.0,0.0
2021,737,OGE,Oge Energy,8.0,0.0
2021,738,LFUS,Littelfuse Inc,8.0,0.0
2021,739,SSB,SouthState,8.0,0.0
2021,740,JAZZ,Jazz Pharmaceuticals,8.0,0.0
2021,741,ATR,Aptargroup,8.0,0.0
2021,742,NCNO,nCino,8.0,0.0
2021,743,SMTC,Semtech,8.0,0.0
2021,744,KRC,Kilroy Realty,8.0,0.0
2021,745,HTZ,Hertz Global Holdings,8.0,0.0
2021,746,FHN,First Horizon,8.0,0.0
2021,747,BRX,Brixmor Property Group,8.0,0.0
2021,748,RPD,Rapid7,8.0,0.0
2021,749,OLED,Universal Display Corp \Pa\,8.0,0.0
2021,750,RIOT,Riot Platforms,8.0,0.0
2021,751,AIZ,Assurant,8.0,0.0
2021,752,ALV,Autoliv,8.0,0.0
2021,753,BLD,TopBuild,8.0,0.0
2021,754,CIEN,Ciena,8.0,0.0
2021,755,SITM,Sitime,8.0,0.0
2021,756,TPR,Tapestry,8.0,0.0
2021,757,UA,Under Armour,8.0,0.0
2021,758,VST,Vistra,8.0,0.0
2021,759,NYT,New York Times,8.0,0.0
2021,760,DVA,Davita,8.0,0.0
2021,761,LECO,Lincoln Electric Holdings,8.0,0.0
2021,762,GTLS,Chart Industries,8.0,0.0
2021,763,PFGC,Performance Food Group,8.0,0.0
2021,764,CBSH,Commerce Bancshares Inc /Mo/,8.0,0.0
2021,765,SF,Stifel Financial,8.0,0.0
2021,766,BJ,BJ's Wholesale Club Holdings,8.0,0.0
2021,767,GNTX,Gentex,8.0,0.0
2021,768,IBKR,Interactive Brokers Group,7.0,0.0
2021,769,DOCN,DigitalOcean Holdings,7.0,0.0
2021,770,RNR,Renaissancere Holdings,7.0,0.0
2021,771,FRSH,Freshworks,7.0,0.0
2021,772,RGA,Reinsurance Group Of America,7.0,0.0
2021,773,RKLB,Rocket Lab,7.0,0.0
2021,774,WK,Workiva,7.0,0.0
2021,775,WSC,WillScot Holdings,7.0,0.0
2021,776,CACC,Credit Acceptance,7.0,0.0
2021,777,NVST,Envista Holdings,7.0,0.0
2021,778,FYBR,Frontier Communications Parent,7.0,0.0
2021,779,GBCI,Glacier Bancorp,7.0,0.0
2021,780,IIPR,Innovative Industrial Properties,7.0,0.0
2021,781,MQ,Marqeta,7.0,0.0
2021,782,LW,Lamb Weston Holdings,7.0,0.0
2021,783,HII,Huntington Ingalls Industries,7.0,0.0
2021,784,SEIC,Sei Investments,7.0,0.0
2021,785,CAR,Avis Budget Group,7.0,0.0
2021,786,IPGP,Ipg Photonics,7.0,0.0
2021,787,CRSP,CRISPR Therapeutics AG,7.0,0.0
2021,788,CHE,Chemed,7.0,0.0
2021,789,FFIN,First Financial Bankshares,7.0,0.0
2021,790,OC,Owens Corning,7.0,0.0
2021,791,LAD,Lithia Motors,7.0,0.0
2021,792,PLNT,Planet Fitness,7.0,0.0
2021,793,MTZ,Mastec,7.0,0.0
2021,794,CHH,Choice Hotels International Inc,7.0,0.0
2021,795,HE,Hawaiian Electric Industries,7.0,0.0
2021,796,NOVT,Novanta,7.0,0.0
2021,797,FOXF,Fox Factory Holding,7.0,0.0
2021,798,PROP,Prairie Operating,7.0,0.0
2021,799,EQH-PC,Equitable Holdings,7.0,0.0
2021,800,CASY,Caseys General Stores,7.0,0.0
2021,801,OSK,Oshkosh,7.0,0.0
2021,802,PAG,Penske Automotive Group,7.0,0.0
2021,803,POST,Post Holdings,7.0,0.0
2021,804,THC,Tenet Healthcare,7.0,0.0
2021,805,ROIV,Roivant Sciences,7.0,0.0
2021,806,WOOF,Petco Health & Wellness Company,7.0,0.0
2021,807,RBC,RBC Bearings,7.0,0.0
2021,808,ONB,Old National Bancorp /In/,7.0,0.0
2021,809,AMPL,Amplitude,7.0,0.0
2021,810,DNLI,Denali Therapeutics,7.0,0.0
2021,811,M,Macy's,7.0,0.0
2021,812,DCI,DONALDSON Co,7.0,0.0
2021,813,PENN,PENN Entertainment,7.0,0.0
2021,814,HLI,Houlihan Lokey,7.0,0.0
2021,815,JOBY,Joby Aviation,7.0,0.0
2021,816,SGRY,Surgery Partners,7.0,0.0
2021,817,RL,Ralph Lauren,7.0,0.0
2021,818,BFAM,Bright Horizons Family Solutions,7.0,0.0
2021,819,HASI,HA Sustainable Infrastructure Capital,7.0,0.0
2021,820,CWAN,Clearwater Analytics Holdings,7.0,0.0
2021,821,PB,Prosperity Bancshares,7.0,0.0
2021,822,SHC,Sotera Health,7.0,0.0
2021,823,CUZ,Cousins Properties,7.0,0.0
2021,824,COMP,Compass,7.0,0.0
2021,825,CVNA,Carvana,7.0,0.0
2021,826,REYN,Reynolds Consumer Products,7.0,0.0
2021,827,MXL,Maxlinear,7.0,0.0
2021,828,INSP,Inspire Medical Systems,7.0,0.0
2021,829,ALSN,Allison Transmission Holdings,7.0,0.0
2021,830,PAA,Plains All American Pipeline,7.0,0.0
2021,831,BC,Brunswick,7.0,0.0
2021,832,PLTK,Playtika Holding,7.0,0.0
2021,833,OLN,Olin,7.0,0.0
2021,834,PPC,Pilgrims Pride,7.0,0.0
2021,835,WWD,Woodward,7.0,0.0
2021,836,WTS,Watts Water Technologies,7.0,0.0
2021,837,AOS,Smith A O,7.0,0.0
2021,838,EHC,Encompass Health,6.0,0.0
2021,839,YETI,YETI Holdings,6.0,0.0
2021,840,BROS,Dutch Bros,6.0,0.0
2021,841,JHG,Janus Henderson Group,6.0,0.0
2021,842,CROX,Crocs,6.0,0.0
2021,843,AI,C3.ai,6.0,0.0
2021,844,WULF,Terawulf,6.0,0.0
2021,845,ADT,Adt,6.0,0.0
2021,846,BOKF,Bok Financial,6.0,0.0
2021,847,WMG,Warner Music Group,6.0,0.0
2021,848,PII,Polaris,6.0,0.0
2021,849,MAT,Mattel Inc,6.0,0.0
2021,850,IBRX,ImmunityBio,6.0,0.0
2021,851,EPRT,Essential Properties Realty Trust,6.0,0.0
2021,852,IDA,Idacorp,6.0,0.0
2021,853,JBL,Jabil,6.0,0.0
2021,854,HBI,Hanesbrands,6.0,0.0
2021,855,BE,Bloom Energy,6.0,0.0
2021,856,VIR,Vir Biotechnology,6.0,0.0
2021,857,AYI,Acuity Inc. (De),6.0,0.0
2021,858,BL,Blackline,6.0,0.0
2021,859,NVT,nVent Electric,6.0,0.0
2021,860,AMKR,Amkor Technology,6.0,0.0
2021,861,GT,Goodyear Tire & Rubber Co /Oh/,6.0,0.0
2021,862,MEDP,Medpace Holdings,6.0,0.0
2021,863,POR,Portland General Electric Co /Or/,6.0,0.0
2021,864,INGR,Ingredion,6.0,0.0
2021,865,WTFC,Wintrust Financial,6.0,0.0
2021,866,ZWS,Zurn Elkay Water Solutions,6.0,0.0
2021,867,LITE,Lumentum Holdings,6.0,0.0
2021,868,IRT,Independence Realty Trust,6.0,0.0
2021,869,NFG,National Fuel Gas,6.0,0.0
2021,870,APLS,Apellis Pharmaceuticals,6.0,0.0
2021,871,KBR,Kbr,6.0,0.0
2021,872,HUN,Huntsman,6.0,0.0
2021,873,SYM,Symbotic,6.0,0.0
2021,874,VSAT,Viasat,6.0,0.0
2021,875,IONQ,IonQ,6.0,0.0
2021,876,DBRG,DigitalBridge Group,6.0,0.0
2021,877,ORI,Old Republic International,6.0,0.0
2021,878,MCW,Mister Car Wash,6.0,0.0
2021,879,ALK,Alaska Air Group,6.0,0.0
2021,880,CACI,Caci International Inc,6.0,0.0
2021,881,TXRH,Texas Roadhouse,6.0,0.0
2021,882,ESI,Element Solutions,6.0,0.0
2021,883,MTSI,MACOM Technology Solutions Holdings,6.0,0.0
2021,884,ICUI,Icu Medical Inc,6.0,0.0
2021,885,INSM,Insmed,6.0,0.0
2021,886,SM,SM Energy,6.0,0.0
2021,887,ARR,Armour Residential REIT,6.0,0.0
2021,888,FSK,FS KKR Capital,6.0,0.0
2021,889,LSTR,Landstar System,6.0,0.0
2021,890,OMF,OneMain Holdings,6.0,0.0
2021,891,RHP,Ryman Hospitality Properties,6.0,0.0
2021,892,VAC,Marriott Vacations Worldwide,6.0,0.0
2021,893,VICR,Vicor,6.0,0.0
2021,894,DBX,Dropbox,6.0,0.0
2021,895,GPK,Graphic Packaging Holding,6.0,0.0
2021,896,EXPO,Exponent,6.0,0.0
2021,897,SON,Sonoco Products,6.0,0.0
2021,898,WRBY,Warby Parker,6.0,0.0
2021,899,SSD,Simpson Manufacturing Co.,6.0,0.0
2021,900,TOL,Toll Brothers,6.0,0.0
2021,901,FUBO,fuboTV Inc. /FL,6.0,0.0
2021,902,TRUP,Trupanion,6.0,0.0
2021,903,WCC,Wesco International,6.0,0.0
2021,904,EME,EMCOR Group,6.0,0.0
2021,905,VRNS,Varonis Systems,6.0,0.0
2021,906,KSS,Kohls,6.0,0.0
2021,907,WU,Western Union,6.0,0.0
2021,908,DEI,Douglas Emmett,6.0,0.0
2021,909,CYTK,Cytokinetics,6.0,0.0
2021,910,LEG,Leggett & Platt,6.0,0.0
2021,911,BB,Blackberry,6.0,0.0
2021,912,HQY,Healthequity,6.0,0.0
2021,913,CELH,Celsius Holdings,6.0,0.0
2021,914,FSLY,Fastly,6.0,0.0
2021,915,RLAY,Relay Therapeutics,6.0,0.0
2021,916,ACHC,Acadia Healthcare Company,6.0,0.0
2021,917,SAM,Boston Beer Co,5.0,0.0
2021,918,KNSL,Kinsale Capital Group,5.0,0.0
2021,919,TSN,Tyson Foods,5.0,0.0
2021,920,DTIL,Precision Biosciences,5.0,0.0
2021,921,DXC,DXC Technology,5.0,0.0
2021,922,EXPI,eXp World Holdings,5.0,0.0
2021,923,CWST,Casella Waste Systems,5.0,0.0
2021,924,AR,Antero Resources,5.0,0.0
2021,925,BCPC,Balchem,5.0,0.0
2021,926,PRGO,PERRIGO Co,5.0,0.0
2021,927,BPOP,Popular,5.0,0.0
2021,928,DV,DoubleVerify Holdings,5.0,0.0
2021,929,CALX,Calix,5.0,0.0
2021,930,NSA,National Storage Affiliates Trust,5.0,0.0
2021,931,THO,Thor Industries,5.0,0.0
2021,932,BKH,Black Hills Corp /Sd/,5.0,0.0
2021,933,VYX,NCR Voyix,5.0,0.0
2021,934,APG,APi Group,5.0,0.0
2021,935,EXP,Eagle Materials,5.0,0.0
2021,936,EVR,Evercore,5.0,0.0
2021,937,AUB,Atlantic Union Bankshares,5.0,0.0
2021,938,FIZZ,National Beverage,5.0,0.0
2021,939,CLH,Clean Harbors,5.0,0.0
2021,940,JBLU,Jetblue Airways,5.0,0.0
2021,941,SPSC,Sps Commerce,5.0,0.0
2021,942,ARVN,Arvinas,5.0,0.0
2021,943,KOD,Kodiak Sciences,5.0,0.0
2021,944,FLO,Flowers Foods,5.0,0.0
2021,945,SLG,Sl Green Realty,5.0,0.0
2021,946,IART,Integra Lifesciences Holdings,5.0,0.0
2021,947,RYAN,Ryan Specialty Holdings,5.0,0.0
2021,948,KYMR,Kymera Therapeutics,5.0,0.0
2021,949,HRI,Herc Holdings,5.0,0.0
2021,950,DBC,Invesco DB Commodity Index Tracking Fund,5.0,0.0
2021,951,BXMT,Blackstone Mortgage Trust,5.0,0.0
2021,952,POWI,Power Integrations,5.0,0.0
2021,953,CNM,Core & Main,5.0,0.0
2021,954,CWK,Cushman & Wakefield,5.0,0.0
2021,955,COLM,Columbia Sportswear,5.0,0.0
2021,956,CW,Curtiss Wright,5.0,0.0
2021,957,GTBIF,Green Thumb Industries,5.0,0.0
2021,958,ASGN,Asgn,5.0,0.0
2021,959,CTRE,CareTrust REIT,5.0,0.0
2021,960,RLI,Rli,5.0,0.0
2021,961,RCUS,Arcus Biosciences,5.0,0.0
2021,962,UBSI,United Bankshares Inc/Wv,5.0,0.0
2021,963,TXNM,Txnm Energy,5.0,0.0
2021,964,IONS,Ionis Pharmaceuticals,5.0,0.0
2021,965,CC,Chemours,5.0,0.0
2021,966,DIOD,Diodes Inc /Del/,5.0,0.0
2021,967,MODG,Topgolf Callaway Brands,5.0,0.0
2021,968,WD,Walker & Dunlop,5.0,0.0
2021,969,BYD,Boyd Gaming,5.0,0.0
2021,970,ONTO,Onto Innovation,5.0,0.0
2021,971,TEX,Terex,5.0,0.0
2021,972,TCNNF,Trulieve Cannabis,5.0,0.0
2021,973,TFSL,TFS Financial,5.0,0.0
2021,974,QTWO,Q2 Holdings,5.0,0.0
2021,975,AWI,Armstrong World Industries,5.0,0.0
2021,976,AL,Air Lease,5.0,0.0
2021,977,ENSG,Ensign Group,5.0,0.0
2021,978,TASK,TaskUs,5.0,0.0
2021,979,NOV,Nov,5.0,0.0
2021,980,HIW,Highwoods Properties,5.0,0.0
2021,981,DTM,DT Midstream,5.0,0.0
2021,982,OGS,ONE Gas,5.0,0.0
2021,983,ABR-PF,Arbor Realty Trust,5.0,0.0
2021,984,ROG,Rogers,5.0,0.0
2021,985,PRI,Primerica,5.0,0.0
2021,986,ORA,Ormat Technologies,5.0,0.0
2021,987,ALIT,"Alight, Inc. / Delaware",5.0,0.0
2021,988,OUT,OUTFRONT Media,5.0,0.0
2021,989,TKR,Timken,5.0,0.0
2021,990,TWST,Twist Bioscience,5.0,0.0
2021,991,EXEL,Exelixis,5.0,0.0
2021,992,APPN,Appian,5.0,0.0
2021,993,VMI,Valmont Industries,5.0,0.0
2021,994,HOMB,Home Bancshares,5.0,0.0
2021,995,VVV,Valvoline,5.0,0.0
2021,996,WING,Wingstop,5.0,0.0
2021,997,AMN,Amn Healthcare Services,5.0,0.0
2021,998,CNS,Cohen & Steers,5.0,0.0
2021,999,HALO,Halozyme Therapeutics,5.0,0.0
2021,1000,ERAS,Erasca,5.0,0.0
2022,1,AAPL,Apple,1906.0,5.0
2022,2,MSFT,Microsoft,1781.0,4.7
2022,3,GOOGL,Alphabet,1069.0,2.8
2022,4,AMZN,Amazon Com,903.0,2.4
2022,5,BRK-B,Berkshire Hathaway,667.0,1.7
2022,6,UNH,Unitedhealth Group,481.0,1.3
2022,7,TSLA,Tesla,463.0,1.2
2022,8,XOM,Exxon Mobil,457.0,1.2
2022,9,V,Visa,426.0,1.1
2022,10,JNJ,Johnson & Johnson,393.0,1.0
2022,11,WMT,Walmart,386.0,1.0
2022,12,JPM,JPMorgan Chase,364.0,1.0
2022,13,CVX,Chevron,356.0,0.9
2022,14,PG,Procter & Gamble,352.0,0.9
2022,15,LLY,Eli Lilly,345.0,0.9
2022,16,NVDA,NVIDIA,343.0,0.9
2022,17,MA,Mastercard,310.0,0.8
2022,18,META,Meta Platforms,305.0,0.8
2022,19,HD,Home Depot,297.0,0.8
2022,20,PFE,Pfizer,291.0,0.8
2022,21,ABBV,AbbVie,286.0,0.7
2022,22,MRK,Merck & Co.,274.0,0.7
2022,23,KO,Coca Cola,274.0,0.7
2022,24,PEP,Pepsico,247.0,0.6
2022,25,BAC,Bank Of America Corp,240.0,0.6
2022,26,ORCL,Oracle,239.0,0.6
2022,27,COST,Costco Wholesale Corp,232.0,0.6
2022,28,TMO,Thermo Fisher Scientific,205.0,0.5
2022,29,AVGO,Broadcom,198.0,0.5
2022,30,DHR,Danaher Corp,193.0,0.5
2022,31,BA,Boeing,193.0,0.5
2022,32,ABT,Abbott Laboratories,191.0,0.5
2022,33,ACN,Accenture,186.0,0.5
2022,34,PM,Philip Morris International,182.0,0.5
2022,35,CSCO,Cisco Systems,180.0,0.5
2022,36,NEE,Nextera Energy,174.0,0.5
2022,37,VZ,Verizon Communications,166.0,0.4
2022,38,NKE,Nike,162.0,0.4
2022,39,CMCSA,Comcast,155.0,0.4
2022,40,TMUS,T-Mobile US,154.0,0.4
2022,41,DIS,Walt Disney,153.0,0.4
2022,42,LIN,Linde,151.0,0.4
2022,43,TXN,Texas Instruments,150.0,0.4
2022,44,BMY,Bristol Myers Squibb,147.0,0.4
2022,45,SCHW,Schwab Charles,145.0,0.4
2022,46,COP,Conocophillips,144.0,0.4
2022,47,HON,Honeywell International,143.0,0.4
2022,48,AMGN,Amgen,142.0,0.4
2022,49,CRM,Salesforce,141.0,0.4
2022,50,ADBE,Adobe,139.0,0.4
2022,51,AMCR,Amcor,137.0,0.4
2022,52,RTX,Rtx,136.0,0.4
2022,53,INTC,Intel,133.0,0.3
2022,54,MS,Morgan Stanley,133.0,0.3
2022,55,IBM,International Business Machines,132.0,0.3
2022,56,NFLX,Netflix,131.0,0.3
2022,57,T,AT&T,129.0,0.3
2022,58,WFC,Wells Fargo & Company/Mn,127.0,0.3
2022,59,UPS,United Parcel Service,124.0,0.3
2022,60,UNP,Union Pacific,123.0,0.3
2022,61,T-PC,At&T,121.0,0.3
2022,62,CVS,Cvs Health,119.0,0.3
2022,63,QCOM,Qualcomm Inc,118.0,0.3
2022,64,INTU,Intuit,118.0,0.3
2022,65,MDLZ,Mondelez International,116.0,0.3
2022,66,ELV,Elevance Health,113.0,0.3
2022,67,LOW,Lowes Companies,111.0,0.3
2022,68,MDT,Medtronic,111.0,0.3
2022,69,LMT,Lockheed Martin,111.0,0.3
2022,70,CAT,Caterpillar,110.0,0.3
2022,71,BLK,BlackRock,110.0,0.3
2022,72,DE,Deere,107.0,0.3
2022,73,GILD,Gilead Sciences,107.0,0.3
2022,74,AMD,Advanced Micro Devices,106.0,0.3
2022,75,PLD,Prologis,105.0,0.3
2022,76,GS,Goldman Sachs Group,104.0,0.3
2022,77,AXP,American Express,101.0,0.3
2022,78,SPGI,S&P Global,100.0,0.3
2022,79,AMT,American Tower Corp /Ma/,99.0,0.3
2022,80,SBUX,Starbucks,96.0,0.3
2022,81,ADP,Automatic Data Processing,96.0,0.3
2022,82,ISRG,Intuitive Surgical,94.0,0.2
2022,83,SYK,Stryker,94.0,0.2
2022,84,GE,GE Aerospace,91.0,0.2
2022,85,EL,Estee Lauder Companies,90.0,0.2
2022,86,CI,Cigna Group,87.0,0.2
2022,87,CB,Chubb,86.0,0.2
2022,88,ENB,Enbridge,85.0,0.2
2022,89,MMC,Marsh & Mclennan Companies,81.0,0.2
2022,90,SO,Southern,80.0,0.2
2022,91,TJX,Tjx Companies Inc,80.0,0.2
2022,92,DUK,Duke Energy,80.0,0.2
2022,93,SLB,Schlumberger Limited/Nv,80.0,0.2
2022,94,NOW,ServiceNow,79.0,0.2
2022,95,C,Citigroup,79.0,0.2
2022,96,NOC,Northrop Grumman Corp,78.0,0.2
2022,97,MO,Altria Group,77.0,0.2
2022,98,TGT,Target,76.0,0.2
2022,99,PGR,Progressive Corp/Oh/,76.0,0.2
2022,100,REGN,Regeneron Pharmaceuticals,75.0,0.2
2022,101,VRTX,Vertex Pharmaceuticals Inc / Ma,73.0,0.2
2022,102,BDX,Becton Dickinson,72.0,0.2
2022,103,AMAT,Applied Materials Inc,71.0,0.2
2022,104,MRNA,Moderna,71.0,0.2
2022,105,ADI,Analog Devices,71.0,0.2
2022,106,EOG,Eog Resources,69.0,0.2
2022,107,BSX,Boston Scientific,69.0,0.2
2022,108,APD,Air Products & Chemicals,69.0,0.2
2022,109,USB,Us Bancorp \De\,68.0,0.2
2022,110,GD,General Dynamics,67.0,0.2
2022,111,CP,Canadian Pacific Kansas City Ltd/Cn,67.0,0.2
2022,112,MMM,3M,66.0,0.2
2022,113,EQIX,Equinix,64.0,0.2
2022,114,AON,Aon,64.0,0.2
2022,115,PNC,Pnc Financial Services Group,64.0,0.2
2022,116,PYPL,PayPal Holdings,64.0,0.2
2022,117,ITW,Illinois Tool Works,64.0,0.2
2022,118,CL,Colgate Palmolive,63.0,0.2
2022,119,WM,Waste Management,63.0,0.2
2022,120,MU,Micron Technology,62.0,0.2
2022,121,OXY,Occidental Petroleum Corp,62.0,0.2
2022,122,ZTS,Zoetis,62.0,0.2
2022,123,HUM,Humana,61.0,0.2
2022,124,ETN,Eaton Corp,61.0,0.2
2022,125,CME,Cme Group,60.0,0.2
2022,126,CCI,Crown Castle,59.0,0.2
2022,127,O,Realty Income,59.0,0.2
2022,128,SHW,Sherwin Williams,58.0,0.2
2022,129,BX,Blackstone,58.0,0.2
2022,130,ICE,Intercontinental Exchange,58.0,0.2
2022,131,COF,Capital One Financial,58.0,0.2
2022,132,CSX,Csx,58.0,0.2
2022,133,DG,Dollar General,57.0,0.2
2022,134,SNPS,Synopsys,56.0,0.1
2022,135,LRCX,Lam Research,56.0,0.1
2022,136,SNOW,Snowflake,55.0,0.1
2022,137,NSC,Norfolk Southern,55.0,0.1
2022,138,FCX,Freeport-Mcmoran,55.0,0.1
2022,139,D,Dominion Energy,54.0,0.1
2022,140,EMR,Emerson Electric,54.0,0.1
2022,141,TFC,Truist Financial,54.0,0.1
2022,142,HCA,HCA Healthcare,53.0,0.1
2022,143,MNST,Monster Beverage,53.0,0.1
2022,144,ORLY,O Reilly Automotive,53.0,0.1
2022,145,EPD,Enterprise Products Partners L.P.,52.0,0.1
2022,146,PANW,Palo Alto Networks,52.0,0.1
2022,147,PCAR,Paccar,52.0,0.1
2022,148,AEP,American Electric Power Co,52.0,0.1
2022,149,PLDGP,Prologis,51.0,0.1
2022,150,NEM,NEWMONT Corp,51.0,0.1
2022,151,ABNB,Airbnb,51.0,0.1
2022,152,UBER,Uber Technologies,50.0,0.1
2022,153,KLAC,Kla,49.0,0.1
2022,154,CNTM,ConnectM Technology Solutions,49.0,0.1
2022,155,PSA,Public Storage,49.0,0.1
2022,156,MCO,Moodys Corp,49.0,0.1
2022,157,SRE,Sempra,49.0,0.1
2022,158,KDP,Keurig Dr Pepper,49.0,0.1
2022,159,AJG,Arthur J. Gallagher,48.0,0.1
2022,160,KHC,Kraft Heinz,48.0,0.1
2022,161,HSY,Hershey,47.0,0.1
2022,162,CTAS,Cintas,47.0,0.1
2022,163,MET,Metlife,47.0,0.1
2022,164,SCCO,Southern Copper Corp/,47.0,0.1
2022,165,F,Ford Motor,46.0,0.1
2022,166,INVUP,Investview,46.0,0.1
2022,167,MCK,Mckesson,46.0,0.1
2022,168,BAM,Brookfield Asset Management,46.0,0.1
2022,169,WELL,Welltower,46.0,0.1
2022,170,ADSK,Autodesk,45.0,0.1
2022,171,APH,Amphenol Corp,45.0,0.1
2022,172,SHOP,Shopify,45.0,0.1
2022,173,STZ,Constellation Brands,45.0,0.1
2022,174,ROP,Roper Technologies,45.0,0.1
2022,175,KMB,Kimberly Clark,45.0,0.1
2022,176,ADM,Archer-Daniels-Midland,45.0,0.1
2022,177,PAYX,Paychex,44.0,0.1
2022,178,GIS,General Mills,44.0,0.1
2022,179,EXC,Exelon,44.0,0.1
2022,180,XEL,Xcel Energy,44.0,0.1
2022,181,CDNS,Cadence Design Systems,44.0,0.1
2022,182,DXCM,Dexcom,44.0,0.1
2022,183,FDX,Fedex,43.0,0.1
2022,184,EW,Edwards Lifesciences,43.0,0.1
2022,185,MELI,Mercadolibre,43.0,0.1
2022,186,MSI,Motorola Solutions,43.0,0.1
2022,187,CHTR,"Charter Communications, Inc. /Mo/",43.0,0.1
2022,188,PSX,Phillips 66,42.0,0.1
2022,189,OKE,Oneok Inc /New/,41.0,0.1
2022,190,KKR,KKR & Co.,41.0,0.1
2022,191,ECL,Ecolab,41.0,0.1
2022,192,AZO,Autozone,41.0,0.1
2022,193,BIIB,Biogen,41.0,0.1
2022,194,CRWD,CrowdStrike Holdings,40.0,0.1
2022,195,CNC,Centene,40.0,0.1
2022,196,WMB,Williams Companies,40.0,0.1
2022,197,KMI,Kinder Morgan,40.0,0.1
2022,198,NXPI,NXP Semiconductors N.V.,40.0,0.1
2022,199,RSG,Republic Services,40.0,0.1
2022,200,TRV,Travelers Companies,40.0,0.1
2022,201,MAR,Marriott International Inc /Md/,40.0,0.1
2022,202,WDAY,Workday,40.0,0.1
2022,203,CTVA,Corteva,40.0,0.1
2022,204,JCI,Johnson Controls International,39.0,0.1
2022,205,A,Agilent Technologies,39.0,0.1
2022,206,LHX,"L3Harris Technologies, Inc.",39.0,0.1
2022,207,FANG,Diamondback Energy,38.0,0.1
2022,208,CMG,Chipotle Mexican Grill,38.0,0.1
2022,209,DVN,Devon Energy Corp,38.0,0.1
2022,210,MCHP,Microchip Technology,38.0,0.1
2022,211,APO,Apollo Global Management,38.0,0.1
2022,212,VLO,Valero Energy Corp/Tx,38.0,0.1
2022,213,LULU,lululemon athletica,38.0,0.1
2022,214,XYZ,Block,38.0,0.1
2022,215,TT,Trane Technologies,37.0,0.1
2022,216,ANET,Arista Networks,37.0,0.1
2022,217,PH,Parker-Hannifin,37.0,0.1
2022,218,AFL,Aflac,37.0,0.1
2022,219,SYY,Sysco,37.0,0.1
2022,220,TDG,TransDigm Group,37.0,0.1
2022,221,FTNT,Fortinet,36.0,0.1
2022,222,DOW,Dow,36.0,0.1
2022,223,PCG,Pg&E,36.0,0.1
2022,224,YUM,Yum Brands,35.0,0.1
2022,225,ALL,Allstate,35.0,0.1
2022,226,FIS,Fidelity National Information Services,35.0,0.1
2022,227,ENPH,Enphase Energy,35.0,0.1
2022,228,MRVL,Marvell Technology,35.0,0.1
2022,229,NDAQ,Nasdaq,35.0,0.1
2022,230,VICI,Vici Properties,35.0,0.1
2022,231,PRU,Prudential Financial,35.0,0.1
2022,232,ED,Consolidated Edison,35.0,0.1
2022,233,DLR,Digital Realty Trust,35.0,0.1
2022,234,IQV,Iqvia Holdings,35.0,0.1
2022,235,CARR,Carrier Global,34.0,0.1
2022,236,MPC,Marathon Petroleum,34.0,0.1
2022,237,MSCI,Msci,34.0,0.1
2022,238,WCN,Waste Connections,34.0,0.1
2022,239,AIG,American International Group,34.0,0.1
2022,240,TEAM,Atlassian,34.0,0.1
2022,241,TEL,TE Connectivity,34.0,0.1
2022,242,CMI,Cummins,34.0,0.1
2022,243,MPLX,Mplx,33.0,0.1
2022,244,HAL,Halliburton,33.0,0.1
2022,245,BF-A,Brown Forman,33.0,0.1
2022,246,IDXX,Idexx Laboratories Inc,32.0,0.1
2022,247,SCHW-PJ,Schwab Charles,32.0,0.1
2022,248,IEP,Icahn Enterprises L.P.,32.0,0.1
2022,249,COR,Cencora,32.0,0.1
2022,250,LVS,Las Vegas Sands,32.0,0.1
2022,251,AME,Ametek Inc/,32.0,0.1
2022,252,CSGP,Costar Group,32.0,0.1
2022,253,ALNY,Alnylam Pharmaceuticals,32.0,0.1
2022,254,LNG,Cheniere Energy,32.0,0.1
2022,255,ES,Eversource Energy,32.0,0.1
2022,256,BK,Bank of New York Mellon,31.0,0.1
2022,257,ODFL,Old Dominion Freight Line,31.0,0.1
2022,258,DLTR,Dollar Tree,31.0,0.1
2022,259,EXR,Extra Space Storage,31.0,0.1
2022,260,PEG,Public Service Enterprise Group,31.0,0.1
2022,261,EA,Electronic Arts,31.0,0.1
2022,262,WEC,Wec Energy Group,31.0,0.1
2022,263,CEG,Constellation Energy,31.0,0.1
2022,264,ROST,Ross Stores,30.0,0.1
2022,265,NUE,Nucor,30.0,0.1
2022,266,OTIS,Otis Worldwide,30.0,0.1
2022,267,GM,General Motors,30.0,0.1
2022,268,RMD,Resmed,30.0,0.1
2022,269,ILMN,Illumina,30.0,0.1
2022,270,KEYS,Keysight Technologies,30.0,0.1
2022,271,SBAC,Sba Communications,30.0,0.1
2022,272,AWK,American Water Works Company,30.0,0.1
2022,273,KR,Kroger,29.0,0.1
2022,274,MTD,Mettler Toledo International Inc/,29.0,0.1
2022,275,BKR,Baker Hughes,29.0,0.1
2022,276,AMP,Ameriprise Financial,29.0,0.1
2022,277,ROK,Rockwell Automation,29.0,0.1
2022,278,HLT,Hilton Worldwide Holdings,29.0,0.1
2022,279,MBLY,Mobileye Global,29.0,0.1
2022,280,AMCCF,Amcor,28.0,0.1
2022,281,PPG,Ppg Industries,28.0,0.1
2022,282,CQP,"Cheniere Energy Partners, L.P.",28.0,0.1
2022,283,VEEV,Veeva Systems,27.0,0.1
2022,284,GLW,Corning Inc /Ny,27.0,0.1
2022,285,CPRT,Copart,27.0,0.1
2022,286,CTSH,Cognizant Technology Solutions,27.0,0.1
2022,287,FITB,Fifth Third Ban,27.0,0.1
2022,288,FAST,Fastenal,27.0,0.1
2022,289,XYL,Xylem,27.0,0.1
2022,290,CPNG,Coupang,27.0,0.1
2022,291,LYB,LyondellBasell Industries N.V.,27.0,0.1
2022,292,IFF,International Flavors & Fragrances,27.0,0.1
2022,293,GEHC,GE HealthCare Technologies,27.0,0.1
2022,294,CRH,Crh Public Ltd,27.0,0.1
2022,295,DELL,Dell Technologies,26.0,0.1
2022,296,HBAN,Huntington Bancshares Inc /Md/,26.0,0.1
2022,297,GWW,W.W. Grainger,26.0,0.1
2022,298,BAX,Baxter International,26.0,0.1
2022,299,DDOG,Datadog,26.0,0.1
2022,300,HRL,Hormel Foods Corp,26.0,0.1
2022,301,ALB,Albemarle,26.0,0.1
2022,302,HPQ,Hp,25.0,0.1
2022,303,DHI,Horton D R Inc,25.0,0.1
2022,304,AGNCL,AGNC Investment,25.0,0.1
2022,305,ZBH,Zimmer Biomet Holdings,25.0,0.1
2022,306,ARE,Alexandria Real Estate Equities,25.0,0.1
2022,307,TSCO,Tractor Supply Co,25.0,0.1
2022,308,ZS,Zscaler,25.0,0.1
2022,309,EG,Everest Group,25.0,0.1
2022,310,AEE,Ameren,25.0,0.1
2022,311,ON,On Semiconductor,25.0,0.1
2022,312,ZM,Zoom Communications,25.0,0.1
2022,313,FERG,Ferguson Enterprises Inc.,25.0,0.1
2022,314,EIX,Edison International,24.0,0.1
2022,315,DTE,Dte Energy,24.0,0.1
2022,316,OMC,Omnicom Group,24.0,0.1
2022,317,FE,Firstenergy,24.0,0.1
2022,318,IMO,Imperial Oil,24.0,0.1
2022,319,GPC,Genuine Parts,24.0,0.1
2022,320,TROW,Price T Rowe Group,24.0,0.1
2022,321,TFC-PR,Truist Financial,24.0,0.1
2022,322,ETR,Entergy Corp,24.0,0.1
2022,323,WBD,Warner Bros. Discovery,24.0,0.1
2022,324,GPN,Global Payments,24.0,0.1
2022,325,FLUT,Flutter Entertainment,23.0,0.1
2022,326,K,Kellanova,23.0,0.1
2022,327,RIVN,"Rivian Automotive, Inc. / DE",23.0,0.1
2022,328,EFX,Equifax,23.0,0.1
2022,329,WTW,Willis Towers Watson,23.0,0.1
2022,330,VRSK,Verisk Analytics,23.0,0.1
2022,331,CDW,Cdw,23.0,0.1
2022,332,MKC,Mccormick & Co,23.0,0.1
2022,333,VMC,Vulcan Materials,23.0,0.1
2022,334,HEI,Heico,23.0,0.1
2022,335,FTV,Fortive,23.0,0.1
2022,336,CBRE,Cbre Group,23.0,0.1
2022,337,AVB,Avalonbay Communities,23.0,0.1
2022,338,IT,Gartner,23.0,0.1
2022,339,EXE,Expand Energy,22.0,0.1
2022,340,QSR,Restaurant Brands International,22.0,0.1
2022,341,LCID,Lucid Group,22.0,0.1
2022,342,AILIP,Ameren Illinois,22.0,0.1
2022,343,WY,Weyerhaeuser,22.0,0.1
2022,344,URI,United Rentals,22.0,0.1
2022,345,ACGL,Arch Capital Group,22.0,0.1
2022,346,EQR,Equity Residential,22.0,0.1
2022,347,PPL,Ppl,22.0,0.1
2022,348,AMC,Amc Entertainment Holdings,22.0,0.1
2022,349,IP,International Paper Co /New/,22.0,0.1
2022,350,MTB,M&T Bank,22.0,0.1
2022,351,STT,State Street,22.0,0.1
2022,352,DAL,Delta Air Lines,22.0,0.1
2022,353,ARES,Ares Management,21.0,0.1
2022,354,PWR,Quanta Services,21.0,0.1
2022,355,AILIH,Ameren Illinois,21.0,0.1
2022,356,TTD,Trade Desk,21.0,0.1
2022,357,DASH,DoorDash,21.0,0.1
2022,358,VTR,Ventas,21.0,0.1
2022,359,EQT,Eqt,21.0,0.1
2022,360,RJF,Raymond James Financial,21.0,0.1
2022,361,HIG,Hartford Insurance Group,21.0,0.1
2022,362,LH,Labcorp Holdings,21.0,0.1
2022,363,PODD,Insulet,21.0,0.1
2022,364,AES,Aes,21.0,0.1
2022,365,IR,Ingersoll Rand,20.0,0.1
2022,366,WAT,Waters Corp,20.0,0.1
2022,367,RBLX,Roblox,20.0,0.1
2022,368,CINF,Cincinnati Financial,20.0,0.1
2022,369,MLM,Martin Marietta Materials,20.0,0.1
2022,370,CNH,CNH Industrial N.V.,20.0,0.1
2022,371,BMRN,Biomarin Pharmaceutical,20.0,0.1
2022,372,APTV,Aptiv,20.0,0.1
2022,373,SIRI,Sirius Xm Holdings,20.0,0.1
2022,374,CNP,Centerpoint Energy,20.0,0.1
2022,375,CMS,Cms Energy,19.0,0.1
2022,376,YUMC,Yum China Holdings,19.0,0.1
2022,377,TTWO,Take Two Interactive Software,19.0,0.1
2022,378,WRB,Berkley W R,19.0,0.1
2022,379,CHD,Church & Dwight Co Inc,19.0,0.1
2022,380,BRO,Brown & Brown,19.0,0.1
2022,381,KEY,Keycorp /New/,19.0,0.0
2022,382,VRSN,Verisign Inc/Ca,19.0,0.0
2022,383,HPE,Hewlett Packard Enterprise,19.0,0.0
2022,384,ATO,Atmos Energy,19.0,0.0
2022,385,CTRA,Coterra Energy,19.0,0.0
2022,386,RF,Regions Financial,19.0,0.0
2022,387,EBAY,Ebay,18.0,0.0
2022,388,MAA,Mid America Apartment Communities,18.0,0.0
2022,389,DOV,Dover,18.0,0.0
2022,390,ULTA,Ulta Beauty,18.0,0.0
2022,391,MKL,Markel Group,18.0,0.0
2022,392,PFG,Principal Financial Group,18.0,0.0
2022,393,STE,Steris,18.0,0.0
2022,394,CAH,Cardinal Health,18.0,0.0
2022,395,INVH,Invitation Homes,18.0,0.0
2022,396,GRMN,Garmin,18.0,0.0
2022,397,CAG,Conagra Brands,18.0,0.0
2022,398,DUKB,Duke Energy,18.0,0.0
2022,399,EPAM,EPAM Systems,18.0,0.0
2022,400,ROL,Rollins,18.0,0.0
2022,401,SUI,Sun Communities,18.0,0.0
2022,402,DOC,Healthpeak Properties,17.0,0.0
2022,403,MPWR,Monolithic Power Systems,17.0,0.0
2022,404,LPLA,LPL Financial Holdings,17.0,0.0
2022,405,RPRX,Royalty Pharma,17.0,0.0
2022,406,PLUG,Plug Power,17.0,0.0
2022,407,DGX,Quest Diagnostics,17.0,0.0
2022,408,SEDG,Solaredge Technologies,17.0,0.0
2022,409,DRI,Darden Restaurants,17.0,0.0
2022,410,CLX,Clorox Co,17.0,0.0
2022,411,IEX,Idex Corp,17.0,0.0
2022,412,WAB,Westinghouse Air Brake Technologies,17.0,0.0
2022,413,WST,West Pharmaceutical Services,17.0,0.0
2022,414,FDS,Factset Research Systems,17.0,0.0
2022,415,HOLX,Hologic,17.0,0.0
2022,416,LUV,Southwest Airlines,17.0,0.0
2022,417,APA,Apa,17.0,0.0
2022,418,CFG,Citizens Financial Group Inc/Ri,17.0,0.0
2022,419,UI,Ubiquiti,17.0,0.0
2022,420,JBHT,Hunt J B Transport Services,16.0,0.0
2022,421,WPC,W. P. Carey,16.0,0.0
2022,422,NTRS,Northern Trust,16.0,0.0
2022,423,CHWY,Chewy,16.0,0.0
2022,424,LYV,Live Nation Entertainment,16.0,0.0
2022,425,FSLR,First Solar,16.0,0.0
2022,426,SJM,J M Smucker,16.0,0.0
2022,427,INCY,Incyte,16.0,0.0
2022,428,NET,Cloudflare,16.0,0.0
2022,429,PAYC,Paycom Software,16.0,0.0
2022,430,HWM,Howmet Aerospace,16.0,0.0
2022,431,TRGP,Targa Resources,16.0,0.0
2022,432,CPB,Campbell's,16.0,0.0
2022,433,TDY,Teledyne Technologies,16.0,0.0
2022,434,BR,Broadridge Financial Solutions,16.0,0.0
2022,435,TYL,Tyler Technologies,16.0,0.0
2022,436,PINS,Pinterest,15.0,0.0
2022,437,PLTR,Palantir Technologies,15.0,0.0
2022,438,NLY,Annaly Capital Management,15.0,0.0
2022,439,J,Jacobs Solutions,15.0,0.0
2022,440,HUBS,Hubspot,15.0,0.0
2022,441,SNAP,Snap,15.0,0.0
2022,442,ALGN,Align Technology,15.0,0.0
2022,443,IRM,Iron Mountain,15.0,0.0
2022,444,GLPI,Gaming & Leisure Properties,15.0,0.0
2022,445,MDB,MongoDB,15.0,0.0
2022,446,EVRG,Evergy,15.0,0.0
2022,447,BBY,Best Buy Co,14.0,0.0
2022,448,LNT,Alliant Energy,14.0,0.0
2022,449,AVTR,Avantor,14.0,0.0
2022,450,KIM,Kimco Realty,14.0,0.0
2022,451,PTC,Ptc,14.0,0.0
2022,452,STLD,Steel Dynamics,14.0,0.0
2022,453,FICO,Fair Isaac,14.0,0.0
2022,454,MOS,Mosaic,14.0,0.0
2022,455,AVY,Avery Dennison,14.0,0.0
2022,456,EXPD,Expeditors International Of Washington,14.0,0.0
2022,457,NTAP,NetApp,14.0,0.0
2022,458,TW,Tradeweb Markets,14.0,0.0
2022,459,ZBRA,Zebra Technologies,14.0,0.0
2022,460,BEN,Franklin Resources,14.0,0.0
2022,461,SWKS,Skyworks Solutions,14.0,0.0
2022,462,TER,Teradyne,14.0,0.0
2022,463,LKQ,Lkq,14.0,0.0
2022,464,ESS,Essex Property Trust,14.0,0.0
2022,465,BALL,Ball,14.0,0.0
2022,466,SRPT,Sarepta Therapeutics,14.0,0.0
2022,467,OVV,Ovintiv,14.0,0.0
2022,468,CNLHN,Connecticut Light & Power,14.0,0.0
2022,469,WTRG,Essential Utilities,14.0,0.0
2022,470,COO,Cooper Companies,13.0,0.0
2022,471,RVTY,Revvity,13.0,0.0
2022,472,RCL,Royal Caribbean Cruises,13.0,0.0
2022,473,AXON,Axon Enterprise,13.0,0.0
2022,474,LDOS,Leidos Holdings,13.0,0.0
2022,475,ARCC,Ares Capital,13.0,0.0
2022,476,RPM,Rpm International Inc,13.0,0.0
2022,477,CF,CF Industries Holdings,13.0,0.0
2022,478,CBOE,Cboe Global Markets,13.0,0.0
2022,479,NI,Nisource,13.0,0.0
2022,480,WLK,Westlake,13.0,0.0
2022,481,TECH,Bio-Techne,13.0,0.0
2022,482,FOXA,Fox,13.0,0.0
2022,483,VTRS,Viatris,13.0,0.0
2022,484,NVR,Nvr,13.0,0.0
2022,485,GEN,Gen Digital,13.0,0.0
2022,486,UDR,Udr,13.0,0.0
2022,487,BAH,Booz Allen Hamilton Holding,13.0,0.0
2022,488,GME,GameStop,13.0,0.0
2022,489,JKHY,Jack Henry & Associates,13.0,0.0
2022,490,SSNC,SS&C Technologies Holdings,13.0,0.0
2022,491,ELS,Equity Lifestyle Properties,13.0,0.0
2022,492,HUBB,Hubbell,12.0,0.0
2022,493,REXR,Rexford Industrial Realty,12.0,0.0
2022,494,U,Unity Software,12.0,0.0
2022,495,CPAY,Corpay,12.0,0.0
2022,496,TXT,Textron,12.0,0.0
2022,497,CCL,Carnival,12.0,0.0
2022,498,AKAM,Akamai Technologies,12.0,0.0
2022,499,UAL,United Airlines Holdings,12.0,0.0
2022,500,FOX,Fox,12.0,0.0
2022,501,IPG,Interpublic Group Of Companies,12.0,0.0
2022,502,FREJP,Federal Home Loan Mortgage,12.0,0.0
2022,503,NFE,New Fortress Energy,12.0,0.0
2022,504,L,Loews,12.0,0.0
2022,505,NBIX,Neurocrine Biosciences,12.0,0.0
2022,506,LW,Lamb Weston Holdings,12.0,0.0
2022,507,DD,DuPont de Nemours,12.0,0.0
2022,508,AA,Alcoa,12.0,0.0
2022,509,UTHR,United Therapeutics,12.0,0.0
2022,510,ACI,Albertsons Companies,12.0,0.0
2022,511,AGNC,AGNC Investment,12.0,0.0
2022,512,SNA,Snap-on,12.0,0.0
2022,513,UHAL,U-Haul Holding Co /NV/,12.0,0.0
2022,514,FHN,First Horizon,12.0,0.0
2022,515,DPZ,Dominos Pizza,12.0,0.0
2022,516,TRMB,Trimble,12.0,0.0
2022,517,SWK,Stanley Black & Decker,12.0,0.0
2022,518,STX,Seagate Technology Holdings,12.0,0.0
2022,519,BSY,Bentley Systems,12.0,0.0
2022,520,DT,Dynatrace,12.0,0.0
2022,521,ETSY,Etsy,12.0,0.0
2022,522,ERIE,Erie Indemnity,11.0,0.0
2022,523,CNA,Cna Financial,11.0,0.0
2022,524,REG,Regency Centers,11.0,0.0
2022,525,AFG,American Financial Group,11.0,0.0
2022,526,CPT,Camden Property Trust,11.0,0.0
2022,527,BIO,Bio-Rad Laboratories,11.0,0.0
2022,528,CE,Celanese,11.0,0.0
2022,529,GL,Globe Life,11.0,0.0
2022,530,GGG,Graco,11.0,0.0
2022,531,SYF,Synchrony Financial,11.0,0.0
2022,532,HST,Host Hotels & Resorts,11.0,0.0
2022,533,TFX,Teleflex,11.0,0.0
2022,534,POOL,Pool,11.0,0.0
2022,535,AMH,American Homes 4 Rent,11.0,0.0
2022,536,TRU,TransUnion,11.0,0.0
2022,537,ACM,Aecom,11.0,0.0
2022,538,CHRW,C. H. Robinson Worldwide,11.0,0.0
2022,539,BILL,BILL Holdings,11.0,0.0
2022,540,VFC,V F,11.0,0.0
2022,541,ARMK,Aramark,11.0,0.0
2022,542,RBA,Rb Global,11.0,0.0
2022,543,CG,Carlyle Group,11.0,0.0
2022,544,BXP,Bxp,11.0,0.0
2022,545,EXPE,Expedia Group,11.0,0.0
2022,546,CRL,Charles River Laboratories International,11.0,0.0
2022,547,TOST,Toast,11.0,0.0
2022,548,WES,Western Midstream Partners,11.0,0.0
2022,549,DECK,Deckers Outdoor,11.0,0.0
2022,550,TEVA,Teva Pharmaceutical Industries,10.0,0.0
2022,551,RS,Reliance,10.0,0.0
2022,552,PCTY,Paylocity Holding,10.0,0.0
2022,553,TEVJF,Teva Pharmaceutical Industries,10.0,0.0
2022,554,DAY,Dayforce,10.0,0.0
2022,555,FNF,Fidelity National Financial,10.0,0.0
2022,556,NWSA,News,10.0,0.0
2022,557,TTC,Toro,10.0,0.0
2022,558,WSO,Watsco,10.0,0.0
2022,559,ENO,Entergy New Orleans,10.0,0.0
2022,560,WDC,Western Digital,10.0,0.0
2022,561,GMED,Globus Medical,10.0,0.0
2022,562,PSTG,Pure Storage,10.0,0.0
2022,563,AGCO,Agco Corp,10.0,0.0
2022,564,BJ,BJ's Wholesale Club Holdings,10.0,0.0
2022,565,GDDY,GoDaddy,10.0,0.0
2022,566,ENTG,Entegris,10.0,0.0
2022,567,OKTA,Okta,10.0,0.0
2022,568,JAZZ,Jazz Pharmaceuticals,10.0,0.0
2022,569,MKTX,Marketaxess Holdings,10.0,0.0
2022,570,KMX,Carmax,10.0,0.0
2022,571,TAP,Molson Coors Beverage,10.0,0.0
2022,572,FLEX,Flex,10.0,0.0
2022,573,DINO,HF Sinclair,10.0,0.0
2022,574,DKS,Dick's Sporting Goods,10.0,0.0
2022,575,RGA,Reinsurance Group Of America,10.0,0.0
2022,576,MTCH,Match Group,10.0,0.0
2022,577,SCI,Service Corp International,10.0,0.0
2022,578,AR,Antero Resources,10.0,0.0
2022,579,LAMR,Lamar Advertising Co,10.0,0.0
2022,580,RGLD,Royal Gold,10.0,0.0
2022,581,RGEN,Repligen,10.0,0.0
2022,582,BNED,Barnes & Noble Education,10.0,0.0
2022,583,CRBG,Corebridge Financial,9.0,0.0
2022,584,EXAS,Exact Sciences,9.0,0.0
2022,585,DOCU,Docusign,9.0,0.0
2022,586,BWA,Borgwarner,9.0,0.0
2022,587,MAS,Masco Corp,9.0,0.0
2022,588,CCK,Crown Holdings,9.0,0.0
2022,589,COIN,Coinbase Global,9.0,0.0
2022,590,RKT,Rocket Companies,9.0,0.0
2022,591,GTM,ZoomInfo Technologies,9.0,0.0
2022,592,ELC,Entergy Louisiana,9.0,0.0
2022,593,CUBE,CubeSmart,9.0,0.0
2022,594,HSIC,Henry Schein,9.0,0.0
2022,595,LOGI,Logitech International S.A.,9.0,0.0
2022,596,PFGC,Performance Food Group,9.0,0.0
2022,597,EWBC,East West Bancorp,9.0,0.0
2022,598,PNW,Pinnacle West Capital,9.0,0.0
2022,599,HII,Huntington Ingalls Industries,9.0,0.0
2022,600,ALLE,Allegion,9.0,0.0
2022,601,FCNCA,First Citizens Bancshares Inc,9.0,0.0
2022,602,LSCC,Lattice Semiconductor,9.0,0.0
2022,603,AAP,Advance Auto Parts,9.0,0.0
2022,604,COLB,Columbia Banking System,9.0,0.0
2022,605,PHM,Pultegroup Inc/Mi/,9.0,0.0
2022,606,BURL,Burlington Stores,9.0,0.0
2022,607,PEN,Penumbra,9.0,0.0
2022,608,FRT,Federal Realty Investment Trust,9.0,0.0
2022,609,NNN,Nnn Reit,9.0,0.0
2022,610,CASY,Caseys General Stores,9.0,0.0
2022,611,UHS,Universal Health Services,9.0,0.0
2022,612,MGM,MGM Resorts International,9.0,0.0
2022,613,JEF,Jefferies Financial Group,9.0,0.0
2022,614,CMA,Comerica Inc /New/,9.0,0.0
2022,615,ADC,Agree Realty,9.0,0.0
2022,616,KNX,Knight-Swift Transportation Holdings,9.0,0.0
2022,617,WYNN,Wynn Resorts,9.0,0.0
2022,618,CZR,Caesars Entertainment,8.0,0.0
2022,619,CFR,Cullen/Frost Bankers,8.0,0.0
2022,620,WHR,Whirlpool Corp,8.0,0.0
2022,621,AAL,American Airlines Group,8.0,0.0
2022,622,QRVO,Qorvo,8.0,0.0
2022,623,NVCR,NovoCure,8.0,0.0
2022,624,LII,Lennox International,8.0,0.0
2022,625,PAA,Plains All American Pipeline,8.0,0.0
2022,626,FFIV,F5,8.0,0.0
2022,627,OHI,Omega Healthcare Investors,8.0,0.0
2022,628,FIVE,Five Below,8.0,0.0
2022,629,MORN,Morningstar,8.0,0.0
2022,630,GTLB,Gitlab,8.0,0.0
2022,631,HAS,Hasbro,8.0,0.0
2022,632,SNX,Td Synnex,8.0,0.0
2022,633,WSC,WillScot Holdings,8.0,0.0
2022,634,WSM,Williams Sonoma,8.0,0.0
2022,635,OGE,Oge Energy,8.0,0.0
2022,636,COLD,Americold Realty Trust,8.0,0.0
2022,637,CUE,Cue Biopharma,8.0,0.0
2022,638,RNR,Renaissancere Holdings,8.0,0.0
2022,639,EQH,Equitable Holdings,8.0,0.0
2022,640,AMH-PG,American Homes 4 Rent,8.0,0.0
2022,641,IVZ,Invesco,8.0,0.0
2022,642,CGC,Canopy Growth,8.0,0.0
2022,643,RRX,Regal Rexnord,8.0,0.0
2022,644,UGI,Ugi Corp /Pa/,8.0,0.0
2022,645,EGP,Eastgroup Properties,8.0,0.0
2022,646,CELH,Celsius Holdings,8.0,0.0
2022,647,LECO,Lincoln Electric Holdings,8.0,0.0
2022,648,CHDN,Churchill Downs,8.0,0.0
2022,649,G,Genpact,8.0,0.0
2022,650,SBET,SharpLink Gaming,8.0,0.0
2022,651,VST,Vistra,8.0,0.0
2022,652,MTN,Vail Resorts,8.0,0.0
2022,653,CBSH,Commerce Bancshares Inc /Mo/,8.0,0.0
2022,654,MASI,Masimo,8.0,0.0
2022,655,TPR,Tapestry,8.0,0.0
2022,656,S,SentinelOne,8.0,0.0
2022,657,FND,Floor & Decor Holdings,8.0,0.0
2022,658,CFLT,Confluent,8.0,0.0
2022,659,JBL,Jabil,8.0,0.0
2022,660,WBS,Webster Financial,8.0,0.0
2022,661,ZG,Zillow Group,8.0,0.0
2022,662,PAG,Penske Automotive Group,8.0,0.0
2022,663,ALSN,Allison Transmission Holdings,8.0,0.0
2022,664,NOV,Nov,8.0,0.0
2022,665,COTY,Coty,8.0,0.0
2022,666,SSB,SouthState,8.0,0.0
2022,667,ALLY,Ally Financial,8.0,0.0
2022,668,PSEC-PA,Prospect Capital,8.0,0.0
2022,669,USFD,US Foods Holding,7.0,0.0
2022,670,ACHC,Acadia Healthcare Company,7.0,0.0
2022,671,TWLO,Twilio,7.0,0.0
2022,672,UP,Wheels Up Experience,7.0,0.0
2022,673,CNXC,Concentrix,7.0,0.0
2022,674,JLL,Jones Lang Lasalle,7.0,0.0
2022,675,RHI,Robert Half,7.0,0.0
2022,676,OTEX,Open Text,7.0,0.0
2022,677,SEE,Sealed Air Corp,7.0,0.0
2022,678,HOOD,Robinhood Markets,7.0,0.0
2022,679,PNR,Pentair,7.0,0.0
2022,680,WH,Wyndham Hotels & Resorts,7.0,0.0
2022,681,OGN,Organon,7.0,0.0
2022,682,IBKR,Interactive Brokers Group,7.0,0.0
2022,683,MANH,Manhattan Associates,7.0,0.0
2022,684,INSP,Inspire Medical Systems,7.0,0.0
2022,685,HE,Hawaiian Electric Industries,7.0,0.0
2022,686,ZION,"Zions Bancorporation, National Association /Ut/",7.0,0.0
2022,687,SGI,Somnigroup International,7.0,0.0
2022,688,OWL,Blue Owl Capital,7.0,0.0
2022,689,PCOR,Procore Technologies,7.0,0.0
2022,690,MTDR,Matador Resources,7.0,0.0
2022,691,IOT,Samsara,7.0,0.0
2022,692,ATR,Aptargroup,7.0,0.0
2022,693,ITT,Itt,7.0,0.0
2022,694,PR,Permian Resources,7.0,0.0
2022,695,CHE,Chemed,7.0,0.0
2022,696,SEIC,Sei Investments,7.0,0.0
2022,697,BLDR,Builders FirstSource,7.0,0.0
2022,698,BRX,Brixmor Property Group,7.0,0.0
2022,699,ONB,Old National Bancorp /In/,7.0,0.0
2022,700,SM,SM Energy,7.0,0.0
2022,701,ST,Sensata Technologies Holding,7.0,0.0
2022,702,ADT,Adt,7.0,0.0
2022,703,CHPT,ChargePoint Holdings,7.0,0.0
2022,704,FBIN,Fortune Brands Innovations,7.0,0.0
2022,705,CIEN,Ciena,7.0,0.0
2022,706,RBC,RBC Bearings,7.0,0.0
2022,707,OC,Owens Corning,7.0,0.0
2022,708,CPRI,Capri Holdings,7.0,0.0
2022,709,TTEK,Tetra Tech,7.0,0.0
2022,710,STWD,Starwood Property Trust,7.0,0.0
2022,711,PB,Prosperity Bancshares,7.0,0.0
2022,712,HALO,Halozyme Therapeutics,7.0,0.0
2022,713,UNM,Unum Group,7.0,0.0
2022,714,DLB,Dolby Laboratories,7.0,0.0
2022,715,HR,Healthcare Realty Trust,7.0,0.0
2022,716,KBR,Kbr,7.0,0.0
2022,717,PCVX,Vaxcyte,7.0,0.0
2022,718,MDGL,Madrigal Pharmaceuticals,7.0,0.0
2022,719,ASH,Ashland,7.0,0.0
2022,720,ESTC,Elastic N.V.,7.0,0.0
2022,721,MPW,Medical Properties Trust,7.0,0.0
2022,722,DCI,DONALDSON Co,7.0,0.0
2022,723,MTZ,Mastec,7.0,0.0
2022,724,SYM,Symbotic,7.0,0.0
2022,725,CACI,Caci International Inc,7.0,0.0
2022,726,APLS,Apellis Pharmaceuticals,7.0,0.0
2022,727,EME,EMCOR Group,7.0,0.0
2022,728,XIFR,XPLR Infrastructure,7.0,0.0
2022,729,COHR,Coherent,7.0,0.0
2022,730,HQY,Healthequity,7.0,0.0
2022,731,GPK,Graphic Packaging Holding,7.0,0.0
2022,732,VMI,Valmont Industries,6.0,0.0
2022,733,RL,Ralph Lauren,6.0,0.0
2022,734,WAL,Western Alliance Ban,6.0,0.0
2022,735,GBCI,Glacier Bancorp,6.0,0.0
2022,736,AXTA,Axalta Coating Systems,6.0,0.0
2022,737,FR,First Industrial Realty Trust,6.0,0.0
2022,738,PTEN,Patterson Uti Energy,6.0,0.0
2022,739,FYBR,Frontier Communications Parent,6.0,0.0
2022,740,WMS,Advanced Drainage Systems,6.0,0.0
2022,741,XRAY,Dentsply Sirona,6.0,0.0
2022,742,SF,Stifel Financial,6.0,0.0
2022,743,UMBF,Umb Financial,6.0,0.0
2022,744,MIDD,Middleby,6.0,0.0
2022,745,REYN,Reynolds Consumer Products,6.0,0.0
2022,746,LEA,Lear,6.0,0.0
2022,747,LEVI,Levi Strauss,6.0,0.0
2022,748,MHK,Mohawk Industries,6.0,0.0
2022,749,DOCS,Doximity,6.0,0.0
2022,750,PLNT,Planet Fitness,6.0,0.0
2022,751,IONS,Ionis Pharmaceuticals,6.0,0.0
2022,752,BOKF,Bok Financial,6.0,0.0
2022,753,NVT,nVent Electric,6.0,0.0
2022,754,AIZ,Assurant,6.0,0.0
2022,755,TXRH,Texas Roadhouse,6.0,0.0
2022,756,INGR,Ingredion,6.0,0.0
2022,757,STAG,STAG Industrial,6.0,0.0
2022,758,DBC,Invesco DB Commodity Index Tracking Fund,6.0,0.0
2022,759,MUR,Murphy Oil,6.0,0.0
2022,760,CW,Curtiss Wright,6.0,0.0
2022,761,NRG,Nrg Energy,6.0,0.0
2022,762,ACGLN,Arch Capital Group,6.0,0.0
2022,763,ELAN,Elanco Animal Health,6.0,0.0
2022,764,FLO,Flowers Foods,6.0,0.0
2022,765,OLN,Olin,6.0,0.0
2022,766,KNSL,Kinsale Capital Group,6.0,0.0
2022,767,SON,Sonoco Products,6.0,0.0
2022,768,CLH,Clean Harbors,6.0,0.0
2022,769,NFG,National Fuel Gas,6.0,0.0
2022,770,ROKU,Roku,6.0,0.0
2022,771,NE,Noble Corp,6.0,0.0
2022,772,TPL,Texas Pacific Land,6.0,0.0
2022,773,MEDP,Medpace Holdings,6.0,0.0
2022,774,RLI,Rli,6.0,0.0
2022,775,TRNO,Terreno Realty,6.0,0.0
2022,776,EHC,Encompass Health,6.0,0.0
2022,777,AMKR,Amkor Technology,6.0,0.0
2022,778,IDA,Idacorp,6.0,0.0
2022,779,SOFI,SoFi Technologies,6.0,0.0
2022,780,RRC,Range Resources,6.0,0.0
2022,781,GNRC,Generac Holdings,6.0,0.0
2022,782,GNTX,Gentex,6.0,0.0
2022,783,ORI,Old Republic International,6.0,0.0
2022,784,LNC,Lincoln National,6.0,0.0
2022,785,HLI,Houlihan Lokey,6.0,0.0
2022,786,PII,Polaris,6.0,0.0
2022,787,CAR,Avis Budget Group,6.0,0.0
2022,788,ARWR,Arrowhead Pharmaceuticals,6.0,0.0
2022,789,AYI,Acuity Inc. (De),6.0,0.0
2022,790,OBDC,Blue Owl Capital,6.0,0.0
2022,791,WWD,Woodward,6.0,0.0
2022,792,ALV,Autoliv,6.0,0.0
2022,793,POR,Portland General Electric Co /Or/,6.0,0.0
2022,794,MKSI,Mks,6.0,0.0
2022,795,NTRA,Natera,6.0,0.0
2022,796,WTFC,Wintrust Financial,6.0,0.0
2022,797,PPC,Pilgrims Pride,6.0,0.0
2022,798,UBSI,United Bankshares Inc/Wv,6.0,0.0
2022,799,PRMB,Primo Brands,6.0,0.0
2022,800,RUN,Sunrun,6.0,0.0
2022,801,CYTK,Cytokinetics,6.0,0.0
2022,802,EXLS,ExlService Holdings,6.0,0.0
2022,803,DTM,DT Midstream,6.0,0.0
2022,804,SAIA,Saia,6.0,0.0
2022,805,NCLH,Norwegian Cruise Line Holdings,6.0,0.0
2022,806,ROIV,Roivant Sciences,6.0,0.0
2022,807,LSTR,Landstar System,6.0,0.0
2022,808,CWAN,Clearwater Analytics Holdings,6.0,0.0
2022,809,ENSG,Ensign Group,6.0,0.0
2022,810,M,Macy's,6.0,0.0
2022,811,LFUS,Littelfuse Inc,6.0,0.0
2022,812,OSK,Oshkosh,6.0,0.0
2022,813,NVST,Envista Holdings,6.0,0.0
2022,814,GTLS,Chart Industries,6.0,0.0
2022,815,BLCO,Bausch & Lomb,6.0,0.0
2022,816,NOVT,Novanta,5.0,0.0
2022,817,NWL,Newell Brands,5.0,0.0
2022,818,SLGN,Silgan Holdings,5.0,0.0
2022,819,CMC,Commercial Metals,5.0,0.0
2022,820,CROX,Crocs,5.0,0.0
2022,821,IRDM,Iridium Communications,5.0,0.0
2022,822,WCC,Wesco International,5.0,0.0
2022,823,TXNM,Txnm Energy,5.0,0.0
2022,824,MZTI,Marzetti,5.0,0.0
2022,825,FAF,First American Financial,5.0,0.0
2022,826,BE,Bloom Energy,5.0,0.0
2022,827,RYAN,Ryan Specialty Holdings,5.0,0.0
2022,828,CLVT,Clarivate,5.0,0.0
2022,829,NXST,Nexstar Media Group,5.0,0.0
2022,830,BWXT,BWX Technologies,5.0,0.0
2022,831,FIVN,Five9,5.0,0.0
2022,832,BKH,Black Hills Corp /Sd/,5.0,0.0
2022,833,TKO,TKO Group Holdings,5.0,0.0
2022,834,ORA,Ormat Technologies,5.0,0.0
2022,835,FLR,Fluor,5.0,0.0
2022,836,DBX,Dropbox,5.0,0.0
2022,837,NYT,New York Times,5.0,0.0
2022,838,VRT,Vertiv Holdings,5.0,0.0
2022,839,LUMN,Lumen Technologies,5.0,0.0
2022,840,IBRX,ImmunityBio,5.0,0.0
2022,841,MAT,Mattel Inc,5.0,0.0
2022,842,CHH,Choice Hotels International Inc,5.0,0.0
2022,843,MUSA,Murphy USA,5.0,0.0
2022,844,RHP,Ryman Hospitality Properties,5.0,0.0
2022,845,WMG,Warner Music Group,5.0,0.0
2022,846,AM,Antero Midstream,5.0,0.0
2022,847,CACC,Credit Acceptance,5.0,0.0
2022,848,OLED,Universal Display Corp \Pa\,5.0,0.0
2022,849,EPRT,Essential Properties Realty Trust,5.0,0.0
2022,850,CWST,Casella Waste Systems,5.0,0.0
2022,851,DVA,Davita,5.0,0.0
2022,852,GWRE,Guidewire Software,5.0,0.0
2022,853,NJR,New Jersey Resources,5.0,0.0
2022,854,LAD,Lithia Motors,5.0,0.0
2022,855,AUB,Atlantic Union Bankshares,5.0,0.0
2022,856,EQH-PC,Equitable Holdings,5.0,0.0
2022,857,HP,Helmerich & Payne,5.0,0.0
2022,858,FFIN,First Financial Bankshares,5.0,0.0
2022,859,TKR,Timken,5.0,0.0
2022,860,ALK,Alaska Air Group,5.0,0.0
2022,861,FCN,Fti Consulting,5.0,0.0
2022,862,FSK,FS KKR Capital,5.0,0.0
2022,863,WTS,Watts Water Technologies,5.0,0.0
2022,864,GXO,GXO Logistics,5.0,0.0
2022,865,EXPO,Exponent,5.0,0.0
2022,866,TEX,Terex,5.0,0.0
2022,867,FTI,TechnipFMC,5.0,0.0
2022,868,QDEL,QuidelOrtho,5.0,0.0
2022,869,HTZ,Hertz Global Holdings,5.0,0.0
2022,870,RH,Rh,5.0,0.0
2022,871,PBF,PBF Energy,5.0,0.0
2022,872,MSM,Msc Industrial Direct Co,5.0,0.0
2022,873,WK,Workiva,5.0,0.0
2022,874,OGS,ONE Gas,5.0,0.0
2022,875,HUN,Huntsman,5.0,0.0
2022,876,JBTM,JBT Marel,5.0,0.0
2022,877,SPSC,Sps Commerce,5.0,0.0
2022,878,MTSI,MACOM Technology Solutions Holdings,5.0,0.0
2022,879,PRGO,PERRIGO Co,5.0,0.0
2022,880,THG,Hanover Insurance Group,5.0,0.0
2022,881,MSTR,Microstrategy,5.0,0.0
2022,882,BC,Brunswick,5.0,0.0
2022,883,OPCH,Option Care Health,5.0,0.0
2022,884,AIT,Applied Industrial Technologies,5.0,0.0
2022,885,VAL,Valaris,5.0,0.0
2022,886,TXG,10x Genomics,5.0,0.0
2022,887,HOG,Harley-Davidson,5.0,0.0
2022,888,HRB,H&R Block,5.0,0.0
2022,889,VAC,Marriott Vacations Worldwide,5.0,0.0
2022,890,SITE,SiteOne Landscape Supply,5.0,0.0
2022,891,COLM,Columbia Sportswear,5.0,0.0
2022,892,CC,Chemours,5.0,0.0
2022,893,FN,Fabrinet,5.0,0.0
2022,894,CALX,Calix,5.0,0.0
2022,895,KRC,Kilroy Realty,5.0,0.0
2022,896,ACDC,ProFrac Holding,5.0,0.0
2022,897,RARE,Ultragenyx Pharmaceutical,5.0,0.0
2022,898,AVAV,AeroVironment,5.0,0.0
2022,899,DXC,DXC Technology,4.0,0.0
2022,900,PRI,Primerica,4.0,0.0
2022,901,UFPI,Ufp Industries,4.0,0.0
2022,902,HOMB,Home Bancshares,4.0,0.0
2022,903,HXL,Hexcel Corp,4.0,0.0
2022,904,SLAB,Silicon Laboratories,4.0,0.0
2022,905,TREX,Trex Co,4.0,0.0
2022,906,DRVN,Driven Brands Holdings,4.0,0.0
2022,907,CNM,Core & Main,4.0,0.0
2022,908,MSGS,Madison Square Garden Sports,4.0,0.0
2022,909,ESI,Element Solutions,4.0,0.0
2022,910,AKRO,Akero Therapeutics,4.0,0.0
2022,911,SMCI,Super Micro Computer,4.0,0.0
2022,912,APG,APi Group,4.0,0.0
2022,913,HRI,Herc Holdings,4.0,0.0
2022,914,FIZZ,National Beverage,4.0,0.0
2022,915,LEG,Leggett & Platt,4.0,0.0
2022,916,BLD,TopBuild,4.0,0.0
2022,917,IART,Integra Lifesciences Holdings,4.0,0.0
2022,918,BPOP,Popular,4.0,0.0
2022,919,TSN,Tyson Foods,4.0,0.0
2022,920,LYFT,Lyft,4.0,0.0
2022,921,DNLI,Denali Therapeutics,4.0,0.0
2022,922,AOS,Smith A O,4.0,0.0
2022,923,WU,Western Union,4.0,0.0
2022,924,UAA,Under Armour,4.0,0.0
2022,925,ALKS,Alkermes plc.,4.0,0.0
2022,926,POST,Post Holdings,4.0,0.0
2022,927,MP,MP Materials Corp. / DE,4.0,0.0
2022,928,W,Wayfair,4.0,0.0
2022,929,INSM,Insmed,4.0,0.0
2022,930,AL,Air Lease,4.0,0.0
2022,931,MGY,Magnolia Oil & Gas,4.0,0.0
2022,932,NSP,Insperity,4.0,0.0
2022,933,KRG,Kite Realty Group Trust,4.0,0.0
2022,934,TDOC,Teladoc Health,4.0,0.0
2022,935,VSAT,Viasat,4.0,0.0
2022,936,THO,Thor Industries,4.0,0.0
2022,937,EVR,Evercore,4.0,0.0
2022,938,EXP,Eagle Materials,4.0,0.0
2022,939,MMSI,Merit Medical Systems,4.0,0.0
2022,940,EXEL,Exelixis,4.0,0.0
2022,941,CUZ,Cousins Properties,4.0,0.0
2022,942,THC,Tenet Healthcare,4.0,0.0
2022,943,TPG,Tpg,4.0,0.0
2022,944,VVV,Valvoline,4.0,0.0
2022,945,BYD,Boyd Gaming,4.0,0.0
2022,946,FRSH,Freshworks,4.0,0.0
2022,947,DJT,Trump Media & Technology Group,4.0,0.0
2022,948,CTRE,CareTrust REIT,4.0,0.0
2022,949,INDB,Independent Bank,4.0,0.0
2022,950,NTLA,Intellia Therapeutics,4.0,0.0
2022,951,SHLS,Shoals Technologies Group,4.0,0.0
2022,952,GAP,Gap,4.0,0.0
2022,953,FOUR,Shift4 Payments,4.0,0.0
2022,954,AMLX,Amylyx Pharmaceuticals,4.0,0.0
2022,955,TOL,Toll Brothers,4.0,0.0
2022,956,RXRX,Recursion Pharmaceuticals,4.0,0.0
2022,957,UCB,United Community Banks,4.0,0.0
2022,958,SR,Spire,4.0,0.0
2022,959,ATI,Ati,4.0,0.0
2022,960,FIX,Comfort Systems Usa,4.0,0.0
2022,961,BEAM,Beam Therapeutics,4.0,0.0
2022,962,DNA,Ginkgo Bioworks Holdings,4.0,0.0
2022,963,AAON,Aaon,4.0,0.0
2022,964,IPGP,Ipg Photonics,4.0,0.0
2022,965,TFSL,TFS Financial,4.0,0.0
2022,966,AXS,Axis Capital Holdings,4.0,0.0
2022,967,CABO,Cable One,4.0,0.0
2022,968,EBC,Eastern Bankshares,4.0,0.0
2022,969,AMN,Amn Healthcare Services,4.0,0.0
2022,970,BL,Blackline,4.0,0.0
2022,971,CRK,Comstock Resources,4.0,0.0
2022,972,ENVX,Enovix,4.0,0.0
2022,973,POWI,Power Integrations,4.0,0.0
2022,974,IRT,Independence Realty Trust,4.0,0.0
2022,975,PENN,PENN Entertainment,4.0,0.0
2022,976,CRGY,Crescent Energy,4.0,0.0
2022,977,AXSM,Axsome Therapeutics,4.0,0.0
2022,978,VNO,Vornado Realty Trust,4.0,0.0
2022,979,CRSP,CRISPR Therapeutics AG,4.0,0.0
2022,980,BCPC,Balchem,4.0,0.0
2022,981,FUL,Fuller H B,4.0,0.0
2022,982,FLS,Flowserve,4.0,0.0
2022,983,ICUI,Icu Medical Inc,4.0,0.0
2022,984,XPO,Xpo,4.0,0.0
2022,985,MMS,Maximus,4.0,0.0
2022,986,OMF,OneMain Holdings,4.0,0.0
2022,987,RMBS,Rambus,4.0,0.0
2022,988,CRC,California Resources,4.0,0.0
2022,989,MAN,ManpowerGroup,4.0,0.0
2022,990,HESM,Hess Midstream,4.0,0.0
2022,991,CRUS,Cirrus Logic,4.0,0.0
2022,992,ATKR,Atkore,4.0,0.0
2022,993,FCFS,FirstCash Holdings,4.0,0.0
2022,994,FOXF,Fox Factory Holding,4.0,0.0
2022,995,ASB,Associated Banc-,4.0,0.0
2022,996,UA,Under Armour,4.0,0.0
2022,997,GATX,Gatx,4.0,0.0
2022,998,FOLD,Amicus Therapeutics,4.0,0.0
2022,999,APPF,Appfolio,4.0,0.0
2022,1000,WING,Wingstop,4.0,0.0
2023,1,AAPL,Apple,2824.0,6.0
2023,2,MSFT,Microsoft,2792.0,6.0
2023,3,GOOGL,Alphabet,1692.0,3.6
2023,4,AMZN,Amazon Com,1634.0,3.5
2023,5,NVDA,NVIDIA,1000.0,2.1
2023,6,TSLA,Tesla,933.0,2.0
2023,7,META,Meta Platforms,897.0,1.9
2023,8,BRK-B,Berkshire Hathaway,770.0,1.6
2023,9,LLY,Eli Lilly,550.0,1.2
2023,10,V,Visa,534.0,1.1
2023,11,UNH,Unitedhealth Group,478.0,1.0
2023,12,JPM,JPMorgan Chase,462.0,1.0
2023,13,WMT,Walmart,440.0,0.9
2023,14,XOM,Exxon Mobil,414.0,0.9
2023,15,MA,Mastercard,380.0,0.8
2023,16,JNJ,Johnson & Johnson,377.0,0.8
2023,17,AVGO,Broadcom,347.0,0.7
2023,18,PG,Procter & Gamble,341.0,0.7
2023,19,ORCL,Oracle,334.0,0.7
2023,20,CVX,Chevron,296.0,0.6
2023,21,HD,Home Depot,275.0,0.6
2023,22,ABBV,AbbVie,274.0,0.6
2023,23,MRK,Merck & Co.,270.0,0.6
2023,24,BA,Boeing,264.0,0.6
2023,25,COST,Costco Wholesale Corp,262.0,0.6
2023,26,KO,Coca Cola,253.0,0.5
2023,27,INTC,Intel,252.0,0.5
2023,28,ADBE,Adobe,249.0,0.5
2023,29,BAC,Bank Of America Corp,244.0,0.5
2023,30,AMD,Advanced Micro Devices,240.0,0.5
2023,31,PEP,Pepsico,232.0,0.5
2023,32,NFLX,Netflix,211.0,0.4
2023,33,ACN,Accenture,206.0,0.4
2023,34,CSCO,Cisco Systems,204.0,0.4
2023,35,TMO,Thermo Fisher Scientific,197.0,0.4
2023,36,ABT,Abbott Laboratories,192.0,0.4
2023,37,LIN,Linde,191.0,0.4
2023,38,CMCSA,Comcast,182.0,0.4
2023,39,TMUS,T-Mobile US,176.0,0.4
2023,40,CRM,Salesforce,174.0,0.4
2023,41,PM,Philip Morris International,170.0,0.4
2023,42,DHR,Danaher Corp,164.0,0.3
2023,43,PFE,Pfizer,164.0,0.3
2023,44,NKE,Nike,163.0,0.3
2023,45,DIS,Walt Disney,159.0,0.3
2023,46,VZ,Verizon Communications,159.0,0.3
2023,47,AMGN,Amgen,155.0,0.3
2023,48,TXN,Texas Instruments,155.0,0.3
2023,49,IBM,International Business Machines,153.0,0.3
2023,50,QCOM,Qualcomm Inc,153.0,0.3
2023,51,WFC,Wells Fargo & Company/Mn,152.0,0.3
2023,52,UNP,Union Pacific,146.0,0.3
2023,53,MS,Morgan Stanley,146.0,0.3
2023,54,NOW,ServiceNow,145.0,0.3
2023,55,COP,Conocophillips,142.0,0.3
2023,56,GE,GE Aerospace,139.0,0.3
2023,57,T-PC,At&T,137.0,0.3
2023,58,HON,Honeywell International,137.0,0.3
2023,59,INTU,Intuit,137.0,0.3
2023,60,CAT,Caterpillar,136.0,0.3
2023,61,SPGI,S&P Global,131.0,0.3
2023,62,AXP,American Express,128.0,0.3
2023,63,NEE,Nextera Energy,126.0,0.3
2023,64,MDLZ,Mondelez International,126.0,0.3
2023,65,BLK,BlackRock,126.0,0.3
2023,66,UBER,Uber Technologies,125.0,0.3
2023,67,PLD,Prologis,124.0,0.3
2023,68,SCHW,Schwab Charles,120.0,0.3
2023,69,ISRG,Intuitive Surgical,120.0,0.3
2023,70,T,AT&T,118.0,0.3
2023,71,GS,Goldman Sachs Group,117.0,0.3
2023,72,SYK,Stryker,115.0,0.2
2023,73,RTX,Rtx,113.0,0.2
2023,74,UPS,United Parcel Service,112.0,0.2
2023,75,AMCR,Amcor,111.0,0.2
2023,76,SBUX,Starbucks,109.0,0.2
2023,77,LOW,Lowes Companies,109.0,0.2
2023,78,BMY,Bristol Myers Squibb,104.0,0.2
2023,79,AMAT,Applied Materials Inc,104.0,0.2
2023,80,ELV,Elevance Health,104.0,0.2
2023,81,LMT,Lockheed Martin,104.0,0.2
2023,82,TJX,Tjx Companies Inc,104.0,0.2
2023,83,VRTX,Vertex Pharmaceuticals Inc / Ma,103.0,0.2
2023,84,BX,Blackstone,103.0,0.2
2023,85,LRCX,Lam Research,102.0,0.2
2023,86,SHOP,Shopify,102.0,0.2
2023,87,GILD,Gilead Sciences,101.0,0.2
2023,88,AMT,American Tower Corp /Ma/,101.0,0.2
2023,89,CVS,Cvs Health,101.0,0.2
2023,90,DE,Deere,98.0,0.2
2023,91,ETN,Eaton Corp,93.0,0.2
2023,92,ADP,Automatic Data Processing,93.0,0.2
2023,93,PGR,Progressive Corp/Oh/,93.0,0.2
2023,94,MMC,Marsh & Mclennan Companies,93.0,0.2
2023,95,REGN,Regeneron Pharmaceuticals,91.0,0.2
2023,96,SNPS,Synopsys,90.0,0.2
2023,97,C,Citigroup,89.0,0.2
2023,98,MDT,Medtronic,89.0,0.2
2023,99,CB,Chubb,88.0,0.2
2023,100,BSX,Boston Scientific,86.0,0.2
2023,101,MU,Micron Technology,86.0,0.2
2023,102,ZTS,Zoetis,83.0,0.2
2023,103,COF,Capital One Financial,82.0,0.2
2023,104,ABNB,Airbnb,81.0,0.2
2023,105,MELI,Mercadolibre,80.0,0.2
2023,106,EQIX,Equinix,79.0,0.2
2023,107,CI,Cigna Group,79.0,0.2
2023,108,SO,Southern,79.0,0.2
2023,109,ENB,Enbridge,79.0,0.2
2023,110,ADI,Analog Devices,78.0,0.2
2023,111,SLB,Schlumberger Limited/Nv,78.0,0.2
2023,112,SHW,Sherwin Williams,77.0,0.2
2023,113,PANW,Palo Alto Networks,76.0,0.2
2023,114,KLAC,Kla,76.0,0.2
2023,115,CME,Cme Group,76.0,0.2
2023,116,ITW,Illinois Tool Works,76.0,0.2
2023,117,DUK,Duke Energy,75.0,0.2
2023,118,CDNS,Cadence Design Systems,74.0,0.2
2023,119,KKR,KKR & Co.,74.0,0.2
2023,120,ANET,Arista Networks,74.0,0.2
2023,121,ICE,Intercontinental Exchange,73.0,0.2
2023,122,WM,Waste Management,72.0,0.2
2023,123,CP,Canadian Pacific Kansas City Ltd/Cn,71.0,0.2
2023,124,BDX,Becton Dickinson,70.0,0.2
2023,125,GD,General Dynamics,70.0,0.1
2023,126,MCO,Moodys Corp,68.0,0.1
2023,127,MO,Altria Group,68.0,0.1
2023,128,USB,Us Bancorp \De\,67.0,0.1
2023,129,SCCO,Southern Copper Corp/,67.0,0.1
2023,130,NOC,Northrop Grumman Corp,67.0,0.1
2023,131,BAM,Brookfield Asset Management,65.0,0.1
2023,132,CSX,Csx,64.0,0.1
2023,133,EOG,Eog Resources,64.0,0.1
2023,134,CL,Colgate Palmolive,64.0,0.1
2023,135,WELL,Welltower,63.0,0.1
2023,136,PNC,Pnc Financial Services Group,63.0,0.1
2023,137,CMG,Chipotle Mexican Grill,63.0,0.1
2023,138,AON,Aon,62.0,0.1
2023,139,TEAM,Atlassian,62.0,0.1
2023,140,FDX,Fedex,62.0,0.1
2023,141,FCX,Freeport-Mcmoran,61.0,0.1
2023,142,APD,Air Products & Chemicals,61.0,0.1
2023,143,MMM,3M,60.0,0.1
2023,144,HCA,HCA Healthcare,60.0,0.1
2023,145,MAR,Marriott International Inc /Md/,60.0,0.1
2023,146,APH,Amphenol Corp,59.0,0.1
2023,147,OXY,Occidental Petroleum Corp,59.0,0.1
2023,148,TDG,TransDigm Group,59.0,0.1
2023,149,PH,Parker-Hannifin,58.0,0.1
2023,150,NXPI,NXP Semiconductors N.V.,58.0,0.1
2023,151,AJG,Arthur J. Gallagher,58.0,0.1
2023,152,MCK,Mckesson,57.0,0.1
2023,153,EPD,Enterprise Products Partners L.P.,57.0,0.1
2023,154,ROP,Roper Technologies,57.0,0.1
2023,155,MNST,Monster Beverage,56.0,0.1
2023,156,ORLY,O Reilly Automotive,56.0,0.1
2023,157,CTAS,Cintas,56.0,0.1
2023,158,ECL,Ecolab,56.0,0.1
2023,159,APO,Apollo Global Management,55.0,0.1
2023,160,HUM,Humana,55.0,0.1
2023,161,PYPL,PayPal Holdings,55.0,0.1
2023,162,EMR,Emerson Electric,55.0,0.1
2023,163,TT,Trane Technologies,54.0,0.1
2023,164,WDAY,Workday,54.0,0.1
2023,165,PSA,Public Storage,54.0,0.1
2023,166,O,Realty Income,54.0,0.1
2023,167,PSX,Phillips 66,53.0,0.1
2023,168,CNTM,ConnectM Technology Solutions,53.0,0.1
2023,169,NSC,Norfolk Southern,53.0,0.1
2023,170,EL,Estee Lauder Companies,53.0,0.1
2023,171,MSI,Motorola Solutions,52.0,0.1
2023,172,PCAR,Paccar,51.0,0.1
2023,173,PLDGP,Prologis,51.0,0.1
2023,174,RSG,Republic Services,51.0,0.1
2023,175,CCI,Crown Castle,50.0,0.1
2023,176,SNOW,Snowflake,50.0,0.1
2023,177,SRE,Sempra,49.0,0.1
2023,178,CHTR,"Charter Communications, Inc. /Mo/",49.0,0.1
2023,179,MCHP,Microchip Technology,49.0,0.1
2023,180,TGT,Target,49.0,0.1
2023,181,F,Ford Motor,49.0,0.1
2023,182,CARR,Carrier Global,48.0,0.1
2023,183,DXCM,Dexcom,48.0,0.1
2023,184,DELL,Dell Technologies,47.0,0.1
2023,185,DLR,Digital Realty Trust,46.0,0.1
2023,186,CRH,Crh Public Ltd,46.0,0.1
2023,187,XYZ,Block,46.0,0.1
2023,188,TFC,Truist Financial,46.0,0.1
2023,189,COIN,Coinbase Global,46.0,0.1
2023,190,KDP,Keurig Dr Pepper,45.0,0.1
2023,191,NEM,NEWMONT Corp,45.0,0.1
2023,192,LULU,lululemon athletica,45.0,0.1
2023,193,CRWD,CrowdStrike Holdings,44.0,0.1
2023,194,OKE,Oneok Inc /New/,44.0,0.1
2023,195,IDXX,Idexx Laboratories Inc,44.0,0.1
2023,196,AEP,American Electric Power Co,44.0,0.1
2023,197,ODFL,Old Dominion Freight Line,44.0,0.1
2023,198,EW,Edwards Lifesciences,44.0,0.1
2023,199,KHC,Kraft Heinz,44.0,0.1
2023,200,MPC,Marathon Petroleum,44.0,0.1
2023,201,PAYX,Paychex,44.0,0.1
2023,202,FANG,Diamondback Energy,44.0,0.1
2023,203,AZO,Autozone,44.0,0.1
2023,204,DHI,Horton D R Inc,43.0,0.1
2023,205,FTNT,Fortinet,43.0,0.1
2023,206,DASH,DoorDash,43.0,0.1
2023,207,DDOG,Datadog,43.0,0.1
2023,208,MET,Metlife,43.0,0.1
2023,209,WMB,Williams Companies,43.0,0.1
2023,210,STZ,Constellation Brands,42.0,0.1
2023,211,AFL,Aflac,42.0,0.1
2023,212,ADSK,Autodesk,42.0,0.1
2023,213,HLT,Hilton Worldwide Holdings,42.0,0.1
2023,214,CEG,Constellation Energy,41.0,0.1
2023,215,D,Dominion Energy,41.0,0.1
2023,216,KVUE,Kenvue,41.0,0.1
2023,217,MSCI,Msci,41.0,0.1
2023,218,PLTR,Palantir Technologies,41.0,0.1
2023,219,TEL,TE Connectivity,41.0,0.1
2023,220,CPRT,Copart,41.0,0.1
2023,221,TRV,Travelers Companies,40.0,0.1
2023,222,KMB,Kimberly Clark,40.0,0.1
2023,223,NUE,Nucor,40.0,0.1
2023,224,MRVL,Marvell Technology,40.0,0.1
2023,225,COR,Cencora,40.0,0.1
2023,226,PCG,Pg&E,40.0,0.1
2023,227,LHX,"L3Harris Technologies, Inc.",39.0,0.1
2023,228,MRNA,Moderna,39.0,0.1
2023,229,GWW,W.W. Grainger,39.0,0.1
2023,230,KMI,Kinder Morgan,39.0,0.1
2023,231,DOW,Dow,39.0,0.1
2023,232,IQV,Iqvia Holdings,39.0,0.1
2023,233,VLO,Valero Energy Corp/Tx,39.0,0.1
2023,234,XEL,Xcel Energy,39.0,0.1
2023,235,WCN,Waste Connections,38.0,0.1
2023,236,BIIB,Biogen,38.0,0.1
2023,237,HSY,Hershey,38.0,0.1
2023,238,AME,Ametek Inc/,38.0,0.1
2023,239,MPLX,Mplx,37.0,0.1
2023,240,ARES,Ares Management,37.0,0.1
2023,241,FAST,Fastenal,37.0,0.1
2023,242,EXC,Exelon,37.0,0.1
2023,243,CNC,Centene,37.0,0.1
2023,244,ALL,Allstate,36.0,0.1
2023,245,YUM,Yum Brands,36.0,0.1
2023,246,AIG,American International Group,36.0,0.1
2023,247,CSGP,Costar Group,36.0,0.1
2023,248,PRU,Prudential Financial,36.0,0.1
2023,249,CTSH,Cognizant Technology Solutions,36.0,0.1
2023,250,BK,Bank of New York Mellon,36.0,0.1
2023,251,ROST,Ross Stores,36.0,0.1
2023,252,URI,United Rentals,36.0,0.1
2023,253,LNG,Cheniere Energy,36.0,0.1
2023,254,AMP,Ameriprise Financial,35.0,0.1
2023,255,MBLY,Mobileye Global,35.0,0.1
2023,256,JCI,Johnson Controls International,35.0,0.1
2023,257,GEHC,GE HealthCare Technologies,35.0,0.1
2023,258,SYY,Sysco,35.0,0.1
2023,259,RCL,Royal Caribbean Cruises,35.0,0.1
2023,260,ADM,Archer-Daniels-Midland,35.0,0.1
2023,261,ROK,Rockwell Automation,35.0,0.1
2023,262,GIS,General Mills,35.0,0.1
2023,263,OTIS,Otis Worldwide,35.0,0.1
2023,264,SCHW-PJ,Schwab Charles,34.0,0.1
2023,265,EA,Electronic Arts,34.0,0.1
2023,266,TTD,Trade Desk,34.0,0.1
2023,267,VICI,Vici Properties,34.0,0.1
2023,268,BKR,Baker Hughes,34.0,0.1
2023,269,EXR,Extra Space Storage,34.0,0.1
2023,270,PPG,Ppg Industries,33.0,0.1
2023,271,CMI,Cummins,33.0,0.1
2023,272,ED,Consolidated Edison,33.0,0.1
2023,273,LVS,Las Vegas Sands,33.0,0.1
2023,274,ON,On Semiconductor,33.0,0.1
2023,275,NDAQ,Nasdaq,33.0,0.1
2023,276,RBLX,Roblox,33.0,0.1
2023,277,GM,General Motors,32.0,0.1
2023,278,PWR,Quanta Services,32.0,0.1
2023,279,CTVA,Corteva,32.0,0.1
2023,280,VEEV,Veeva Systems,31.0,0.1
2023,281,VRSK,Verisk Analytics,31.0,0.1
2023,282,FLUT,Flutter Entertainment,31.0,0.1
2023,283,MPWR,Monolithic Power Systems,31.0,0.1
2023,284,SYM,Symbotic,31.0,0.1
2023,285,FIS,Fidelity National Information Services,31.0,0.1
2023,286,LYB,LyondellBasell Industries N.V.,31.0,0.1
2023,287,PEG,Public Service Enterprise Group,31.0,0.1
2023,288,HUBS,Hubspot,30.0,0.1
2023,289,USB-PS,Us Bancorp \De\,30.0,0.1
2023,290,HAL,Halliburton,30.0,0.1
2023,291,IR,Ingersoll Rand,30.0,0.1
2023,292,IT,Gartner,30.0,0.1
2023,293,GPN,Global Payments,30.0,0.1
2023,294,MLM,Martin Marietta Materials,30.0,0.1
2023,295,TTWO,Take Two Interactive Software,30.0,0.1
2023,296,VMC,Vulcan Materials,30.0,0.1
2023,297,RIVN,"Rivian Automotive, Inc. / DE",30.0,0.1
2023,298,CPNG,Coupang,30.0,0.1
2023,299,EFX,Equifax,30.0,0.1
2023,300,CDW,Cdw,29.0,0.1
2023,301,NET,Cloudflare,29.0,0.1
2023,302,FERG,Ferguson Enterprises Inc.,29.0,0.1
2023,303,A,Agilent Technologies,29.0,0.1
2023,304,KR,Kroger,29.0,0.1
2023,305,SNAP,Snap,29.0,0.1
2023,306,WBD,Warner Bros. Discovery,29.0,0.1
2023,307,FITB,Fifth Third Ban,28.0,0.1
2023,308,IMO,Imperial Oil,28.0,0.1
2023,309,DVN,Devon Energy Corp,28.0,0.1
2023,310,XYL,Xylem,28.0,0.1
2023,311,MDB,MongoDB,28.0,0.1
2023,312,EIX,Edison International,28.0,0.1
2023,313,WEC,Wec Energy Group,27.0,0.1
2023,314,CBRE,Cbre Group,27.0,0.1
2023,315,BF-A,Brown Forman,27.0,0.1
2023,316,QSR,Restaurant Brands International,27.0,0.1
2023,317,FICO,Fair Isaac,27.0,0.1
2023,318,SBAC,Sba Communications,27.0,0.1
2023,319,DAL,Delta Air Lines,26.0,0.1
2023,320,EG,Everest Group,26.0,0.1
2023,321,DG,Dollar General,26.0,0.1
2023,322,ACGL,Arch Capital Group,26.0,0.1
2023,323,AVB,Avalonbay Communities,26.0,0.1
2023,324,GLW,Corning Inc /Ny,26.0,0.1
2023,325,FTV,Fortive,26.0,0.1
2023,326,OMC,Omnicom Group,26.0,0.1
2023,327,AWK,American Water Works Company,26.0,0.1
2023,328,ZS,Zscaler,26.0,0.1
2023,329,ALNY,Alnylam Pharmaceuticals,25.0,0.1
2023,330,WST,West Pharmaceutical Services,25.0,0.1
2023,331,TFC-PR,Truist Financial,25.0,0.1
2023,332,WY,Weyerhaeuser,25.0,0.1
2023,333,RMD,Resmed,25.0,0.1
2023,334,AGNCL,AGNC Investment,25.0,0.1
2023,335,GRMN,Garmin,25.0,0.1
2023,336,MTD,Mettler Toledo International Inc/,25.0,0.1
2023,337,HPQ,Hp,24.0,0.1
2023,338,EQT,Eqt,24.0,0.1
2023,339,CQP,"Cheniere Energy Partners, L.P.",24.0,0.1
2023,340,BR,Broadridge Financial Solutions,24.0,0.1
2023,341,BRO,Brown & Brown,24.0,0.1
2023,342,ZBH,Zimmer Biomet Holdings,24.0,0.1
2023,343,HBAN,Huntington Bancshares Inc /Md/,24.0,0.1
2023,344,CAH,Cardinal Health,24.0,0.1
2023,345,PINS,Pinterest,24.0,0.1
2023,346,TROW,Price T Rowe Group,24.0,0.1
2023,347,VTR,Ventas,23.0,0.0
2023,348,TSCO,Tractor Supply Co,23.0,0.0
2023,349,ES,Eversource Energy,23.0,0.0
2023,350,EQR,Equity Residential,23.0,0.0
2023,351,DTE,Dte Energy,23.0,0.0
2023,352,WTW,Willis Towers Watson,23.0,0.0
2023,353,IP,International Paper Co /New/,23.0,0.0
2023,354,CHD,Church & Dwight Co Inc,22.0,0.0
2023,355,HIG,Hartford Insurance Group,22.0,0.0
2023,356,ILMN,Illumina,22.0,0.0
2023,357,HEI,Heico,22.0,0.0
2023,358,RJF,Raymond James Financial,22.0,0.0
2023,359,AMCCF,Amcor,22.0,0.0
2023,360,LYV,Live Nation Entertainment,22.0,0.0
2023,361,HWM,Howmet Aerospace,22.0,0.0
2023,362,ARE,Alexandria Real Estate Equities,22.0,0.0
2023,363,ETR,Entergy Corp,22.0,0.0
2023,364,WAB,Westinghouse Air Brake Technologies,22.0,0.0
2023,365,STT,State Street,22.0,0.0
2023,366,STE,Steris,22.0,0.0
2023,367,DLTR,Dollar Tree,21.0,0.0
2023,368,FE,Firstenergy,21.0,0.0
2023,369,MSTR,Microstrategy,21.0,0.0
2023,370,ROL,Rollins,21.0,0.0
2023,371,KEYS,Keysight Technologies,21.0,0.0
2023,372,IRM,Iron Mountain,21.0,0.0
2023,373,DOV,Dover,21.0,0.0
2023,374,AXON,Axon Enterprise,21.0,0.0
2023,375,PTC,Ptc,21.0,0.0
2023,376,INVH,Invitation Homes,21.0,0.0
2023,377,IFF,International Flavors & Fragrances,21.0,0.0
2023,378,TDY,Teledyne Technologies,21.0,0.0
2023,379,BEIGF,BeOne Medicines,21.0,0.0
2023,380,CINF,Cincinnati Financial,21.0,0.0
2023,381,MTB,M&T Bank,20.0,0.0
2023,382,PPL,Ppl,20.0,0.0
2023,383,HPE,Hewlett Packard Enterprise,20.0,0.0
2023,384,VLTO,Veralto,20.0,0.0
2023,385,TYL,Tyler Technologies,20.0,0.0
2023,386,AEE,Ameren,20.0,0.0
2023,387,AILIP,Ameren Illinois,20.0,0.0
2023,388,BAX,Baxter International,20.0,0.0
2023,389,PHM,Pultegroup Inc/Mi/,20.0,0.0
2023,390,ALGN,Align Technology,20.0,0.0
2023,391,WAT,Waters Corp,20.0,0.0
2023,392,MKL,Markel Group,20.0,0.0
2023,393,BG,Bunge Global SA,20.0,0.0
2023,394,NVR,Nvr,19.0,0.0
2023,395,K,Kellanova,19.0,0.0
2023,396,EBAY,Ebay,19.0,0.0
2023,397,CTRA,Coterra Energy,19.0,0.0
2023,398,ATO,Atmos Energy,19.0,0.0
2023,399,TW,Tradeweb Markets,19.0,0.0
2023,400,RKT,Rocket Companies,19.0,0.0
2023,401,APTV,Aptiv,19.0,0.0
2023,402,CPAY,Corpay,19.0,0.0
2023,403,GPC,Genuine Parts,19.0,0.0
2023,404,JBHT,Hunt J B Transport Services,19.0,0.0
2023,405,STX,Seagate Technology Holdings,19.0,0.0
2023,406,VRSN,Verisign Inc/Ca,19.0,0.0
2023,407,CBOE,Cboe Global Markets,19.0,0.0
2023,408,CNP,Centerpoint Energy,19.0,0.0
2023,409,LH,Labcorp Holdings,19.0,0.0
2023,410,TRGP,Targa Resources,19.0,0.0
2023,411,CCL,Carnival,19.0,0.0
2023,412,BMRN,Biomarin Pharmaceutical,19.0,0.0
2023,413,FSLR,First Solar,18.0,0.0
2023,414,EXPE,Expedia Group,18.0,0.0
2023,415,MOH,Molina Healthcare,18.0,0.0
2023,416,VRT,Vertiv Holdings,18.0,0.0
2023,417,SIRI,Sirius Xm Holdings,18.0,0.0
2023,418,EXE,Expand Energy,18.0,0.0
2023,419,DUKB,Duke Energy,18.0,0.0
2023,420,ENTG,Entegris,18.0,0.0
2023,421,LPLA,LPL Financial Holdings,18.0,0.0
2023,422,WRB,Berkley W R,18.0,0.0
2023,423,BLDR,Builders FirstSource,18.0,0.0
2023,424,DRI,Darden Restaurants,18.0,0.0
2023,425,WLK,Westlake,18.0,0.0
2023,426,AILIH,Ameren Illinois,18.0,0.0
2023,427,CMS,Cms Energy,18.0,0.0
2023,428,U,Unity Software,18.0,0.0
2023,429,ZM,Zoom Communications,18.0,0.0
2023,430,HUBB,Hubbell,18.0,0.0
2023,431,MKC,Mccormick & Co,17.0,0.0
2023,432,WSO,Watsco,17.0,0.0
2023,433,ENPH,Enphase Energy,17.0,0.0
2023,434,CLX,Clorox Co,17.0,0.0
2023,435,HRL,Hormel Foods Corp,17.0,0.0
2023,436,AKAM,Akamai Technologies,17.0,0.0
2023,437,DECK,Deckers Outdoor,17.0,0.0
2023,438,WDC,Western Digital,17.0,0.0
2023,439,STLD,Steel Dynamics,17.0,0.0
2023,440,CE,Celanese,17.0,0.0
2023,441,ALB,Albemarle,17.0,0.0
2023,442,PFG,Principal Financial Group,17.0,0.0
2023,443,TER,Teradyne,17.0,0.0
2023,444,EXPD,Expeditors International Of Washington,17.0,0.0
2023,445,FCNCA,First Citizens Bancshares Inc,17.0,0.0
2023,446,SWKS,Skyworks Solutions,17.0,0.0
2023,447,RF,Regions Financial,17.0,0.0
2023,448,ULTA,Ulta Beauty,17.0,0.0
2023,449,FDS,Factset Research Systems,17.0,0.0
2023,450,AFRM,Affirm Holdings,17.0,0.0
2023,451,DT,Dynatrace,16.0,0.0
2023,452,SUI,Sun Communities,16.0,0.0
2023,453,APOS,Apollo Global Management,16.0,0.0
2023,454,BSY,Bentley Systems,16.0,0.0
2023,455,J,Jacobs Solutions,16.0,0.0
2023,456,IEX,Idex Corp,16.0,0.0
2023,457,HOLX,Hologic,16.0,0.0
2023,458,EPAM,EPAM Systems,16.0,0.0
2023,459,ESS,Essex Property Trust,16.0,0.0
2023,460,SMCI,Super Micro Computer,16.0,0.0
2023,461,MAA,Mid America Apartment Communities,16.0,0.0
2023,462,KEY,Keycorp /New/,16.0,0.0
2023,463,NTRS,Northern Trust,16.0,0.0
2023,464,LII,Lennox International,16.0,0.0
2023,465,AVY,Avery Dennison,16.0,0.0
2023,466,BEN,Franklin Resources,15.0,0.0
2023,467,ERIE,Erie Indemnity,15.0,0.0
2023,468,BAH,Booz Allen Hamilton Holding,15.0,0.0
2023,469,COO,Cooper Companies,15.0,0.0
2023,470,AVTR,Avantor,15.0,0.0
2023,471,BALL,Ball,15.0,0.0
2023,472,SWK,Stanley Black & Decker,15.0,0.0
2023,473,FREJP,Federal Home Loan Mortgage,15.0,0.0
2023,474,PODD,Insulet,15.0,0.0
2023,475,DGX,Quest Diagnostics,15.0,0.0
2023,476,CNH,CNH Industrial N.V.,15.0,0.0
2023,477,SNA,Snap-on,15.0,0.0
2023,478,YUMC,Yum China Holdings,15.0,0.0
2023,479,INVUP,Investview,15.0,0.0
2023,480,SSNC,SS&C Technologies Holdings,15.0,0.0
2023,481,ZBRA,Zebra Technologies,15.0,0.0
2023,482,CG,Carlyle Group,15.0,0.0
2023,483,POOL,Pool,15.0,0.0
2023,484,RS,Reliance,14.0,0.0
2023,485,LUV,Southwest Airlines,14.0,0.0
2023,486,ARCC,Ares Capital,14.0,0.0
2023,487,L,Loews,14.0,0.0
2023,488,GGG,Graco,14.0,0.0
2023,489,KIM,Kimco Realty,14.0,0.0
2023,490,WPC,W. P. Carey,14.0,0.0
2023,491,NTAP,NetApp,14.0,0.0
2023,492,GDDY,GoDaddy,14.0,0.0
2023,493,EXAS,Exact Sciences,14.0,0.0
2023,494,CFG,Citizens Financial Group Inc/Ri,14.0,0.0
2023,495,UHAL,U-Haul Holding Co /NV/,14.0,0.0
2023,496,TXT,Textron,14.0,0.0
2023,497,CELH,Celsius Holdings,14.0,0.0
2023,498,NLY,Annaly Capital Management,14.0,0.0
2023,499,GLPI,Gaming & Leisure Properties,14.0,0.0
2023,500,LOGI,Logitech International S.A.,14.0,0.0
2023,501,FNF,Fidelity National Financial,14.0,0.0
2023,502,DPZ,Dominos Pizza,14.0,0.0
2023,503,LW,Lamb Weston Holdings,14.0,0.0
2023,504,LCID,Lucid Group,14.0,0.0
2023,505,DOC,Healthpeak Properties,14.0,0.0
2023,506,NWSA,News,14.0,0.0
2023,507,ZG,Zillow Group,14.0,0.0
2023,508,AES,Aes,14.0,0.0
2023,509,LDOS,Leidos Holdings,14.0,0.0
2023,510,ELS,Equity Lifestyle Properties,14.0,0.0
2023,511,GEN,Gen Digital,14.0,0.0
2023,512,CAG,Conagra Brands,14.0,0.0
2023,513,CTNT,Cheetah Net Supply Chain Service,14.0,0.0
2023,514,BBY,Best Buy Co,14.0,0.0
2023,515,ROKU,Roku,14.0,0.0
2023,516,MAS,Masco Corp,14.0,0.0
2023,517,DD,DuPont de Nemours,13.0,0.0
2023,518,APP,AppLovin,13.0,0.0
2023,519,UAL,United Airlines Holdings,13.0,0.0
2023,520,HST,Host Hotels & Resorts,13.0,0.0
2023,521,NBIX,Neurocrine Biosciences,13.0,0.0
2023,522,LNT,Alliant Energy,13.0,0.0
2023,523,TRU,TransUnion,13.0,0.0
2023,524,RPM,Rpm International Inc,13.0,0.0
2023,525,AMH,American Homes 4 Rent,13.0,0.0
2023,526,FLEX,Flex,13.0,0.0
2023,527,VST,Vistra,13.0,0.0
2023,528,APA,Apa,13.0,0.0
2023,529,SYF,Synchrony Financial,13.0,0.0
2023,530,MANH,Manhattan Associates,13.0,0.0
2023,531,REXR,Rexford Industrial Realty,13.0,0.0
2023,532,CSL,Carlisle Companies,13.0,0.0
2023,533,IOT,Samsara,13.0,0.0
2023,534,NI,Nisource,13.0,0.0
2023,535,SOFI,SoFi Technologies,13.0,0.0
2023,536,FOXA,Fox,13.0,0.0
2023,537,UDR,Udr,13.0,0.0
2023,538,INCY,Incyte,13.0,0.0
2023,539,VTRS,Viatris,13.0,0.0
2023,540,ACI,Albertsons Companies,12.0,0.0
2023,541,RBA,Rb Global,12.0,0.0
2023,542,TRMB,Trimble,12.0,0.0
2023,543,FND,Floor & Decor Holdings,12.0,0.0
2023,544,RPRX,Royalty Pharma,12.0,0.0
2023,545,CF,CF Industries Holdings,12.0,0.0
2023,546,REG,Regency Centers,12.0,0.0
2023,547,RVTY,Revvity,12.0,0.0
2023,548,JBL,Jabil,12.0,0.0
2023,549,LKQ,Lkq,12.0,0.0
2023,550,SJM,J M Smucker,12.0,0.0
2023,551,TECH,Bio-Techne,12.0,0.0
2023,552,CPB,Campbell's,12.0,0.0
2023,553,EVRG,Evergy,12.0,0.0
2023,554,CNLHN,Connecticut Light & Power,12.0,0.0
2023,555,TEVA,Teva Pharmaceutical Industries,12.0,0.0
2023,556,LECO,Lincoln Electric Holdings,12.0,0.0
2023,557,IPG,Interpublic Group Of Companies,12.0,0.0
2023,558,OC,Owens Corning,12.0,0.0
2023,559,OKTA,Okta,12.0,0.0
2023,560,ACM,Aecom,12.0,0.0
2023,561,PNR,Pentair,12.0,0.0
2023,562,OVV,Ovintiv,12.0,0.0
2023,563,SAIA,Saia,12.0,0.0
2023,564,JKHY,Jack Henry & Associates,12.0,0.0
2023,565,FOX,Fox,12.0,0.0
2023,566,CLF,Cleveland-Cliffs,12.0,0.0
2023,567,PSTG,Pure Storage,12.0,0.0
2023,568,CRL,Charles River Laboratories International,12.0,0.0
2023,569,TWLO,Twilio,12.0,0.0
2023,570,TAP,Molson Coors Beverage,12.0,0.0
2023,571,WES,Western Midstream Partners,12.0,0.0
2023,572,HOOD,Robinhood Markets,11.0,0.0
2023,573,MGM,MGM Resorts International,11.0,0.0
2023,574,CNA,Cna Financial,11.0,0.0
2023,575,MOS,Mosaic,11.0,0.0
2023,576,AGNC,AGNC Investment,11.0,0.0
2023,577,GL,Globe Life,11.0,0.0
2023,578,BXP,Bxp,11.0,0.0
2023,579,TFX,Teleflex,11.0,0.0
2023,580,RGA,Reinsurance Group Of America,11.0,0.0
2023,581,IEP,Icahn Enterprises L.P.,11.0,0.0
2023,582,WMS,Advanced Drainage Systems,11.0,0.0
2023,583,COTY,Coty,11.0,0.0
2023,584,ALLE,Allegion,11.0,0.0
2023,585,MORN,Morningstar,11.0,0.0
2023,586,PFGC,Performance Food Group,11.0,0.0
2023,587,LAMR,Lamar Advertising Co,11.0,0.0
2023,588,DAY,Dayforce,11.0,0.0
2023,589,NFE,New Fortress Energy,11.0,0.0
2023,590,ALLY,Ally Financial,11.0,0.0
2023,591,SGI,Somnigroup International,11.0,0.0
2023,592,TOST,Toast,11.0,0.0
2023,593,PAA,Plains All American Pipeline,11.0,0.0
2023,594,WTRG,Essential Utilities,11.0,0.0
2023,595,PAYC,Paycom Software,11.0,0.0
2023,596,CUBE,CubeSmart,11.0,0.0
2023,597,PAG,Penske Automotive Group,11.0,0.0
2023,598,ALSN,Allison Transmission Holdings,11.0,0.0
2023,599,BLD,TopBuild,10.0,0.0
2023,600,PCOR,Procore Technologies,10.0,0.0
2023,601,CCK,Crown Holdings,10.0,0.0
2023,602,QRVO,Qorvo,10.0,0.0
2023,603,OTEX,Open Text,10.0,0.0
2023,604,ITT,Itt,10.0,0.0
2023,605,ENO,Entergy New Orleans,10.0,0.0
2023,606,DINO,HF Sinclair,10.0,0.0
2023,607,MKTX,Marketaxess Holdings,10.0,0.0
2023,608,FFIV,F5,10.0,0.0
2023,609,CYTK,Cytokinetics,10.0,0.0
2023,610,CRBG,Corebridge Financial,10.0,0.0
2023,611,XPO,Xpo,10.0,0.0
2023,612,RGLD,Royal Gold,10.0,0.0
2023,613,PR,Permian Resources,10.0,0.0
2023,614,CHRW,C. H. Robinson Worldwide,10.0,0.0
2023,615,HII,Huntington Ingalls Industries,10.0,0.0
2023,616,RGEN,Repligen,10.0,0.0
2023,617,OWL,Blue Owl Capital,10.0,0.0
2023,618,SRPT,Sarepta Therapeutics,10.0,0.0
2023,619,CPT,Camden Property Trust,10.0,0.0
2023,620,CASY,Caseys General Stores,10.0,0.0
2023,621,USFD,US Foods Holding,10.0,0.0
2023,622,TEVJF,Teva Pharmaceutical Industries,10.0,0.0
2023,623,NRG,Nrg Energy,10.0,0.0
2023,624,EWBC,East West Bancorp,10.0,0.0
2023,625,PEN,Penumbra,10.0,0.0
2023,626,AFG,American Financial Group,10.0,0.0
2023,627,EGP,Eastgroup Properties,10.0,0.0
2023,628,RRX,Regal Rexnord,10.0,0.0
2023,629,ELC,Entergy Louisiana,10.0,0.0
2023,630,EME,EMCOR Group,10.0,0.0
2023,631,CZR,Caesars Entertainment,10.0,0.0
2023,632,NVT,nVent Electric,10.0,0.0
2023,633,SCI,Service Corp International,10.0,0.0
2023,634,CHDN,Churchill Downs,9.0,0.0
2023,635,LSCC,Lattice Semiconductor,9.0,0.0
2023,636,UTHR,United Therapeutics,9.0,0.0
2023,637,WYNN,Wynn Resorts,9.0,0.0
2023,638,FIVE,Five Below,9.0,0.0
2023,639,EQH,Equitable Holdings,9.0,0.0
2023,640,KNX,Knight-Swift Transportation Holdings,9.0,0.0
2023,641,WSM,Williams Sonoma,9.0,0.0
2023,642,RBC,RBC Bearings,9.0,0.0
2023,643,UHS,Universal Health Services,9.0,0.0
2023,644,CLH,Clean Harbors,9.0,0.0
2023,645,NCLH,Norwegian Cruise Line Holdings,9.0,0.0
2023,646,FBIN,Fortune Brands Innovations,9.0,0.0
2023,647,AAL,American Airlines Group,9.0,0.0
2023,648,KMX,Carmax,9.0,0.0
2023,649,OHI,Omega Healthcare Investors,9.0,0.0
2023,650,OLED,Universal Display Corp \Pa\,9.0,0.0
2023,651,AA,Alcoa,9.0,0.0
2023,652,MARA,MARA Holdings,9.0,0.0
2023,653,TTEK,Tetra Tech,9.0,0.0
2023,654,BJ,BJ's Wholesale Club Holdings,9.0,0.0
2023,655,FRT,Federal Realty Investment Trust,9.0,0.0
2023,656,NTRA,Natera,9.0,0.0
2023,657,PCTY,Paylocity Holding,9.0,0.0
2023,658,RL,Ralph Lauren,9.0,0.0
2023,659,AGCO,Agco Corp,9.0,0.0
2023,660,PCVX,Vaxcyte,9.0,0.0
2023,661,AMH-PG,American Homes 4 Rent,9.0,0.0
2023,662,RHI,Robert Half,9.0,0.0
2023,663,JLL,Jones Lang Lasalle,9.0,0.0
2023,664,BIO,Bio-Rad Laboratories,9.0,0.0
2023,665,IBKR,Interactive Brokers Group,9.0,0.0
2023,666,TREX,Trex Co,9.0,0.0
2023,667,GPCR,Structure Therapeutics,9.0,0.0
2023,668,COLD,Americold Realty Trust,9.0,0.0
2023,669,HSIC,Henry Schein,9.0,0.0
2023,670,MEDP,Medpace Holdings,9.0,0.0
2023,671,RNR,Renaissancere Holdings,9.0,0.0
2023,672,PNW,Pinnacle West Capital,9.0,0.0
2023,673,AXTA,Axalta Coating Systems,9.0,0.0
2023,674,ELF,e.l.f. Beauty,9.0,0.0
2023,675,PSEC-PA,Prospect Capital,9.0,0.0
2023,676,MTCH,Match Group,8.0,0.0
2023,677,KVYO,Klaviyo,8.0,0.0
2023,678,UI,Ubiquiti,8.0,0.0
2023,679,AUR,Aurora Innovation,8.0,0.0
2023,680,DKS,Dick's Sporting Goods,8.0,0.0
2023,681,IONS,Ionis Pharmaceuticals,8.0,0.0
2023,682,AIZ,Assurant,8.0,0.0
2023,683,SSB,SouthState,8.0,0.0
2023,684,AMKR,Amkor Technology,8.0,0.0
2023,685,ALV,Autoliv,8.0,0.0
2023,686,CW,Curtiss Wright,8.0,0.0
2023,687,WH,Wyndham Hotels & Resorts,8.0,0.0
2023,688,DLB,Dolby Laboratories,8.0,0.0
2023,689,WBS,Webster Financial,8.0,0.0
2023,690,SSD,Simpson Manufacturing Co.,8.0,0.0
2023,691,COHR,Coherent,8.0,0.0
2023,692,NNN,Nnn Reit,8.0,0.0
2023,693,APG,APi Group,8.0,0.0
2023,694,TXRH,Texas Roadhouse,8.0,0.0
2023,695,WWD,Woodward,8.0,0.0
2023,696,BILL,BILL Holdings,8.0,0.0
2023,697,W,Wayfair,8.0,0.0
2023,698,FTI,TechnipFMC,8.0,0.0
2023,699,WSC,WillScot Holdings,8.0,0.0
2023,700,CHE,Chemed,8.0,0.0
2023,701,CFLT,Confluent,8.0,0.0
2023,702,LAD,Lithia Motors,8.0,0.0
2023,703,HLI,Houlihan Lokey,8.0,0.0
2023,704,ATR,Aptargroup,8.0,0.0
2023,705,NYT,New York Times,8.0,0.0
2023,706,IVZ,Invesco,8.0,0.0
2023,707,SNX,Td Synnex,8.0,0.0
2023,708,BBIO,BridgeBio Pharma,8.0,0.0
2023,709,ROIV,Roivant Sciences,8.0,0.0
2023,710,ESTC,Elastic N.V.,8.0,0.0
2023,711,TTC,Toro,8.0,0.0
2023,712,ETSY,Etsy,8.0,0.0
2023,713,STWD,Starwood Property Trust,8.0,0.0
2023,714,COLB,Columbia Banking System,8.0,0.0
2023,715,KNSL,Kinsale Capital Group,8.0,0.0
2023,716,SM,SM Energy,8.0,0.0
2023,717,APLS,Apellis Pharmaceuticals,8.0,0.0
2023,718,SEIC,Sei Investments,8.0,0.0
2023,719,NE,Noble Corp,8.0,0.0
2023,720,IMVT,Immunovant,8.0,0.0
2023,721,JEF,Jefferies Financial Group,8.0,0.0
2023,722,JAZZ,Jazz Pharmaceuticals,8.0,0.0
2023,723,DOCU,Docusign,8.0,0.0
2023,724,ONTO,Onto Innovation,8.0,0.0
2023,725,GWRE,Guidewire Software,8.0,0.0
2023,726,MTN,Vail Resorts,8.0,0.0
2023,727,ADC,Agree Realty,8.0,0.0
2023,728,GNRC,Generac Holdings,8.0,0.0
2023,729,WCC,Wesco International,8.0,0.0
2023,730,CUE,Cue Biopharma,8.0,0.0
2023,731,STAG,STAG Industrial,7.0,0.0
2023,732,CHWY,Chewy,7.0,0.0
2023,733,TPR,Tapestry,7.0,0.0
2023,734,ELAN,Elanco Animal Health,7.0,0.0
2023,735,UNM,Unum Group,7.0,0.0
2023,736,ARMK,Aramark,7.0,0.0
2023,737,SF,Stifel Financial,7.0,0.0
2023,738,RMBS,Rambus,7.0,0.0
2023,739,OBDC,Blue Owl Capital,7.0,0.0
2023,740,BWA,Borgwarner,7.0,0.0
2023,741,GTLB,Gitlab,7.0,0.0
2023,742,VFC,V F,7.0,0.0
2023,743,NOV,Nov,7.0,0.0
2023,744,BURL,Burlington Stores,7.0,0.0
2023,745,GPK,Graphic Packaging Holding,7.0,0.0
2023,746,WHR,Whirlpool Corp,7.0,0.0
2023,747,FIX,Comfort Systems Usa,7.0,0.0
2023,748,GMED,Globus Medical,7.0,0.0
2023,749,OGE,Oge Energy,7.0,0.0
2023,750,SITE,SiteOne Landscape Supply,7.0,0.0
2023,751,HAS,Hasbro,7.0,0.0
2023,752,TXG,10x Genomics,7.0,0.0
2023,753,LEA,Lear,7.0,0.0
2023,754,SPSC,Sps Commerce,7.0,0.0
2023,755,RRC,Range Resources,7.0,0.0
2023,756,CACI,Caci International Inc,7.0,0.0
2023,757,ORI,Old Republic International,7.0,0.0
2023,758,BRX,Brixmor Property Group,7.0,0.0
2023,759,CMA,Comerica Inc /New/,7.0,0.0
2023,760,WAL,Western Alliance Ban,7.0,0.0
2023,761,XRAY,Dentsply Sirona,7.0,0.0
2023,762,UFPI,Ufp Industries,7.0,0.0
2023,763,WING,Wingstop,7.0,0.0
2023,764,MTDR,Matador Resources,7.0,0.0
2023,765,DVA,Davita,7.0,0.0
2023,766,ACHC,Acadia Healthcare Company,7.0,0.0
2023,767,GNTX,Gentex,7.0,0.0
2023,768,WFRD,Weatherford International,7.0,0.0
2023,769,ACGLN,Arch Capital Group,7.0,0.0
2023,770,RIG,Transocean,7.0,0.0
2023,771,AR,Antero Resources,7.0,0.0
2023,772,KBR,Kbr,7.0,0.0
2023,773,BWXT,BWX Technologies,7.0,0.0
2023,774,GXO,GXO Logistics,7.0,0.0
2023,775,MTSI,MACOM Technology Solutions Holdings,7.0,0.0
2023,776,FR,First Industrial Realty Trust,7.0,0.0
2023,777,WTS,Watts Water Technologies,7.0,0.0
2023,778,ALL-PJ,Allstate,7.0,0.0
2023,779,NXT,Nextracker,7.0,0.0
2023,780,MIDD,Middleby,7.0,0.0
2023,781,RHP,Ryman Hospitality Properties,7.0,0.0
2023,782,DBX,Dropbox,7.0,0.0
2023,783,MKSI,Mks,7.0,0.0
2023,784,HKHC,Horizon Kinetics Holding,7.0,0.0
2023,785,INGR,Ingredion,7.0,0.0
2023,786,CFR,Cullen/Frost Bankers,7.0,0.0
2023,787,CR,Crane,7.0,0.0
2023,788,FN,Fabrinet,7.0,0.0
2023,789,NOVT,Novanta,7.0,0.0
2023,790,FHN,First Horizon,7.0,0.0
2023,791,OSK,Oshkosh,7.0,0.0
2023,792,TOL,Toll Brothers,7.0,0.0
2023,793,LFUS,Littelfuse Inc,7.0,0.0
2023,794,DCI,DONALDSON Co,7.0,0.0
2023,795,INSM,Insmed,7.0,0.0
2023,796,EVR,Evercore,7.0,0.0
2023,797,FRSH,Freshworks,7.0,0.0
2023,798,CBSH,Commerce Bancshares Inc /Mo/,7.0,0.0
2023,799,FAF,First American Financial,7.0,0.0
2023,800,EHC,Encompass Health,7.0,0.0
2023,801,MUSA,Murphy USA,7.0,0.0
2023,802,LSTR,Landstar System,7.0,0.0
2023,803,PPC,Pilgrims Pride,7.0,0.0
2023,804,TRNO,Terreno Realty,7.0,0.0
2023,805,TEX,Terex,7.0,0.0
2023,806,ENSG,Ensign Group,7.0,0.0
2023,807,GTLS,Chart Industries,7.0,0.0
2023,808,PRI,Primerica,7.0,0.0
2023,809,ONB,Old National Bancorp /In/,7.0,0.0
2023,810,THC,Tenet Healthcare,7.0,0.0
2023,811,BRBR,Bellring Brands,7.0,0.0
2023,812,TPG,Tpg,6.0,0.0
2023,813,EXP,Eagle Materials,6.0,0.0
2023,814,ZION,"Zions Bancorporation, National Association /Ut/",6.0,0.0
2023,815,ST,Sensata Technologies Holding,6.0,0.0
2023,816,AIT,Applied Industrial Technologies,6.0,0.0
2023,817,MHK,Mohawk Industries,6.0,0.0
2023,818,UMBF,Umb Financial,6.0,0.0
2023,819,MTH,Meritage Homes,6.0,0.0
2023,820,FYBR,Frontier Communications Parent,6.0,0.0
2023,821,BC,Brunswick,6.0,0.0
2023,822,BHVN,Biohaven,6.0,0.0
2023,823,TKO,TKO Group Holdings,6.0,0.0
2023,824,PB,Prosperity Bancshares,6.0,0.0
2023,825,EXEL,Exelixis,6.0,0.0
2023,826,JOBY,Joby Aviation,6.0,0.0
2023,827,PLUG,Plug Power,6.0,0.0
2023,828,CAR,Avis Budget Group,6.0,0.0
2023,829,AOS,Smith A O,6.0,0.0
2023,830,APPF,Appfolio,6.0,0.0
2023,831,WTFC,Wintrust Financial,6.0,0.0
2023,832,ATI,Ati,6.0,0.0
2023,833,OLN,Olin,6.0,0.0
2023,834,FIVN,Five9,6.0,0.0
2023,835,FCN,Fti Consulting,6.0,0.0
2023,836,HRB,H&R Block,6.0,0.0
2023,837,MASI,Masimo,6.0,0.0
2023,838,FG,F&G Annuities & Life,6.0,0.0
2023,839,MUR,Murphy Oil,6.0,0.0
2023,840,RLI,Rli,6.0,0.0
2023,841,BLCO,Bausch & Lomb,6.0,0.0
2023,842,HQY,Healthequity,6.0,0.0
2023,843,AAON,Aaon,6.0,0.0
2023,844,CRSP,CRISPR Therapeutics AG,6.0,0.0
2023,845,LEVI,Levi Strauss,6.0,0.0
2023,846,HR,Healthcare Realty Trust,6.0,0.0
2023,847,CPRI,Capri Holdings,6.0,0.0
2023,848,FLR,Fluor,6.0,0.0
2023,849,DV,DoubleVerify Holdings,6.0,0.0
2023,850,AM,Antero Midstream,6.0,0.0
2023,851,CLVT,Clarivate,6.0,0.0
2023,852,LYFT,Lyft,6.0,0.0
2023,853,G,Genpact,6.0,0.0
2023,854,CWAN,Clearwater Analytics Holdings,6.0,0.0
2023,855,MTZ,Mastec,6.0,0.0
2023,856,GME,GameStop,6.0,0.0
2023,857,INSP,Inspire Medical Systems,6.0,0.0
2023,858,CIEN,Ciena,6.0,0.0
2023,859,PLNT,Planet Fitness,6.0,0.0
2023,860,NUVL,Nuvalent,6.0,0.0
2023,861,WK,Workiva,6.0,0.0
2023,862,OMF,OneMain Holdings,6.0,0.0
2023,863,CACC,Credit Acceptance,6.0,0.0
2023,864,CNXC,Concentrix,6.0,0.0
2023,865,AVAV,AeroVironment,6.0,0.0
2023,866,GTM,ZoomInfo Technologies,6.0,0.0
2023,867,SEDG,Solaredge Technologies,6.0,0.0
2023,868,REYN,Reynolds Consumer Products,6.0,0.0
2023,869,ESI,Element Solutions,6.0,0.0
2023,870,CART,Maplebear,6.0,0.0
2023,871,ALGM,Allegro Microsystems,6.0,0.0
2023,872,HXL,Hexcel Corp,6.0,0.0
2023,873,FSK,FS KKR Capital,6.0,0.0
2023,874,TNET,Trinet Group,6.0,0.0
2023,875,DTM,DT Midstream,6.0,0.0
2023,876,TKR,Timken,6.0,0.0
2023,877,RYAN,Ryan Specialty Holdings,6.0,0.0
2023,878,SON,Sonoco Products,6.0,0.0
2023,879,CNM,Core & Main,6.0,0.0
2023,880,EPRT,Essential Properties Realty Trust,6.0,0.0
2023,881,MSM,Msc Industrial Direct Co,6.0,0.0
2023,882,DBC,Invesco DB Commodity Index Tracking Fund,6.0,0.0
2023,883,AYI,Acuity Inc. (De),5.0,0.0
2023,884,MAT,Mattel Inc,5.0,0.0
2023,885,FOUR,Shift4 Payments,5.0,0.0
2023,886,PRMB,Primo Brands,5.0,0.0
2023,887,NSIT,Insight Enterprises,5.0,0.0
2023,888,PII,Polaris,5.0,0.0
2023,889,CWST,Casella Waste Systems,5.0,0.0
2023,890,ATKR,Atkore,5.0,0.0
2023,891,IDA,Idacorp,5.0,0.0
2023,892,BPOP,Popular,5.0,0.0
2023,893,RIOT,Riot Platforms,5.0,0.0
2023,894,SEE,Sealed Air Corp,5.0,0.0
2023,895,GBCI,Glacier Bancorp,5.0,0.0
2023,896,VNO,Vornado Realty Trust,5.0,0.0
2023,897,ACAD,Acadia Pharmaceuticals,5.0,0.0
2023,898,TENB,Tenable Holdings,5.0,0.0
2023,899,MDGL,Madrigal Pharmaceuticals,5.0,0.0
2023,900,DRS,Leonardo DRS,5.0,0.0
2023,901,UGI,Ugi Corp /Pa/,5.0,0.0
2023,902,OPCH,Option Care Health,5.0,0.0
2023,903,S,SentinelOne,5.0,0.0
2023,904,ESAB,Esab,5.0,0.0
2023,905,WMG,Warner Music Group,5.0,0.0
2023,906,FLS,Flowserve,5.0,0.0
2023,907,DOCS,Doximity,5.0,0.0
2023,908,VRNS,Varonis Systems,5.0,0.0
2023,909,UBSI,United Bankshares Inc/Wv,5.0,0.0
2023,910,RXRX,Recursion Pharmaceuticals,5.0,0.0
2023,911,ASH,Ashland,5.0,0.0
2023,912,MLI,Mueller Industries,5.0,0.0
2023,913,CHH,Choice Hotels International Inc,5.0,0.0
2023,914,AN,Autonation,5.0,0.0
2023,915,AGL,agilon health,5.0,0.0
2023,916,AUB,Atlantic Union Bankshares,5.0,0.0
2023,917,ADT,Adt,5.0,0.0
2023,918,PBF,PBF Energy,5.0,0.0
2023,919,JBTM,JBT Marel,5.0,0.0
2023,920,IBRX,ImmunityBio,5.0,0.0
2023,921,BOKF,Bok Financial,5.0,0.0
2023,922,CNR,Core Natural Resources,5.0,0.0
2023,923,TMHC,Taylor Morrison Home,5.0,0.0
2023,924,LNC,Lincoln National,5.0,0.0
2023,925,BFAM,Bright Horizons Family Solutions,5.0,0.0
2023,926,FNMAP,Federal National Mortgage Association Fannie Mae,5.0,0.0
2023,927,SPXC,SPX Technologies,5.0,0.0
2023,928,CMC,Commercial Metals,5.0,0.0
2023,929,NEU,Newmarket,5.0,0.0
2023,930,QDEL,QuidelOrtho,5.0,0.0
2023,931,POR,Portland General Electric Co /Or/,5.0,0.0
2023,932,CAVA,Cava Group,5.0,0.0
2023,933,CTRE,CareTrust REIT,5.0,0.0
2023,934,HOMB,Home Bancshares,5.0,0.0
2023,935,LPX,Louisiana-Pacific,5.0,0.0
2023,936,HRI,Herc Holdings,5.0,0.0
2023,937,ZWS,Zurn Elkay Water Solutions,5.0,0.0
2023,938,IBP,Installed Building Products,5.0,0.0
2023,939,VNT,Vontier,5.0,0.0
2023,940,CRC,California Resources,5.0,0.0
2023,941,DJT,Trump Media & Technology Group,5.0,0.0
2023,942,FRHC,Freedom Holding,5.0,0.0
2023,943,EXLS,ExlService Holdings,5.0,0.0
2023,944,BYD,Boyd Gaming,5.0,0.0
2023,945,VVV,Valvoline,5.0,0.0
2023,946,SHC,Sotera Health,5.0,0.0
2023,947,SLGN,Silgan Holdings,5.0,0.0
2023,948,BCPC,Balchem,5.0,0.0
2023,949,NFG,National Fuel Gas,5.0,0.0
2023,950,FCFS,FirstCash Holdings,5.0,0.0
2023,951,NXST,Nexstar Media Group,5.0,0.0
2023,952,FTAI,FTAI Aviation,5.0,0.0
2023,953,FLO,Flowers Foods,5.0,0.0
2023,954,VAL,Valaris,5.0,0.0
2023,955,CC,Chemours,5.0,0.0
2023,956,BRZE,Braze,5.0,0.0
2023,957,KRC,Kilroy Realty,5.0,0.0
2023,958,RARE,Ultragenyx Pharmaceutical,5.0,0.0
2023,959,CROX,Crocs,5.0,0.0
2023,960,AL,Air Lease,5.0,0.0
2023,961,GAP,Gap,5.0,0.0
2023,962,KD,Kyndryl Holdings,5.0,0.0
2023,963,FSS,Federal Signal Corp,5.0,0.0
2023,964,EQH-PC,Equitable Holdings,5.0,0.0
2023,965,JHG,Janus Henderson Group,5.0,0.0
2023,966,BCC,Boise Cascade,5.0,0.0
2023,967,KRG,Kite Realty Group Trust,5.0,0.0
2023,968,GKOS,Glaukos,5.0,0.0
2023,969,ORA,Ormat Technologies,5.0,0.0
2023,970,IPAR,Interparfums,5.0,0.0
2023,971,PFSI,PennyMac Financial Services,5.0,0.0
2023,972,IPGP,Ipg Photonics,5.0,0.0
2023,973,TXNM,Txnm Energy,5.0,0.0
2023,974,RUN,Sunrun,5.0,0.0
2023,975,OLLI,Ollie's Bargain Outlet Holdings,5.0,0.0
2023,976,ALKS,Alkermes plc.,5.0,0.0
2023,977,THO,Thor Industries,5.0,0.0
2023,978,PECO,Phillips Edison & Company,5.0,0.0
2023,979,VMI,Valmont Industries,5.0,0.0
2023,980,SFM,Sprouts Farmers Market,5.0,0.0
2023,981,POWI,Power Integrations,5.0,0.0
2023,982,MZTI,Marzetti,5.0,0.0
2023,983,R,Ryder System,5.0,0.0
2023,984,MMSI,Merit Medical Systems,5.0,0.0
2023,985,BMI,Badger Meter,5.0,0.0
2023,986,BKNG,Booking Holdings,4.0,0.0
2023,987,NJR,New Jersey Resources,4.0,0.0
2023,988,ALK,Alaska Air Group,4.0,0.0
2023,989,PRGO,PERRIGO Co,4.0,0.0
2023,990,MMS,Maximus,4.0,0.0
2023,991,IONQ,IonQ,4.0,0.0
2023,992,SYNA,Synaptics,4.0,0.0
2023,993,NSP,Insperity,4.0,0.0
2023,994,FOLD,Amicus Therapeutics,4.0,0.0
2023,995,MSGS,Madison Square Garden Sports,4.0,0.0
2023,996,HALO,Halozyme Therapeutics,4.0,0.0
2023,997,CRGY,Crescent Energy,4.0,0.0
2023,998,ARWR,Arrowhead Pharmaceuticals,4.0,0.0
2023,999,IRDM,Iridium Communications,4.0,0.0
2023,1000,HUN,Huntsman,4.0,0.0
2024,1,AAPL,Apple,3749.0,6.3
2024,2,NVDA,NVIDIA,3437.0,5.8
2024,3,MSFT,Microsoft,3130.0,5.3
2024,4,AMZN,Amazon Com,2359.0,4.0
2024,5,GOOGL,Alphabet,2307.0,3.9
2024,6,TSLA,Tesla,1516.0,2.6
2024,7,META,Meta Platforms,1484.0,2.5
2024,8,BRK-B,Berkshire Hathaway,979.0,1.7
2024,9,AVGO,Broadcom,800.0,1.4
2024,10,LLY,Eli Lilly,728.0,1.2
2024,11,WMT,Walmart,653.0,1.1
2024,12,JPM,JPMorgan Chase,651.0,1.1
2024,13,V,Visa,648.0,1.1
2024,14,ORCL,Oracle,531.0,0.9
2024,15,MA,Mastercard,469.0,0.8
2024,16,UNH,Unitedhealth Group,459.0,0.8
2024,17,XOM,Exxon Mobil,446.0,0.8
2024,18,COST,Costco Wholesale Corp,428.0,0.7
2024,19,HD,Home Depot,397.0,0.7
2024,20,PG,Procter & Gamble,390.0,0.7
2024,21,NFLX,Netflix,381.0,0.6
2024,22,JNJ,Johnson & Johnson,349.0,0.6
2024,23,BAC,Bank Of America Corp,319.0,0.5
2024,24,ABBV,AbbVie,314.0,0.5
2024,25,CVX,Chevron,288.0,0.5
2024,26,KO,Coca Cola,268.0,0.5
2024,27,CRM,Salesforce,253.0,0.4
2024,28,MRK,Merck & Co.,246.0,0.4
2024,29,TMUS,T-Mobile US,243.0,0.4
2024,30,ACN,Accenture,224.0,0.4
2024,31,CSCO,Cisco Systems,220.0,0.4
2024,32,NOW,ServiceNow,219.0,0.4
2024,33,PM,Philip Morris International,217.0,0.4
2024,34,WFC,Wells Fargo & Company/Mn,216.0,0.4
2024,35,ADBE,Adobe,209.0,0.4
2024,36,PEP,Pepsico,209.0,0.4
2024,37,IBM,International Business Machines,206.0,0.3
2024,38,AMD,Advanced Micro Devices,204.0,0.3
2024,39,AXP,American Express,202.0,0.3
2024,40,ABT,Abbott Laboratories,197.0,0.3
2024,41,DIS,Walt Disney,197.0,0.3
2024,42,MS,Morgan Stanley,196.0,0.3
2024,43,LIN,Linde,194.0,0.3
2024,44,TMO,Thermo Fisher Scientific,194.0,0.3
2024,45,ISRG,Intuitive Surgical,185.0,0.3
2024,46,PLTR,Palantir Technologies,181.0,0.3
2024,47,BA,Boeing,179.0,0.3
2024,48,GE,GE Aerospace,175.0,0.3
2024,49,GS,Goldman Sachs Group,174.0,0.3
2024,50,TXN,Texas Instruments,170.0,0.3
2024,51,INTU,Intuit,168.0,0.3
2024,52,VZ,Verizon Communications,168.0,0.3
2024,53,QCOM,Qualcomm Inc,168.0,0.3
2024,54,CAT,Caterpillar,167.0,0.3
2024,55,DHR,Danaher Corp,162.0,0.3
2024,56,T,AT&T,160.0,0.3
2024,57,BLK,BlackRock,159.0,0.3
2024,58,RTX,Rtx,156.0,0.3
2024,59,PFE,Pfizer,151.0,0.3
2024,60,NEE,Nextera Energy,149.0,0.3
2024,61,AMAT,Applied Materials Inc,148.0,0.3
2024,62,SPGI,S&P Global,148.0,0.3
2024,63,LOW,Lowes Companies,147.0,0.2
2024,64,HON,Honeywell International,147.0,0.2
2024,65,CMCSA,Comcast,147.0,0.2
2024,66,AMGN,Amgen,141.0,0.2
2024,67,PGR,Progressive Corp/Oh/,140.0,0.2
2024,68,ANET,Arista Networks,139.0,0.2
2024,69,SHOP,Shopify,139.0,0.2
2024,70,T-PC,At&T,138.0,0.2
2024,71,SYK,Stryker,138.0,0.2
2024,72,BX,Blackstone,135.0,0.2
2024,73,UNP,Union Pacific,135.0,0.2
2024,74,TJX,Tjx Companies Inc,134.0,0.2
2024,75,BSX,Boston Scientific,133.0,0.2
2024,76,KKR,KKR & Co.,132.0,0.2
2024,77,SCHW,Schwab Charles,129.0,0.2
2024,78,ETN,Eaton Corp,129.0,0.2
2024,79,UBER,Uber Technologies,123.0,0.2
2024,80,C,Citigroup,122.0,0.2
2024,81,COP,Conocophillips,121.0,0.2
2024,82,PANW,Palo Alto Networks,118.0,0.2
2024,83,ADP,Automatic Data Processing,117.0,0.2
2024,84,NKE,Nike,117.0,0.2
2024,85,MDT,Medtronic,116.0,0.2
2024,86,BMY,Bristol Myers Squibb,115.0,0.2
2024,87,GILD,Gilead Sciences,115.0,0.2
2024,88,COF,Capital One Financial,111.0,0.2
2024,89,LMT,Lockheed Martin,111.0,0.2
2024,90,MU,Micron Technology,111.0,0.2
2024,91,DE,Deere,110.0,0.2
2024,92,ADI,Analog Devices,110.0,0.2
2024,93,APP,AppLovin,109.0,0.2
2024,94,AMCR,Amcor,109.0,0.2
2024,95,CB,Chubb,108.0,0.2
2024,96,SBUX,Starbucks,105.0,0.2
2024,97,MMC,Marsh & Mclennan Companies,104.0,0.2
2024,98,MDLZ,Mondelez International,104.0,0.2
2024,99,VRTX,Vertex Pharmaceuticals Inc / Ma,102.0,0.2
2024,100,INTC,Intel,102.0,0.2
2024,101,SNPS,Synopsys,98.0,0.2
2024,102,APO,Apollo Global Management,98.0,0.2
2024,103,PLD,Prologis,98.0,0.2
2024,104,MSTR,Microstrategy,97.0,0.2
2024,105,EQIX,Equinix,93.0,0.2
2024,106,ENB,Enbridge,93.0,0.2
2024,107,SO,Southern,93.0,0.2
2024,108,LRCX,Lam Research,92.0,0.2
2024,109,CTAS,Cintas,90.0,0.2
2024,110,UPS,United Parcel Service,90.0,0.2
2024,111,GEV,GE Vernova,88.0,0.1
2024,112,DELL,Dell Technologies,88.0,0.1
2024,113,WELL,Welltower,88.0,0.1
2024,114,MO,Altria Group,88.0,0.1
2024,115,BAM,Brookfield Asset Management,87.0,0.1
2024,116,MELI,Mercadolibre,86.0,0.1
2024,117,AMT,American Tower Corp /Ma/,85.0,0.1
2024,118,APH,Amphenol Corp,85.0,0.1
2024,119,ICE,Intercontinental Exchange,84.0,0.1
2024,120,DUK,Duke Energy,84.0,0.1
2024,121,SHW,Sherwin Williams,84.0,0.1
2024,122,CME,Cme Group,83.0,0.1
2024,123,MCO,Moodys Corp,83.0,0.1
2024,124,KLAC,Kla,82.0,0.1
2024,125,TT,Trane Technologies,82.0,0.1
2024,126,CDNS,Cadence Design Systems,82.0,0.1
2024,127,ELV,Elevance Health,81.0,0.1
2024,128,WM,Waste Management,81.0,0.1
2024,129,PH,Parker-Hannifin,80.0,0.1
2024,130,CEG,Constellation Energy,79.0,0.1
2024,131,ABNB,Airbnb,79.0,0.1
2024,132,PNC,Pnc Financial Services Group,78.0,0.1
2024,133,CMG,Chipotle Mexican Grill,77.0,0.1
2024,134,AON,Aon,77.0,0.1
2024,135,MSI,Motorola Solutions,77.0,0.1
2024,136,PYPL,PayPal Holdings,76.0,0.1
2024,137,TDG,TransDigm Group,75.0,0.1
2024,138,CRWD,CrowdStrike Holdings,74.0,0.1
2024,139,USB,Us Bancorp \De\,74.0,0.1
2024,140,MAR,Marriott International Inc /Md/,74.0,0.1
2024,141,REGN,Regeneron Pharmaceuticals,74.0,0.1
2024,142,ITW,Illinois Tool Works,73.0,0.1
2024,143,DASH,DoorDash,73.0,0.1
2024,144,CL,Colgate Palmolive,73.0,0.1
2024,145,AJG,Arthur J. Gallagher,73.0,0.1
2024,146,CI,Cigna Group,73.0,0.1
2024,147,FDX,Fedex,72.0,0.1
2024,148,MRVL,Marvell Technology,72.0,0.1
2024,149,GD,General Dynamics,71.0,0.1
2024,150,SCCO,Southern Copper Corp/,71.0,0.1
2024,151,MCK,Mckesson,70.0,0.1
2024,152,FTNT,Fortinet,70.0,0.1
2024,153,EMR,Emerson Electric,69.0,0.1
2024,154,ZTS,Zoetis,69.0,0.1
2024,155,TGT,Target,68.0,0.1
2024,156,ORLY,O Reilly Automotive,68.0,0.1
2024,157,EPD,Enterprise Products Partners L.P.,68.0,0.1
2024,158,MMM,3M,67.0,0.1
2024,159,HCA,HCA Healthcare,67.0,0.1
2024,160,NOC,Northrop Grumman Corp,67.0,0.1
2024,161,WMB,Williams Companies,66.0,0.1
2024,162,ECL,Ecolab,66.0,0.1
2024,163,COIN,Coinbase Global,65.0,0.1
2024,164,EOG,Eog Resources,65.0,0.1
2024,165,BDX,Becton Dickinson,65.0,0.1
2024,166,CP,Canadian Pacific Kansas City Ltd/Cn,65.0,0.1
2024,167,APD,Air Products & Chemicals,65.0,0.1
2024,168,TEAM,Atlassian,64.0,0.1
2024,169,OKE,Oneok Inc /New/,63.0,0.1
2024,170,RCL,Royal Caribbean Cruises,62.0,0.1
2024,171,RSG,Republic Services,62.0,0.1
2024,172,CRH,Crh Public Ltd,62.0,0.1
2024,173,DLR,Digital Realty Trust,61.0,0.1
2024,174,KMI,Kinder Morgan,61.0,0.1
2024,175,ADSK,Autodesk,60.0,0.1
2024,176,CSX,Csx,60.0,0.1
2024,177,WDAY,Workday,59.0,0.1
2024,178,SRE,Sempra,57.0,0.1
2024,179,SLB,Schlumberger Limited/Nv,57.0,0.1
2024,180,CVS,Cvs Health,57.0,0.1
2024,181,CARR,Carrier Global,57.0,0.1
2024,182,HLT,Hilton Worldwide Holdings,56.0,0.1
2024,183,FREJP,Federal Home Loan Mortgage,56.0,0.1
2024,184,TTD,Trade Desk,56.0,0.1
2024,185,ARES,Ares Management,55.0,0.1
2024,186,FCX,Freeport-Mcmoran,55.0,0.1
2024,187,PCAR,Paccar,55.0,0.1
2024,188,ROP,Roper Technologies,54.0,0.1
2024,189,TFC,Truist Financial,54.0,0.1
2024,190,BK,Bank of New York Mellon,53.0,0.1
2024,191,PLDGP,Prologis,53.0,0.1
2024,192,MET,Metlife,53.0,0.1
2024,193,AFL,Aflac,53.0,0.1
2024,194,NSC,Norfolk Southern,53.0,0.1
2024,195,PSA,Public Storage,53.0,0.1
2024,196,NXPI,NXP Semiconductors N.V.,53.0,0.1
2024,197,PAYX,Paychex,52.0,0.1
2024,198,MNST,Monster Beverage,51.0,0.1
2024,199,AZO,Autozone,51.0,0.1
2024,200,TRV,Travelers Companies,51.0,0.1
2024,201,XYZ,Block,51.0,0.1
2024,202,DDOG,Datadog,50.0,0.1
2024,203,AEP,American Electric Power Co,50.0,0.1
2024,204,ALL,Allstate,50.0,0.1
2024,205,GWW,W.W. Grainger,50.0,0.1
2024,206,O,Realty Income,50.0,0.1
2024,207,AMP,Ameriprise Financial,50.0,0.1
2024,208,OXY,Occidental Petroleum Corp,49.0,0.1
2024,209,MPLX,Mplx,49.0,0.1
2024,210,JCI,Johnson Controls International,48.0,0.1
2024,211,CMI,Cummins,48.0,0.1
2024,212,CPRT,Copart,48.0,0.1
2024,213,GM,General Motors,48.0,0.1
2024,214,BA-PA,Boeing,48.0,0.1
2024,215,AXON,Axon Enterprise,48.0,0.1
2024,216,PWR,Quanta Services,47.0,0.1
2024,217,D,Dominion Energy,47.0,0.1
2024,218,VST,Vistra,47.0,0.1
2024,219,FICO,Fair Isaac,46.0,0.1
2024,220,FANG,Diamondback Energy,46.0,0.1
2024,221,PSX,Phillips 66,46.0,0.1
2024,222,LNG,Cheniere Energy,45.0,0.1
2024,223,FLUT,Flutter Entertainment,45.0,0.1
2024,224,ROST,Ross Stores,45.0,0.1
2024,225,PCG,Pg&E,44.0,0.1
2024,226,URI,United Rentals,44.0,0.1
2024,227,HWM,Howmet Aerospace,44.0,0.1
2024,228,WCN,Waste Connections,44.0,0.1
2024,229,MSCI,Msci,44.0,0.1
2024,230,COR,Cencora,44.0,0.1
2024,231,KDP,Keurig Dr Pepper,44.0,0.1
2024,232,NDAQ,Nasdaq,44.0,0.1
2024,233,VRT,Vertiv Holdings,44.0,0.1
2024,234,KMB,Kimberly Clark,43.0,0.1
2024,235,NEMCL,NEWMONT Corp,43.0,0.1
2024,236,CHTR,"Charter Communications, Inc. /Mo/",43.0,0.1
2024,237,EW,Edwards Lifesciences,43.0,0.1
2024,238,TEL,TE Connectivity,42.0,0.1
2024,239,STZ,Constellation Brands,42.0,0.1
2024,240,PEG,Public Service Enterprise Group,42.0,0.1
2024,241,XEL,Xcel Energy,42.0,0.1
2024,242,FIS,Fidelity National Information Services,42.0,0.1
2024,243,RBLX,Roblox,41.0,0.1
2024,244,KVUE,Kenvue,41.0,0.1
2024,245,AME,Ametek Inc/,41.0,0.1
2024,246,PRU,Prudential Financial,41.0,0.1
2024,247,FAST,Fastenal,41.0,0.1
2024,248,MPC,Marathon Petroleum,41.0,0.1
2024,249,GLW,Corning Inc /Ny,41.0,0.1
2024,250,BKR,Baker Hughes,41.0,0.1
2024,251,NEM,NEWMONT Corp,40.0,0.1
2024,252,CPNG,Coupang,40.0,0.1
2024,253,DHI,Horton D R Inc,40.0,0.1
2024,254,DAL,Delta Air Lines,40.0,0.1
2024,255,GRMN,Garmin,40.0,0.1
2024,256,SNOW,Snowflake,40.0,0.1
2024,257,CCI,Crown Castle,40.0,0.1
2024,258,F,Ford Motor,40.0,0.1
2024,259,LHX,"L3Harris Technologies, Inc.",39.0,0.1
2024,260,AIG,American International Group,39.0,0.1
2024,261,KR,Kroger,39.0,0.1
2024,262,CBRE,Cbre Group,39.0,0.1
2024,263,EXC,Exelon,39.0,0.1
2024,264,TRGP,Targa Resources,38.0,0.1
2024,265,CTVA,Corteva,38.0,0.1
2024,266,FERG,Ferguson Enterprises Inc.,38.0,0.1
2024,267,NET,Cloudflare,38.0,0.1
2024,268,INVUP,Investview,37.0,0.1
2024,269,YUM,Yum Brands,37.0,0.1
2024,270,SYY,Sysco,37.0,0.1
2024,271,A,Agilent Technologies,37.0,0.1
2024,272,ODFL,Old Dominion Freight Line,37.0,0.1
2024,273,CTSH,Cognizant Technology Solutions,37.0,0.1
2024,274,VLO,Valero Energy Corp/Tx,37.0,0.1
2024,275,EA,Electronic Arts,37.0,0.1
2024,276,HUBS,Hubspot,37.0,0.1
2024,277,KHC,Kraft Heinz,36.0,0.1
2024,278,VRSK,Verisk Analytics,36.0,0.1
2024,279,OTIS,Otis Worldwide,36.0,0.1
2024,280,GEHC,GE HealthCare Technologies,36.0,0.1
2024,281,IR,Ingersoll Rand,35.0,0.1
2024,282,LULU,lululemon athletica,35.0,0.1
2024,283,FITB,Fifth Third Ban,35.0,0.1
2024,284,GIS,General Mills,35.0,0.1
2024,285,ETR,Entergy Corp,35.0,0.1
2024,286,LVS,Las Vegas Sands,34.0,0.1
2024,287,HSY,Hershey,34.0,0.1
2024,288,HEI,Heico,34.0,0.1
2024,289,BRO,Brown & Brown,34.0,0.1
2024,290,VEEV,Veeva Systems,34.0,0.1
2024,291,TTWO,Take Two Interactive Software,34.0,0.1
2024,292,SCHW-PJ,Schwab Charles,34.0,0.1
2024,293,IP,International Paper Co /New/,34.0,0.1
2024,294,VMC,Vulcan Materials,34.0,0.1
2024,295,HOOD,Robinhood Markets,34.0,0.1
2024,296,RMD,Resmed,33.0,0.1
2024,297,IQV,Iqvia Holdings,33.0,0.1
2024,298,IDXX,Idexx Laboratories Inc,33.0,0.1
2024,299,HPQ,Hp,33.0,0.1
2024,300,ACGL,Arch Capital Group,33.0,0.1
2024,301,IT,Gartner,32.0,0.1
2024,302,ED,Consolidated Edison,32.0,0.1
2024,303,WAB,Westinghouse Air Brake Technologies,32.0,0.1
2024,304,ROK,Rockwell Automation,32.0,0.1
2024,305,EXR,Extra Space Storage,32.0,0.1
2024,306,UAL,United Airlines Holdings,32.0,0.1
2024,307,CCL,Carnival,32.0,0.1
2024,308,RDDT,Reddit,31.0,0.1
2024,309,USB-PS,Us Bancorp \De\,31.0,0.1
2024,310,ALNY,Alnylam Pharmaceuticals,31.0,0.1
2024,311,IRM,Iron Mountain,31.0,0.1
2024,312,VICI,Vici Properties,31.0,0.1
2024,313,MLM,Martin Marietta Materials,31.0,0.1
2024,314,MCHP,Microchip Technology,31.0,0.1
2024,315,AVB,Avalonbay Communities,31.0,0.1
2024,316,EIX,Edison International,31.0,0.1
2024,317,WEC,Wec Energy Group,31.0,0.1
2024,318,IMO,Imperial Oil,31.0,0.1
2024,319,RJF,Raymond James Financial,31.0,0.1
2024,320,HUM,Humana,30.0,0.1
2024,321,HBAN,Huntington Bancshares Inc /Md/,30.0,0.1
2024,322,EFX,Equifax,30.0,0.1
2024,323,HIG,Hartford Insurance Group,30.0,0.1
2024,324,LYV,Live Nation Entertainment,30.0,0.1
2024,325,DXCM,Dexcom,30.0,0.1
2024,326,CNC,Centene,30.0,0.1
2024,327,WTW,Willis Towers Watson,30.0,0.1
2024,328,AGNCL,AGNC Investment,30.0,0.0
2024,329,CSGP,Costar Group,30.0,0.0
2024,330,DECK,Deckers Outdoor,30.0,0.0
2024,331,ZS,Zscaler,29.0,0.0
2024,332,MPWR,Monolithic Power Systems,29.0,0.0
2024,333,EQT,Eqt,29.0,0.0
2024,334,TSCO,Tractor Supply Co,29.0,0.0
2024,335,DOW,Dow,29.0,0.0
2024,336,CINF,Cincinnati Financial,28.0,0.0
2024,337,K,Kellanova,28.0,0.0
2024,338,XYL,Xylem,28.0,0.0
2024,339,SW,Smurfit Westrock,28.0,0.0
2024,340,MTB,M&T Bank,28.0,0.0
2024,341,TW,Tradeweb Markets,28.0,0.0
2024,342,CAH,Cardinal Health,28.0,0.0
2024,343,TYL,Tyler Technologies,28.0,0.0
2024,344,VTR,Ventas,28.0,0.0
2024,345,EBAY,Ebay,28.0,0.0
2024,346,STT,State Street,27.0,0.0
2024,347,EL,Estee Lauder Companies,27.0,0.0
2024,348,EG,Everest Group,27.0,0.0
2024,349,EQR,Equity Residential,27.0,0.0
2024,350,NUE,Nucor,27.0,0.0
2024,351,PPG,Ppg Industries,27.0,0.0
2024,352,GPN,Global Payments,27.0,0.0
2024,353,IOT,Samsara,27.0,0.0
2024,354,WBD,Warner Bros. Discovery,26.0,0.0
2024,355,GDDY,GoDaddy,26.0,0.0
2024,356,BR,Broadridge Financial Solutions,26.0,0.0
2024,357,LPLA,LPL Financial Holdings,26.0,0.0
2024,358,CQP,"Cheniere Energy Partners, L.P.",26.0,0.0
2024,359,HPE,Hewlett Packard Enterprise,26.0,0.0
2024,360,OMC,Omnicom Group,26.0,0.0
2024,361,FTV,Fortive,26.0,0.0
2024,362,KEYS,Keysight Technologies,25.0,0.0
2024,363,DOV,Dover,25.0,0.0
2024,364,TEVA,Teva Pharmaceutical Industries,25.0,0.0
2024,365,FCNCA,First Citizens Bancshares Inc,25.0,0.0
2024,366,VLTO,Veralto,25.0,0.0
2024,367,DTE,Dte Energy,25.0,0.0
2024,368,ON,On Semiconductor,25.0,0.0
2024,369,MTD,Mettler Toledo International Inc/,25.0,0.0
2024,370,CHD,Church & Dwight Co Inc,25.0,0.0
2024,371,TROW,Price T Rowe Group,25.0,0.0
2024,372,AEE,Ameren,25.0,0.0
2024,373,PPL,Ppl,24.0,0.0
2024,374,ADM,Archer-Daniels-Midland,24.0,0.0
2024,375,AWK,American Water Works Company,24.0,0.0
2024,376,TFC-PR,Truist Financial,24.0,0.0
2024,377,LYB,LyondellBasell Industries N.V.,24.0,0.0
2024,378,MKL,Markel Group,24.0,0.0
2024,379,NTAP,NetApp,24.0,0.0
2024,380,EXE,Expand Energy,24.0,0.0
2024,381,WST,West Pharmaceutical Services,24.0,0.0
2024,382,ATO,Atmos Energy,23.0,0.0
2024,383,FE,Firstenergy,23.0,0.0
2024,384,CPAY,Corpay,23.0,0.0
2024,385,HAL,Halliburton,23.0,0.0
2024,386,NVR,Nvr,23.0,0.0
2024,387,EXPE,Expedia Group,23.0,0.0
2024,388,ALAB,Astera Labs,23.0,0.0
2024,389,QSR,Restaurant Brands International,23.0,0.0
2024,390,CDW,Cdw,23.0,0.0
2024,391,BIIB,Biogen,23.0,0.0
2024,392,AMCCF,Amcor,22.0,0.0
2024,393,NTRA,Natera,22.0,0.0
2024,394,ROL,Rollins,22.0,0.0
2024,395,HUBB,Hubbell,22.0,0.0
2024,396,WAT,Waters Corp,22.0,0.0
2024,397,WRB,Berkley W R,22.0,0.0
2024,398,ZM,Zoom Communications,22.0,0.0
2024,399,SYF,Synchrony Financial,22.0,0.0
2024,400,TDY,Teledyne Technologies,22.0,0.0
2024,401,PTC,Ptc,22.0,0.0
2024,402,MDB,MongoDB,22.0,0.0
2024,403,SBAC,Sba Communications,22.0,0.0
2024,404,ES,Eversource Energy,22.0,0.0
2024,405,IFF,International Flavors & Fragrances,22.0,0.0
2024,406,TOST,Toast,21.0,0.0
2024,407,TEVJF,Teva Pharmaceutical Industries,21.0,0.0
2024,408,LII,Lennox International,21.0,0.0
2024,409,WDC,Western Digital,21.0,0.0
2024,410,MKC,Mccormick & Co,21.0,0.0
2024,411,PHM,Pultegroup Inc/Mi/,21.0,0.0
2024,412,FNMAP,Federal National Mortgage Association Fannie Mae,21.0,0.0
2024,413,MKC-V,Mccormick & Co,21.0,0.0
2024,414,CNP,Centerpoint Energy,21.0,0.0
2024,415,ILMN,Illumina,21.0,0.0
2024,416,ZBRA,Zebra Technologies,21.0,0.0
2024,417,ZBH,Zimmer Biomet Holdings,21.0,0.0
2024,418,BF-A,Brown Forman,21.0,0.0
2024,419,FOXA,Fox,21.0,0.0
2024,420,AFRM,Affirm Holdings,21.0,0.0
2024,421,CBOE,Cboe Global Markets,20.0,0.0
2024,422,CMS,Cms Energy,20.0,0.0
2024,423,COO,Cooper Companies,20.0,0.0
2024,424,DVN,Devon Energy Corp,20.0,0.0
2024,425,RF,Regions Financial,20.0,0.0
2024,426,WY,Weyerhaeuser,20.0,0.0
2024,427,BEIGF,BeOne Medicines,20.0,0.0
2024,428,EME,EMCOR Group,20.0,0.0
2024,429,STE,Steris,20.0,0.0
2024,430,UI,Ubiquiti,20.0,0.0
2024,431,TER,Teradyne,20.0,0.0
2024,432,CLX,Clorox Co,20.0,0.0
2024,433,SOFI,SoFi Technologies,20.0,0.0
2024,434,ALSN,Allison Transmission Holdings,20.0,0.0
2024,435,FOX,Fox,19.0,0.0
2024,436,CTRA,Coterra Energy,19.0,0.0
2024,437,INVH,Invitation Homes,19.0,0.0
2024,438,AILIH,Ameren Illinois,19.0,0.0
2024,439,STX,Seagate Technology Holdings,19.0,0.0
2024,440,DRI,Darden Restaurants,19.0,0.0
2024,441,WSO,Watsco,19.0,0.0
2024,442,BBY,Best Buy Co,19.0,0.0
2024,443,IBKR,Interactive Brokers Group,19.0,0.0
2024,444,ERIE,Erie Indemnity,19.0,0.0
2024,445,NTRS,Northern Trust,19.0,0.0
2024,446,VRSN,Verisign Inc/Ca,19.0,0.0
2024,447,FSLR,First Solar,19.0,0.0
2024,448,FBTC,Fidelity Wise Origin Bitcoin Fund,19.0,0.0
2024,449,AILIP,Ameren Illinois,19.0,0.0
2024,450,LH,Labcorp Holdings,19.0,0.0
2024,451,KEY,Keycorp /New/,19.0,0.0
2024,452,CFG,Citizens Financial Group Inc/Ri,19.0,0.0
2024,453,PINS,Pinterest,18.0,0.0
2024,454,DUKB,Duke Energy,18.0,0.0
2024,455,ESS,Essex Property Trust,18.0,0.0
2024,456,SMCI,Super Micro Computer,18.0,0.0
2024,457,PODD,Insulet,18.0,0.0
2024,458,LDOS,Leidos Holdings,18.0,0.0
2024,459,SSNC,SS&C Technologies Holdings,18.0,0.0
2024,460,SNAP,Snap,18.0,0.0
2024,461,CG,Carlyle Group,18.0,0.0
2024,462,MAA,Mid America Apartment Communities,18.0,0.0
2024,463,DG,Dollar General,18.0,0.0
2024,464,FDS,Factset Research Systems,18.0,0.0
2024,465,TRU,TransUnion,18.0,0.0
2024,466,SNA,Snap-on,18.0,0.0
2024,467,COHR,Coherent,18.0,0.0
2024,468,RPM,Rpm International Inc,18.0,0.0
2024,469,NI,Nisource,18.0,0.0
2024,470,L,Loews,17.0,0.0
2024,471,NRG,Nrg Energy,17.0,0.0
2024,472,ZG,Zillow Group,17.0,0.0
2024,473,HRL,Hormel Foods Corp,17.0,0.0
2024,474,JEF,Jefferies Financial Group,17.0,0.0
2024,475,YUMC,Yum China Holdings,17.0,0.0
2024,476,PSTG,Pure Storage,17.0,0.0
2024,477,RBA,Rb Global,17.0,0.0
2024,478,RIVN,"Rivian Automotive, Inc. / DE",17.0,0.0
2024,479,PFG,Principal Financial Group,17.0,0.0
2024,480,LUV,Southwest Airlines,17.0,0.0
2024,481,ARE,Alexandria Real Estate Equities,17.0,0.0
2024,482,J,Jacobs Solutions,17.0,0.0
2024,483,DGX,Quest Diagnostics,17.0,0.0
2024,484,GEN,Gen Digital,17.0,0.0
2024,485,ULTA,Ulta Beauty,17.0,0.0
2024,486,STLD,Steel Dynamics,16.0,0.0
2024,487,TWLO,Twilio,16.0,0.0
2024,488,MRNA,Moderna,16.0,0.0
2024,489,TRMB,Trimble,16.0,0.0
2024,490,DT,Dynatrace,16.0,0.0
2024,491,MBLY,Mobileye Global,16.0,0.0
2024,492,PNR,Pentair,16.0,0.0
2024,493,HOLX,Hologic,16.0,0.0
2024,494,JBHT,Hunt J B Transport Services,16.0,0.0
2024,495,MANH,Manhattan Associates,16.0,0.0
2024,496,DKS,Dick's Sporting Goods,16.0,0.0
2024,497,GPC,Genuine Parts,16.0,0.0
2024,498,WSM,Williams Sonoma,16.0,0.0
2024,499,OWL,Blue Owl Capital,16.0,0.0
2024,500,APOS,Apollo Global Management,16.0,0.0
2024,501,KIM,Kimco Realty,16.0,0.0
2024,502,ARCC,Ares Capital,16.0,0.0
2024,503,GWRE,Guidewire Software,16.0,0.0
2024,504,IEX,Idex Corp,16.0,0.0
2024,505,BAH,Booz Allen Hamilton Holding,16.0,0.0
2024,506,FNF,Fidelity National Financial,15.0,0.0
2024,507,NWSA,News,15.0,0.0
2024,508,RKLB,Rocket Lab,15.0,0.0
2024,509,BLDR,Builders FirstSource,15.0,0.0
2024,510,XPO,Xpo,15.0,0.0
2024,511,LNT,Alliant Energy,15.0,0.0
2024,512,BURL,Burlington Stores,15.0,0.0
2024,513,UTHR,United Therapeutics,15.0,0.0
2024,514,WES,Western Midstream Partners,15.0,0.0
2024,515,ENTG,Entegris,15.0,0.0
2024,516,SUI,Sun Communities,15.0,0.0
2024,517,CSL,Carlisle Companies,15.0,0.0
2024,518,BG,Bunge Global SA,15.0,0.0
2024,519,USFD,US Foods Holding,15.0,0.0
2024,520,BAX,Baxter International,15.0,0.0
2024,521,IONQ,IonQ,15.0,0.0
2024,522,ALGN,Align Technology,15.0,0.0
2024,523,FIX,Comfort Systems Usa,15.0,0.0
2024,524,RKT,Rocket Companies,15.0,0.0
2024,525,INSM,Insmed,15.0,0.0
2024,526,MOH,Molina Healthcare,15.0,0.0
2024,527,EXPD,Expeditors International Of Washington,15.0,0.0
2024,528,FTAI,FTAI Aviation,15.0,0.0
2024,529,WLK,Westlake,15.0,0.0
2024,530,BALL,Ball,15.0,0.0
2024,531,MAS,Masco Corp,15.0,0.0
2024,532,BSY,Bentley Systems,15.0,0.0
2024,533,CASY,Caseys General Stores,15.0,0.0
2024,534,RGA,Reinsurance Group Of America,15.0,0.0
2024,535,SYM,Symbotic,15.0,0.0
2024,536,FFIV,F5,14.0,0.0
2024,537,AVY,Avery Dennison,14.0,0.0
2024,538,APG,APi Group,14.0,0.0
2024,539,DPZ,Dominos Pizza,14.0,0.0
2024,540,VTRS,Viatris,14.0,0.0
2024,541,JBL,Jabil,14.0,0.0
2024,542,FLEX,Flex,14.0,0.0
2024,543,AVTR,Avantor,14.0,0.0
2024,544,UDR,Udr,14.0,0.0
2024,545,EVRG,Evergy,14.0,0.0
2024,546,CRBG,Corebridge Financial,14.0,0.0
2024,547,DOC,Healthpeak Properties,14.0,0.0
2024,548,CNH,CNH Industrial N.V.,14.0,0.0
2024,549,CPB,Campbell's,14.0,0.0
2024,550,RL,Ralph Lauren,14.0,0.0
2024,551,TOL,Toll Brothers,14.0,0.0
2024,552,RS,Reliance,14.0,0.0
2024,553,GGG,Graco,14.0,0.0
2024,554,AKAM,Akamai Technologies,14.0,0.0
2024,555,SMMT,Summit Therapeutics,14.0,0.0
2024,556,INCY,Incyte,14.0,0.0
2024,557,NBIX,Neurocrine Biosciences,14.0,0.0
2024,558,ACM,Aecom,14.0,0.0
2024,559,OC,Owens Corning,14.0,0.0
2024,560,GLPI,Gaming & Leisure Properties,14.0,0.0
2024,561,AMH,American Homes 4 Rent,14.0,0.0
2024,562,DOCU,Docusign,14.0,0.0
2024,563,SWKS,Skyworks Solutions,14.0,0.0
2024,564,UHAL,U-Haul Holding Co /NV/,14.0,0.0
2024,565,REG,Regency Centers,14.0,0.0
2024,566,TXT,Textron,13.0,0.0
2024,567,LINE,Lineage,13.0,0.0
2024,568,TPR,Tapestry,13.0,0.0
2024,569,DD,DuPont de Nemours,13.0,0.0
2024,570,CAVA,Cava Group,13.0,0.0
2024,571,PFGC,Performance Food Group,13.0,0.0
2024,572,EQH,Equitable Holdings,13.0,0.0
2024,573,NLY,Annaly Capital Management,13.0,0.0
2024,574,EWBC,East West Bancorp,13.0,0.0
2024,575,CF,CF Industries Holdings,13.0,0.0
2024,576,CAG,Conagra Brands,13.0,0.0
2024,577,DLTR,Dollar Tree,13.0,0.0
2024,578,CW,Curtiss Wright,13.0,0.0
2024,579,CNA,Cna Financial,13.0,0.0
2024,580,ELS,Equity Lifestyle Properties,13.0,0.0
2024,581,APTV,Aptiv,13.0,0.0
2024,582,BTSGU,BrightSpring Health Services,13.0,0.0
2024,583,MORN,Morningstar,13.0,0.0
2024,584,SRPT,Sarepta Therapeutics,13.0,0.0
2024,585,OKTA,Okta,13.0,0.0
2024,586,BMRN,Biomarin Pharmaceutical,13.0,0.0
2024,587,JKHY,Jack Henry & Associates,13.0,0.0
2024,588,EPAM,EPAM Systems,13.0,0.0
2024,589,KVYO,Klaviyo,13.0,0.0
2024,590,RVTY,Revvity,13.0,0.0
2024,591,SWK,Stanley Black & Decker,12.0,0.0
2024,592,ITT,Itt,12.0,0.0
2024,593,POOL,Pool,12.0,0.0
2024,594,LAMR,Lamar Advertising Co,12.0,0.0
2024,595,CHRW,C. H. Robinson Worldwide,12.0,0.0
2024,596,SAIA,Saia,12.0,0.0
2024,597,SFM,Sprouts Farmers Market,12.0,0.0
2024,598,AUR,Aurora Innovation,12.0,0.0
2024,599,CLH,Clean Harbors,12.0,0.0
2024,600,SJM,J M Smucker,12.0,0.0
2024,601,LOGI,Logitech International S.A.,12.0,0.0
2024,602,HST,Host Hotels & Resorts,12.0,0.0
2024,603,PAA,Plains All American Pipeline,12.0,0.0
2024,604,WPC,W. P. Carey,12.0,0.0
2024,605,UNM,Unum Group,12.0,0.0
2024,606,SGI,Somnigroup International,12.0,0.0
2024,607,KMX,Carmax,12.0,0.0
2024,608,TXRH,Texas Roadhouse,12.0,0.0
2024,609,CPT,Camden Property Trust,12.0,0.0
2024,610,BXP,Bxp,12.0,0.0
2024,611,CNLHN,Connecticut Light & Power,12.0,0.0
2024,612,NCLH,Norwegian Cruise Line Holdings,12.0,0.0
2024,613,JLL,Jones Lang Lasalle,12.0,0.0
2024,614,DAY,Dayforce,12.0,0.0
2024,615,FTI,TechnipFMC,12.0,0.0
2024,616,HLI,Houlihan Lokey,12.0,0.0
2024,617,AAL,American Airlines Group,12.0,0.0
2024,618,SOLV,Solventum,12.0,0.0
2024,619,PCVX,Vaxcyte,11.0,0.0
2024,620,AFG,American Financial Group,11.0,0.0
2024,621,PCOR,Procore Technologies,11.0,0.0
2024,622,TECH,Bio-Techne,11.0,0.0
2024,623,ACI,Albertsons Companies,11.0,0.0
2024,624,ALLE,Allegion,11.0,0.0
2024,625,GMED,Globus Medical,11.0,0.0
2024,626,PRMB,Primo Brands,11.0,0.0
2024,627,OHI,Omega Healthcare Investors,11.0,0.0
2024,628,RGLD,Royal Gold,11.0,0.0
2024,629,CHWY,Chewy,11.0,0.0
2024,630,RPRX,Royalty Pharma,11.0,0.0
2024,631,SCI,Service Corp International,11.0,0.0
2024,632,ALLY,Ally Financial,11.0,0.0
2024,633,SF,Stifel Financial,11.0,0.0
2024,634,AVAV,AeroVironment,11.0,0.0
2024,635,NVT,nVent Electric,11.0,0.0
2024,636,BJ,BJ's Wholesale Club Holdings,11.0,0.0
2024,637,TKO,TKO Group Holdings,11.0,0.0
2024,638,ROKU,Roku,11.0,0.0
2024,639,UHS,Universal Health Services,11.0,0.0
2024,640,RNR,Renaissancere Holdings,11.0,0.0
2024,641,FND,Floor & Decor Holdings,11.0,0.0
2024,642,PPC,Pilgrims Pride,11.0,0.0
2024,643,THC,Tenet Healthcare,11.0,0.0
2024,644,OVV,Ovintiv,11.0,0.0
2024,645,AR,Antero Resources,11.0,0.0
2024,646,TAP,Molson Coors Beverage,11.0,0.0
2024,647,PR,Permian Resources,11.0,0.0
2024,648,EVR,Evercore,11.0,0.0
2024,649,KNSL,Kinsale Capital Group,11.0,0.0
2024,650,LW,Lamb Weston Holdings,11.0,0.0
2024,651,EXAS,Exact Sciences,11.0,0.0
2024,652,PCTY,Paylocity Holding,11.0,0.0
2024,653,MTZ,Mastec,11.0,0.0
2024,654,CLS,Celestica,11.0,0.0
2024,655,AIZ,Assurant,11.0,0.0
2024,656,AGNC,AGNC Investment,11.0,0.0
2024,657,BEN,Franklin Resources,11.0,0.0
2024,658,PAYC,Paycom Software,10.0,0.0
2024,659,TTEK,Tetra Tech,10.0,0.0
2024,660,ENO,Entergy New Orleans,10.0,0.0
2024,661,RRX,Regal Rexnord,10.0,0.0
2024,662,WH,Wyndham Hotels & Resorts,10.0,0.0
2024,663,WTRG,Essential Utilities,10.0,0.0
2024,664,GL,Globe Life,10.0,0.0
2024,665,LECO,Lincoln Electric Holdings,10.0,0.0
2024,666,IPG,Interpublic Group Of Companies,10.0,0.0
2024,667,BWXT,BWX Technologies,10.0,0.0
2024,668,ALB,Albemarle,10.0,0.0
2024,669,PNW,Pinnacle West Capital,10.0,0.0
2024,670,DTM,DT Midstream,10.0,0.0
2024,671,ATR,Aptargroup,10.0,0.0
2024,672,DVA,Davita,10.0,0.0
2024,673,GME,GameStop,10.0,0.0
2024,674,ULS,UL Solutions,10.0,0.0
2024,675,PAG,Penske Automotive Group,10.0,0.0
2024,676,DOCS,Doximity,10.0,0.0
2024,677,AA,Alcoa,10.0,0.0
2024,678,SEIC,Sei Investments,10.0,0.0
2024,679,WWD,Woodward,10.0,0.0
2024,680,LCID,Lucid Group,10.0,0.0
2024,681,ELC,Entergy Louisiana,10.0,0.0
2024,682,CART,Maplebear,10.0,0.0
2024,683,ARMK,Aramark,10.0,0.0
2024,684,AYI,Acuity Inc. (De),10.0,0.0
2024,685,RBC,RBC Bearings,10.0,0.0
2024,686,SSB,SouthState,10.0,0.0
2024,687,MTSI,MACOM Technology Solutions Holdings,10.0,0.0
2024,688,CUBE,CubeSmart,10.0,0.0
2024,689,U,Unity Software,10.0,0.0
2024,690,FHN,First Horizon,10.0,0.0
2024,691,AAON,Aaon,10.0,0.0
2024,692,FRT,Federal Realty Investment Trust,10.0,0.0
2024,693,CFLT,Confluent,10.0,0.0
2024,694,SNX,Td Synnex,10.0,0.0
2024,695,TPG,Tpg,9.0,0.0
2024,696,DJT,Trump Media & Technology Group,9.0,0.0
2024,697,CCK,Crown Holdings,9.0,0.0
2024,698,LKQ,Lkq,9.0,0.0
2024,699,MEDP,Medpace Holdings,9.0,0.0
2024,700,CHDN,Churchill Downs,9.0,0.0
2024,701,PEN,Penumbra,9.0,0.0
2024,702,MUSA,Murphy USA,9.0,0.0
2024,703,TLN,Talen Energy,9.0,0.0
2024,704,EHC,Encompass Health,9.0,0.0
2024,705,AES,Aes,9.0,0.0
2024,706,GTLB,Gitlab,9.0,0.0
2024,707,GTLS,Chart Industries,9.0,0.0
2024,708,CRL,Charles River Laboratories International,9.0,0.0
2024,709,CIEN,Ciena,9.0,0.0
2024,710,GNRC,Generac Holdings,9.0,0.0
2024,711,WAL,Western Alliance Ban,9.0,0.0
2024,712,ENPH,Enphase Energy,9.0,0.0
2024,713,WMS,Advanced Drainage Systems,9.0,0.0
2024,714,MASI,Masimo,9.0,0.0
2024,715,CACI,Caci International Inc,9.0,0.0
2024,716,AIT,Applied Industrial Technologies,9.0,0.0
2024,717,WBS,Webster Financial,9.0,0.0
2024,718,APPF,Appfolio,9.0,0.0
2024,719,MGM,MGM Resorts International,9.0,0.0
2024,720,WYNN,Wynn Resorts,9.0,0.0
2024,721,SYF-PB,Synchrony Financial,9.0,0.0
2024,722,BIO,Bio-Rad Laboratories,9.0,0.0
2024,723,MLI,Mueller Industries,9.0,0.0
2024,724,BRBR,Bellring Brands,9.0,0.0
2024,725,REXR,Rexford Industrial Realty,9.0,0.0
2024,726,ORI,Old Republic International,9.0,0.0
2024,727,CR,Crane,9.0,0.0
2024,728,GKOS,Glaukos,9.0,0.0
2024,729,EXEL,Exelixis,9.0,0.0
2024,730,LAD,Lithia Motors,9.0,0.0
2024,731,CBSH,Commerce Bancshares Inc /Mo/,9.0,0.0
2024,732,BLD,TopBuild,9.0,0.0
2024,733,INGR,Ingredion,9.0,0.0
2024,734,S,SentinelOne,9.0,0.0
2024,735,FYBR,Frontier Communications Parent,9.0,0.0
2024,736,AMH-PG,American Homes 4 Rent,9.0,0.0
2024,737,EGP,Eastgroup Properties,9.0,0.0
2024,738,KNX,Knight-Swift Transportation Holdings,9.0,0.0
2024,739,AXTA,Axalta Coating Systems,9.0,0.0
2024,740,PRI,Primerica,9.0,0.0
2024,741,DRS,Leonardo DRS,9.0,0.0
2024,742,UMBF,Umb Financial,9.0,0.0
2024,743,BRX,Brixmor Property Group,9.0,0.0
2024,744,PSEC-PA,Prospect Capital,9.0,0.0
2024,745,CNM,Core & Main,9.0,0.0
2024,746,OGE,Oge Energy,9.0,0.0
2024,747,VFC,V F,9.0,0.0
2024,748,CRS,Carpenter Technology,8.0,0.0
2024,749,CFR,Cullen/Frost Bankers,8.0,0.0
2024,750,ONTO,Onto Innovation,8.0,0.0
2024,751,DCI,DONALDSON Co,8.0,0.0
2024,752,TPL,Texas Pacific Land,8.0,0.0
2024,753,ADC,Agree Realty,8.0,0.0
2024,754,RRC,Range Resources,8.0,0.0
2024,755,NYT,New York Times,8.0,0.0
2024,756,BILL,BILL Holdings,8.0,0.0
2024,757,RBRK,Rubrik,8.0,0.0
2024,758,WTFC,Wintrust Financial,8.0,0.0
2024,759,ONB,Old National Bancorp /In/,8.0,0.0
2024,760,ESTC,Elastic N.V.,8.0,0.0
2024,761,FBIN,Fortune Brands Innovations,8.0,0.0
2024,762,RYAN,Ryan Specialty Holdings,8.0,0.0
2024,763,APA,Apa,8.0,0.0
2024,764,ROIV,Roivant Sciences,8.0,0.0
2024,765,SOUN,Soundhound Ai,8.0,0.0
2024,766,RGEN,Repligen,8.0,0.0
2024,767,CWAN,Clearwater Analytics Holdings,8.0,0.0
2024,768,SARO,StandardAero,8.0,0.0
2024,769,LSCC,Lattice Semiconductor,8.0,0.0
2024,770,HSIC,Henry Schein,8.0,0.0
2024,771,PEGA,Pegasystems,8.0,0.0
2024,772,GPK,Graphic Packaging Holding,8.0,0.0
2024,773,MKTX,Marketaxess Holdings,8.0,0.0
2024,774,HAS,Hasbro,8.0,0.0
2024,775,VNO,Vornado Realty Trust,8.0,0.0
2024,776,ZION,"Zions Bancorporation, National Association /Ut/",8.0,0.0
2024,777,CMA,Comerica Inc /New/,8.0,0.0
2024,778,PLNT,Planet Fitness,8.0,0.0
2024,779,TFX,Teleflex,8.0,0.0
2024,780,FN,Fabrinet,8.0,0.0
2024,781,WING,Wingstop,8.0,0.0
2024,782,COLB,Columbia Banking System,8.0,0.0
2024,783,EXP,Eagle Materials,8.0,0.0
2024,784,FRHC,Freedom Holding,8.0,0.0
2024,785,WCC,Wesco International,8.0,0.0
2024,786,MOS,Mosaic,8.0,0.0
2024,787,KD,Kyndryl Holdings,8.0,0.0
2024,788,TTC,Toro,8.0,0.0
2024,789,ENSG,Ensign Group,8.0,0.0
2024,790,IVZ,Invesco,8.0,0.0
2024,791,NNN,Nnn Reit,8.0,0.0
2024,792,SM,SM Energy,8.0,0.0
2024,793,JOBY,Joby Aviation,8.0,0.0
2024,794,SIRI,Sirius Xm Holdings,8.0,0.0
2024,795,FOUR,Shift4 Payments,8.0,0.0
2024,796,JAZZ,Jazz Pharmaceuticals,8.0,0.0
2024,797,GAP,Gap,8.0,0.0
2024,798,MTCH,Match Group,8.0,0.0
2024,799,CE,Celanese,8.0,0.0
2024,800,RLI,Rli,8.0,0.0
2024,801,OBDC,Blue Owl Capital,8.0,0.0
2024,802,ATI,Ati,8.0,0.0
2024,803,FLR,Fluor,7.0,0.0
2024,804,DLB,Dolby Laboratories,7.0,0.0
2024,805,CRDO,Credo Technology Group Holding,7.0,0.0
2024,806,HII,Huntington Ingalls Industries,7.0,0.0
2024,807,ELF,e.l.f. Beauty,7.0,0.0
2024,808,ALK,Alaska Air Group,7.0,0.0
2024,809,KBR,Kbr,7.0,0.0
2024,810,FLS,Flowserve,7.0,0.0
2024,811,G,Genpact,7.0,0.0
2024,812,MHK,Mohawk Industries,7.0,0.0
2024,813,CHE,Chemed,7.0,0.0
2024,814,ESAB,Esab,7.0,0.0
2024,815,FRPT,Freshpet,7.0,0.0
2024,816,SPXC,SPX Technologies,7.0,0.0
2024,817,TREX,Trex Co,7.0,0.0
2024,818,LPX,Louisiana-Pacific,7.0,0.0
2024,819,HQY,Healthequity,7.0,0.0
2024,820,AM,Antero Midstream,7.0,0.0
2024,821,MDGL,Madrigal Pharmaceuticals,7.0,0.0
2024,822,DBX,Dropbox,7.0,0.0
2024,823,MKSI,Mks,7.0,0.0
2024,824,WAY,Waystar Holding,7.0,0.0
2024,825,STWD,Starwood Property Trust,7.0,0.0
2024,826,RHI,Robert Half,7.0,0.0
2024,827,OTEX,Open Text,7.0,0.0
2024,828,ALV,Autoliv,7.0,0.0
2024,829,PB,Prosperity Bancshares,7.0,0.0
2024,830,MTDR,Matador Resources,7.0,0.0
2024,831,EXLS,ExlService Holdings,7.0,0.0
2024,832,OLED,Universal Display Corp \Pa\,7.0,0.0
2024,833,ALL-PJ,Allstate,7.0,0.0
2024,834,CMC,Commercial Metals,7.0,0.0
2024,835,SSD,Simpson Manufacturing Co.,7.0,0.0
2024,836,WHR,Whirlpool Corp,7.0,0.0
2024,837,CZR,Caesars Entertainment,7.0,0.0
2024,838,WTS,Watts Water Technologies,7.0,0.0
2024,839,LEVI,Levi Strauss,7.0,0.0
2024,840,SPSC,Sps Commerce,7.0,0.0
2024,841,CELH,Celsius Holdings,7.0,0.0
2024,842,AGCO,Agco Corp,7.0,0.0
2024,843,EPRT,Essential Properties Realty Trust,7.0,0.0
2024,844,CWST,Casella Waste Systems,7.0,0.0
2024,845,HRB,H&R Block,7.0,0.0
2024,846,BROS,Dutch Bros,7.0,0.0
2024,847,FR,First Industrial Realty Trust,7.0,0.0
2024,848,CVLT,Commvault Systems,7.0,0.0
2024,849,QRVO,Qorvo,7.0,0.0
2024,850,JBTM,JBT Marel,7.0,0.0
2024,851,RHP,Ryman Hospitality Properties,7.0,0.0
2024,852,AXS,Axis Capital Holdings,7.0,0.0
2024,853,JHG,Janus Henderson Group,7.0,0.0
2024,854,MAA-PI,Mid America Apartment Communities,7.0,0.0
2024,855,DINO,HF Sinclair,7.0,0.0
2024,856,GBCI,Glacier Bancorp,7.0,0.0
2024,857,CHH,Choice Hotels International Inc,7.0,0.0
2024,858,BWA,Borgwarner,7.0,0.0
2024,859,STAG,STAG Industrial,6.0,0.0
2024,860,MIDD,Middleby,6.0,0.0
2024,861,FAF,First American Financial,6.0,0.0
2024,862,BLCO,Bausch & Lomb,6.0,0.0
2024,863,BOKF,Bok Financial,6.0,0.0
2024,864,DJTWW,Trump Media & Technology Group,6.0,0.0
2024,865,MARA,MARA Holdings,6.0,0.0
2024,866,AMKR,Amkor Technology,6.0,0.0
2024,867,UFPI,Ufp Industries,6.0,0.0
2024,868,ACGLN,Arch Capital Group,6.0,0.0
2024,869,QTWO,Q2 Holdings,6.0,0.0
2024,870,HRI,Herc Holdings,6.0,0.0
2024,871,BKNG,Booking Holdings,6.0,0.0
2024,872,BE,Bloom Energy,6.0,0.0
2024,873,ZWS,Zurn Elkay Water Solutions,6.0,0.0
2024,874,WK,Workiva,6.0,0.0
2024,875,TRNO,Terreno Realty,6.0,0.0
2024,876,BMI,Badger Meter,6.0,0.0
2024,877,GNTX,Gentex,6.0,0.0
2024,878,ESI,Element Solutions,6.0,0.0
2024,879,R,Ryder System,6.0,0.0
2024,880,BPOP,Popular,6.0,0.0
2024,881,NOVT,Novanta,6.0,0.0
2024,882,NUVL,Nuvalent,6.0,0.0
2024,883,ASTS,AST SpaceMobile,6.0,0.0
2024,884,COLD,Americold Realty Trust,6.0,0.0
2024,885,COTY,Coty,6.0,0.0
2024,886,MOD,Modine Manufacturing,6.0,0.0
2024,887,OMF,OneMain Holdings,6.0,0.0
2024,888,FSK,FS KKR Capital,6.0,0.0
2024,889,RH,Rh,6.0,0.0
2024,890,UGI,Ugi Corp /Pa/,6.0,0.0
2024,891,WSC,WillScot Holdings,6.0,0.0
2024,892,AWI,Armstrong World Industries,6.0,0.0
2024,893,WEX,Wex,6.0,0.0
2024,894,CTRE,CareTrust REIT,6.0,0.0
2024,895,LITE,Lumentum Holdings,6.0,0.0
2024,896,ELAN,Elanco Animal Health,6.0,0.0
2024,897,BFAM,Bright Horizons Family Solutions,6.0,0.0
2024,898,LNC,Lincoln National,6.0,0.0
2024,899,IDA,Idacorp,6.0,0.0
2024,900,MOG-B,Moog,6.0,0.0
2024,901,VMI,Valmont Industries,6.0,0.0
2024,902,UPST,Upstart Holdings,6.0,0.0
2024,903,OSK,Oshkosh,6.0,0.0
2024,904,LFUS,Littelfuse Inc,6.0,0.0
2024,905,CNTM,ConnectM Technology Solutions,6.0,0.0
2024,906,LSTR,Landstar System,6.0,0.0
2024,907,EAT,Brinker International,6.0,0.0
2024,908,SITE,SiteOne Landscape Supply,6.0,0.0
2024,909,MTN,Vail Resorts,6.0,0.0
2024,910,FCN,Fti Consulting,6.0,0.0
2024,911,AN,Autonation,6.0,0.0
2024,912,HR,Healthcare Realty Trust,6.0,0.0
2024,913,TMHC,Taylor Morrison Home,6.0,0.0
2024,914,CSW,Csw Industrials,6.0,0.0
2024,915,W,Wayfair,6.0,0.0
2024,916,CVNA,Carvana,6.0,0.0
2024,917,IONS,Ionis Pharmaceuticals,6.0,0.0
2024,918,LNTH,Lantheus Holdings,6.0,0.0
2024,919,CYTK,Cytokinetics,6.0,0.0
2024,920,GPCR,Structure Therapeutics,6.0,0.0
2024,921,MMSI,Merit Medical Systems,6.0,0.0
2024,922,KNF,Knife River,6.0,0.0
2024,923,DY,Dycom Industries,6.0,0.0
2024,924,NFG,National Fuel Gas,6.0,0.0
2024,925,SMR,Nuscale Power,6.0,0.0
2024,926,RMBS,Rambus,6.0,0.0
2024,927,CRVL,Corvel,6.0,0.0
2024,928,REYN,Reynolds Consumer Products,6.0,0.0
2024,929,KEX,Kirby,6.0,0.0
2024,930,OLLI,Ollie's Bargain Outlet Holdings,6.0,0.0
2024,931,SITM,Sitime,6.0,0.0
2024,932,HALO,Halozyme Therapeutics,6.0,0.0
2024,933,FSS,Federal Signal Corp,6.0,0.0
2024,934,MC,Moelis,6.0,0.0
2024,935,BYD,Boyd Gaming,6.0,0.0
2024,936,HOMB,Home Bancshares,6.0,0.0
2024,937,GATX,Gatx,6.0,0.0
2024,938,IEP,Icahn Enterprises L.P.,6.0,0.0
2024,939,HIMS,Hims & Hers Health,6.0,0.0
2024,940,BHVN,Biohaven,6.0,0.0
2024,941,FG,F&G Annuities & Life,6.0,0.0
2024,942,CROX,Crocs,6.0,0.0
2024,943,SRRK,Scholar Rock Holding,6.0,0.0
2024,944,SLGN,Silgan Holdings,5.0,0.0
2024,945,POST,Post Holdings,5.0,0.0
2024,946,MSGS,Madison Square Garden Sports,5.0,0.0
2024,947,TXNM,Txnm Energy,5.0,0.0
2024,948,CNR,Core Natural Resources,5.0,0.0
2024,949,THO,Thor Industries,5.0,0.0
2024,950,NXT,Nextracker,5.0,0.0
2024,951,THG,Hanover Insurance Group,5.0,0.0
2024,952,DUOL,Duolingo,5.0,0.0
2024,953,AL,Air Lease,5.0,0.0
2024,954,CRNX,Crinetics Pharmaceuticals,5.0,0.0
2024,955,RDNT,RadNet,5.0,0.0
2024,956,AUB,Atlantic Union Bankshares,5.0,0.0
2024,957,CLF,Cleveland-Cliffs,5.0,0.0
2024,958,DBC,Invesco DB Commodity Index Tracking Fund,5.0,0.0
2024,959,BBIO,BridgeBio Pharma,5.0,0.0
2024,960,PFSI,PennyMac Financial Services,5.0,0.0
2024,961,AHR,American Healthcare REIT,5.0,0.0
2024,962,OS,OneStream,5.0,0.0
2024,963,INSP,Inspire Medical Systems,5.0,0.0
2024,964,SHAK,Shake Shack,5.0,0.0
2024,965,MAIN,Main Street Capital,5.0,0.0
2024,966,CRK,Comstock Resources,5.0,0.0
2024,967,LUMN,Lumen Technologies,5.0,0.0
2024,968,FIVE,Five Below,5.0,0.0
2024,969,ACIW,Aci Worldwide,5.0,0.0
2024,970,TEX,Terex,5.0,0.0
2024,971,NOV,Nov,5.0,0.0
2024,972,CORT,Corcept Therapeutics,5.0,0.0
2024,973,ADT,Adt,5.0,0.0
2024,974,GTES,Gates Industrial Corp,5.0,0.0
2024,975,UBSI,United Bankshares Inc/Wv,5.0,0.0
2024,976,BCPC,Balchem,5.0,0.0
2024,977,CRUS,Cirrus Logic,5.0,0.0
2024,978,CNX,CNX Resources,5.0,0.0
2024,979,INTA,Intapp,5.0,0.0
2024,980,MAC,Macerich,5.0,0.0
2024,981,KBH,Kb Home,5.0,0.0
2024,982,MTH,Meritage Homes,5.0,0.0
2024,983,PSN,Parsons,5.0,0.0
2024,984,VNT,Vontier,5.0,0.0
2024,985,AOS,Smith A O,5.0,0.0
2024,986,FFIN,First Financial Bankshares,5.0,0.0
2024,987,STRL,Sterling Infrastructure,5.0,0.0
2024,988,MAT,Mattel Inc,5.0,0.0
2024,989,WFRD,Weatherford International,5.0,0.0
2024,990,VRNS,Varonis Systems,5.0,0.0
2024,991,SNDR,Schneider National,5.0,0.0
2024,992,KRG,Kite Realty Group Trust,5.0,0.0
2024,993,MTG,Mgic Investment,5.0,0.0
2024,994,LAZ,Lazard,5.0,0.0
2024,995,POR,Portland General Electric Co /Or/,5.0,0.0
2024,996,CUZ,Cousins Properties,5.0,0.0
2024,997,LYFT,Lyft,5.0,0.0
2024,998,ETSY,Etsy,5.0,0.0
2024,999,CACC,Credit Acceptance,5.0,0.0
2024,1000,CBZ,Cbiz,5.0,0.0
2025,1,NVDA,NVIDIA,4524.0,6.5
2025,2,AAPL,Apple,4010.0,5.8
2025,3,GOOGL,Alphabet,3802.0,5.5
2025,4,MSFT,Microsoft,3591.0,5.1
2025,5,AMZN,Amazon Com,2482.0,3.6
2025,6,AVGO,Broadcom,1751.0,2.5
2025,7,TSLA,Tesla,1689.0,2.4
2025,8,META,Meta Platforms,1673.0,2.4
2025,9,BRK-B,Berkshire Hathaway,1085.0,1.6
2025,10,LLY,Eli Lilly,1014.0,1.5
2025,11,JPM,JPMorgan Chase,875.0,1.3
2025,12,WMT,Walmart,806.0,1.2
2025,13,V,Visa,719.0,1.0
2025,14,ORCL,Oracle,581.0,0.8
2025,15,MA,Mastercard,509.0,0.7
2025,16,JNJ,Johnson & Johnson,500.0,0.7
2025,17,XOM,Exxon Mobil,499.0,0.7
2025,18,PLTR,Palantir Technologies,426.0,0.6
2025,19,ABBV,AbbVie,404.0,0.6
2025,20,BAC,Bank Of America Corp,399.0,0.6
2025,21,COST,Costco Wholesale Corp,399.0,0.6
2025,22,NFLX,Netflix,395.0,0.6
2025,23,HD,Home Depot,377.0,0.5
2025,24,AMD,Advanced Micro Devices,350.0,0.5
2025,25,PG,Procter & Gamble,333.0,0.5
2025,26,GE,GE Aerospace,323.0,0.5
2025,27,CVX,Chevron,303.0,0.4
2025,28,KO,Coca Cola,301.0,0.4
2025,29,UNH,Unitedhealth Group,300.0,0.4
2025,30,PM,Philip Morris International,289.0,0.4
2025,31,WFC,Wells Fargo & Company/Mn,287.0,0.4
2025,32,CSCO,Cisco Systems,279.0,0.4
2025,33,IBM,International Business Machines,278.0,0.4
2025,34,MS,Morgan Stanley,277.0,0.4
2025,35,GS,Goldman Sachs Group,267.0,0.4
2025,36,CAT,Caterpillar,264.0,0.4
2025,37,MRK,Merck & Co.,260.0,0.4
2025,38,MU,Micron Technology,259.0,0.4
2025,39,AXP,American Express,252.0,0.4
2025,40,RTX,Rtx,247.0,0.4
2025,41,APP,AppLovin,227.0,0.3
2025,42,CRM,Salesforce,226.0,0.3
2025,43,TMUS,T-Mobile US,223.0,0.3
2025,44,LRCX,Lam Research,223.0,0.3
2025,45,BA,Boeing,220.0,0.3
2025,46,ABT,Abbott Laboratories,218.0,0.3
2025,47,TMO,Thermo Fisher Scientific,216.0,0.3
2025,48,SHOP,Shopify,210.0,0.3
2025,49,C,Citigroup,203.0,0.3
2025,50,ISRG,Intuitive Surgical,201.0,0.3
2025,51,DIS,Walt Disney,201.0,0.3
2025,52,LIN,Linde,198.0,0.3
2025,53,PEP,Pepsico,197.0,0.3
2025,54,QCOM,Qualcomm Inc,186.0,0.3
2025,55,INTU,Intuit,184.0,0.3
2025,56,INTC,Intel,182.0,0.3
2025,57,AMAT,Applied Materials Inc,182.0,0.3
2025,58,AMGN,Amgen,177.0,0.3
2025,59,GEV,GE Vernova,176.0,0.3
2025,60,SCHW,Schwab Charles,174.0,0.3
2025,61,T,AT&T,174.0,0.2
2025,62,VZ,Verizon Communications,171.0,0.2
2025,63,NEE,Nextera Energy,167.0,0.2
2025,64,UBER,Uber Technologies,166.0,0.2
2025,65,BLK,BlackRock,166.0,0.2
2025,66,APH,Amphenol Corp,166.0,0.2
2025,67,ANET,Arista Networks,165.0,0.2
2025,68,DHR,Danaher Corp,162.0,0.2
2025,69,KLAC,Kla,159.0,0.2
2025,70,NOW,ServiceNow,158.0,0.2
2025,71,TXN,Texas Instruments,158.0,0.2
2025,72,SPGI,S&P Global,155.0,0.2
2025,73,TJX,Tjx Companies Inc,155.0,0.2
2025,74,PANW,Palo Alto Networks,155.0,0.2
2025,75,ACN,Accenture,154.0,0.2
2025,76,GILD,Gilead Sciences,152.0,0.2
2025,77,COF,Capital One Financial,151.0,0.2
2025,78,PFE,Pfizer,142.0,0.2
2025,79,BSX,Boston Scientific,142.0,0.2
2025,80,UNP,Union Pacific,137.0,0.2
2025,81,CRWD,CrowdStrike Holdings,136.0,0.2
2025,82,SYK,Stryker,135.0,0.2
2025,83,LOW,Lowes Companies,134.0,0.2
2025,84,PGR,Progressive Corp/Oh/,133.0,0.2
2025,85,T-PC,At&T,132.0,0.2
2025,86,ADBE,Adobe,130.0,0.2
2025,87,WELL,Welltower,130.0,0.2
2025,88,CEG,Constellation Energy,125.0,0.2
2025,89,DE,Deere,125.0,0.2
2025,90,ETN,Eaton Corp,124.0,0.2
2025,91,HON,Honeywell International,124.0,0.2
2025,92,CB,Chubb,122.0,0.2
2025,93,BX,Blackstone,121.0,0.2
2025,94,MDT,Medtronic,120.0,0.2
2025,95,PLD,Prologis,119.0,0.2
2025,96,SCCO,Southern Copper Corp/,119.0,0.2
2025,97,VRTX,Vertex Pharmaceuticals Inc / Ma,115.0,0.2
2025,98,COP,Conocophillips,115.0,0.2
2025,99,ADI,Analog Devices,114.0,0.2
2025,100,KKR,KKR & Co.,114.0,0.2
2025,101,PH,Parker-Hannifin,111.0,0.2
2025,102,LMT,Lockheed Martin,111.0,0.2
2025,103,BMY,Bristol Myers Squibb,110.0,0.2
2025,104,DELL,Dell Technologies,109.0,0.2
2025,105,CMCSA,Comcast,109.0,0.2
2025,106,NEM,NEWMONT Corp,108.0,0.2
2025,107,ENB,Enbridge,104.0,0.1
2025,108,HCA,HCA Healthcare,104.0,0.1
2025,109,ADP,Automatic Data Processing,103.0,0.1
2025,110,MELI,Mercadolibre,102.0,0.1
2025,111,HOOD,Robinhood Markets,102.0,0.1
2025,112,MCK,Mckesson,101.0,0.1
2025,113,CVS,Cvs Health,101.0,0.1
2025,114,DASH,DoorDash,99.0,0.1
2025,115,CME,Cme Group,98.0,0.1
2025,116,SO,Southern,98.0,0.1
2025,117,SBUX,Starbucks,97.0,0.1
2025,118,MO,Altria Group,97.0,0.1
2025,119,AMCR,Amcor,96.0,0.1
2025,120,NKE,Nike,96.0,0.1
2025,121,SNOW,Snowflake,95.0,0.1
2025,122,MDLZ,Mondelez International,94.0,0.1
2025,123,NEMCL,NEWMONT Corp,92.0,0.1
2025,124,MMC,Marsh & Mclennan Companies,92.0,0.1
2025,125,ICE,Intercontinental Exchange,92.0,0.1
2025,126,DUK,Duke Energy,91.0,0.1
2025,127,GD,General Dynamics,91.0,0.1
2025,128,PCG-PX,Pg&E,90.0,0.1
2025,129,MCO,Moodys Corp,89.0,0.1
2025,130,WM,Waste Management,89.0,0.1
2025,131,SNPS,Synopsys,87.0,0.1
2025,132,TT,Trane Technologies,87.0,0.1
2025,133,APO,Apollo Global Management,86.0,0.1
2025,134,CDNS,Cadence Design Systems,85.0,0.1
2025,135,PNC,Pnc Financial Services Group,85.0,0.1
2025,136,BAM,Brookfield Asset Management,84.0,0.1
2025,137,MMM,3M,84.0,0.1
2025,138,CRH,Crh Public Ltd,83.0,0.1
2025,139,USB,Us Bancorp \De\,83.0,0.1
2025,140,MAR,Marriott International Inc /Md/,82.0,0.1
2025,141,HWM,Howmet Aerospace,82.0,0.1
2025,142,AMT,American Tower Corp /Ma/,82.0,0.1
2025,143,ABNB,Airbnb,81.0,0.1
2025,144,NOC,Northrop Grumman Corp,81.0,0.1
2025,145,REGN,Regeneron Pharmaceuticals,80.0,0.1
2025,146,BK,Bank of New York Mellon,80.0,0.1
2025,147,SHW,Sherwin Williams,80.0,0.1
2025,148,MRVL,Marvell Technology,79.0,0.1
2025,149,ELV,Elevance Health,77.0,0.1
2025,150,ORLY,O Reilly Automotive,76.0,0.1
2025,151,TDG,TransDigm Group,76.0,0.1
2025,152,AON,Aon,76.0,0.1
2025,153,RCL,Royal Caribbean Cruises,75.0,0.1
2025,154,EQIX,Equinix,75.0,0.1
2025,155,GLW,Corning Inc /Ny,75.0,0.1
2025,156,MNST,Monster Beverage,75.0,0.1
2025,157,EMR,Emerson Electric,74.0,0.1
2025,158,CTAS,Cintas,74.0,0.1
2025,159,ECL,Ecolab,74.0,0.1
2025,160,FREJP,Federal Home Loan Mortgage,74.0,0.1
2025,161,WMB,Williams Companies,74.0,0.1
2025,162,GM,General Motors,73.0,0.1
2025,163,JCI,Johnson Controls International,73.0,0.1
2025,164,FCX,Freeport-Mcmoran,73.0,0.1
2025,165,CI,Cigna Group,73.0,0.1
2025,166,WBD,Warner Bros. Discovery,72.0,0.1
2025,167,ITW,Illinois Tool Works,71.0,0.1
2025,168,UPS,United Parcel Service,71.0,0.1
2025,169,CMI,Cummins,71.0,0.1
2025,170,NET,Cloudflare,70.0,0.1
2025,171,EPD,Enterprise Products Partners L.P.,69.0,0.1
2025,172,TEL,TE Connectivity,68.0,0.1
2025,173,CSX,Csx,67.0,0.1
2025,174,AJG,Arthur J. Gallagher,66.0,0.1
2025,175,CP,Canadian Pacific Kansas City Ltd/Cn,66.0,0.1
2025,176,FDX,Fedex,66.0,0.1
2025,177,COR,Cencora,66.0,0.1
2025,178,HLT,Hilton Worldwide Holdings,66.0,0.1
2025,179,RSG,Republic Services,66.0,0.1
2025,180,NSC,Norfolk Southern,65.0,0.1
2025,181,AZO,Autozone,65.0,0.1
2025,182,ADSK,Autodesk,64.0,0.1
2025,183,MSI,Motorola Solutions,64.0,0.1
2025,184,CL,Colgate Palmolive,63.0,0.1
2025,185,PWR,Quanta Services,63.0,0.1
2025,186,AEP,American Electric Power Co,63.0,0.1
2025,187,VRT,Vertiv Holdings,62.0,0.1
2025,188,TRV,Travelers Companies,62.0,0.1
2025,189,TFC,Truist Financial,61.0,0.1
2025,190,KMI,Kinder Morgan,61.0,0.1
2025,191,WDAY,Workday,61.0,0.1
2025,192,COIN,Coinbase Global,60.0,0.1
2025,193,FTNT,Fortinet,59.0,0.1
2025,194,RBLX,Roblox,58.0,0.1
2025,195,SRE,Sempra,58.0,0.1
2025,196,PCAR,Paccar,58.0,0.1
2025,197,SLB,Schlumberger Limited/Nv,57.0,0.1
2025,198,AFL,Aflac,56.0,0.1
2025,199,STX,Seagate Technology Holdings,56.0,0.1
2025,200,EOG,Eog Resources,56.0,0.1
2025,201,LHX,"L3Harris Technologies, Inc.",56.0,0.1
2025,202,BDX,Becton Dickinson,55.0,0.1
2025,203,APD,Air Products & Chemicals,55.0,0.1
2025,204,NXPI,NXP Semiconductors N.V.,55.0,0.1
2025,205,NDAQ,Nasdaq,55.0,0.1
2025,206,VST,Vistra,55.0,0.1
2025,207,BA-PA,Boeing,54.0,0.1
2025,208,MPLX,Mplx,54.0,0.1
2025,209,ALL,Allstate,54.0,0.1
2025,210,IDXX,Idexx Laboratories Inc,54.0,0.1
2025,211,DLR,Digital Realty Trust,53.0,0.1
2025,212,ZS,Zscaler,53.0,0.1
2025,213,ZTS,Zoetis,53.0,0.1
2025,214,PLDGP,Prologis,53.0,0.1
2025,215,ALNY,Alnylam Pharmaceuticals,53.0,0.1
2025,216,O,Realty Income,53.0,0.1
2025,217,F,Ford Motor,52.0,0.1
2025,218,PYPL,PayPal Holdings,52.0,0.1
2025,219,PSX,Phillips 66,52.0,0.1
2025,220,D,Dominion Energy,52.0,0.1
2025,221,EA,Electronic Arts,51.0,0.1
2025,222,MET,Metlife,51.0,0.1
2025,223,URI,United Rentals,51.0,0.1
2025,224,MSTR,Microstrategy,51.0,0.1
2025,225,ROST,Ross Stores,51.0,0.1
2025,226,ARES,Ares Management,51.0,0.1
2025,227,EW,Edwards Lifesciences,49.0,0.1
2025,228,VLO,Valero Energy Corp/Tx,49.0,0.1
2025,229,CAH,Cardinal Health,48.0,0.1
2025,230,INVUP,Investview,48.0,0.1
2025,231,DDOG,Datadog,48.0,0.1
2025,232,MPC,Marathon Petroleum,48.0,0.1
2025,233,GWW,W.W. Grainger,48.0,0.1
2025,234,VEEV,Veeva Systems,48.0,0.1
2025,235,CMG,Chipotle Mexican Grill,47.0,0.1
2025,236,TTWO,Take Two Interactive Software,47.0,0.1
2025,237,HL-PB,Hecla Mining Co,47.0,0.1
2025,238,CBRE,Cbre Group,47.0,0.1
2025,239,AME,Ametek Inc/,47.0,0.1
2025,240,ROP,Roper Technologies,46.0,0.1
2025,241,OKE,Oneok Inc /New/,46.0,0.1
2025,242,XEL,Xcel Energy,46.0,0.1
2025,243,FAST,Fastenal,46.0,0.1
2025,244,AMP,Ameriprise Financial,46.0,0.1
2025,245,DAL,Delta Air Lines,46.0,0.1
2025,246,AIG,American International Group,46.0,0.1
2025,247,PSA,Public Storage,46.0,0.1
2025,248,AXON,Axon Enterprise,46.0,0.1
2025,249,WDC,Western Digital,45.0,0.1
2025,250,BKR,Baker Hughes,45.0,0.1
2025,251,CTVA,Corteva,45.0,0.1
2025,252,WCN,Waste Connections,45.0,0.1
2025,253,EXC,Exelon,45.0,0.1
2025,254,MPWR,Monolithic Power Systems,44.0,0.1
2025,255,HEI,Heico,44.0,0.1
2025,256,CARR,Carrier Global,44.0,0.1
2025,257,RDDT,Reddit,44.0,0.1
2025,258,ROK,Rockwell Automation,44.0,0.1
2025,259,LVS,Las Vegas Sands,44.0,0.1
2025,260,FERG,Ferguson Enterprises Inc.,43.0,0.1
2025,261,CPNG,Coupang,43.0,0.1
2025,262,IMO,Imperial Oil,43.0,0.1
2025,263,TEAM,Atlassian,42.0,0.1
2025,264,FANG,Diamondback Energy,42.0,0.1
2025,265,RKLB,Rocket Lab,42.0,0.1
2025,266,ETR,Entergy Corp,42.0,0.1
2025,267,TGT,Target,42.0,0.1
2025,268,MSCI,Msci,42.0,0.1
2025,269,YUM,Yum Brands,42.0,0.1
2025,270,A,Agilent Technologies,41.0,0.1
2025,271,DHI,Horton D R Inc,41.0,0.1
2025,272,LNG,Cheniere Energy,41.0,0.1
2025,273,OXY,Occidental Petroleum Corp,41.0,0.1
2025,274,CPRT,Copart,40.0,0.1
2025,275,PEG,Public Service Enterprise Group,40.0,0.1
2025,276,PAYX,Paychex,40.0,0.1
2025,277,TRGP,Targa Resources,40.0,0.1
2025,278,GRMN,Garmin,40.0,0.1
2025,279,CTSH,Cognizant Technology Solutions,40.0,0.1
2025,280,KR,Kroger,40.0,0.1
2025,281,FICO,Fair Isaac,39.0,0.1
2025,282,PRU,Prudential Financial,39.0,0.1
2025,283,XYZ,Block,39.0,0.1
2025,284,EBAY,Ebay,39.0,0.1
2025,285,CCI,Crown Castle,39.0,0.1
2025,286,FITB,Fifth Third Ban,39.0,0.1
2025,287,KDP,Keurig Dr Pepper,38.0,0.1
2025,288,HIG,Hartford Insurance Group,38.0,0.1
2025,289,EL,Estee Lauder Companies,38.0,0.1
2025,290,IQV,Iqvia Holdings,38.0,0.1
2025,291,CRWV,CoreWeave,38.0,0.1
2025,292,NUE,Nucor,38.0,0.1
2025,293,INSM,Insmed,38.0,0.1
2025,294,FLUT,Flutter Entertainment,37.0,0.1
2025,295,GEHC,GE HealthCare Technologies,37.0,0.1
2025,296,MLM,Martin Marietta Materials,37.0,0.1
2025,297,VMC,Vulcan Materials,37.0,0.1
2025,298,HSY,Hershey,37.0,0.1
2025,299,BEIGF,BeOne Medicines,36.0,0.1
2025,300,VTR,Ventas,36.0,0.1
2025,301,UAL,United Airlines Holdings,36.0,0.1
2025,302,WAB,Westinghouse Air Brake Technologies,36.0,0.1
2025,303,ED,Consolidated Edison,36.0,0.1
2025,304,STT,State Street,36.0,0.1
2025,305,TEVA,Teva Pharmaceutical Industries,36.0,0.1
2025,306,SYY,Sysco,36.0,0.1
2025,307,PCG,Pg&E,35.0,0.1
2025,308,RMD,Resmed,35.0,0.1
2025,309,SYM,Symbotic,35.0,0.1
2025,310,COHR,Coherent,35.0,0.0
2025,311,CRDO,Credo Technology Group Holding,35.0,0.0
2025,312,EXPE,Expedia Group,35.0,0.0
2025,313,MCHP,Microchip Technology,34.0,0.0
2025,314,WEC,Wec Energy Group,34.0,0.0
2025,315,FIS,Fidelity National Information Services,34.0,0.0
2025,316,CLS,Celestica,34.0,0.0
2025,317,OTIS,Otis Worldwide,34.0,0.0
2025,318,ACGL,Arch Capital Group,34.0,0.0
2025,319,UI,Ubiquiti,33.0,0.0
2025,320,KMB,Kimberly Clark,33.0,0.0
2025,321,EQT,Eqt,33.0,0.0
2025,322,SOFI,SoFi Technologies,33.0,0.0
2025,323,LYV,Live Nation Entertainment,33.0,0.0
2025,324,TEVJF,Teva Pharmaceutical Industries,33.0,0.0
2025,325,XYL,Xylem,33.0,0.0
2025,326,KVUE,Kenvue,33.0,0.0
2025,327,FIX,Comfort Systems Usa,33.0,0.0
2025,328,SCHW-PJ,Schwab Charles,33.0,0.0
2025,329,PSTG,Pure Storage,33.0,0.0
2025,330,ODFL,Old Dominion Freight Line,33.0,0.0
2025,331,HBAN,Huntington Bancshares Inc /Md/,32.0,0.0
2025,332,NTRA,Natera,32.0,0.0
2025,333,CINF,Cincinnati Financial,32.0,0.0
2025,334,HPE,Hewlett Packard Enterprise,32.0,0.0
2025,335,CCL,Carnival,32.0,0.0
2025,336,RJF,Raymond James Financial,32.0,0.0
2025,337,MCHPP,Microchip Technology,31.0,0.0
2025,338,KEYS,Keysight Technologies,31.0,0.0
2025,339,WTW,Willis Towers Watson,31.0,0.0
2025,340,IR,Ingersoll Rand,31.0,0.0
2025,341,FOXA,Fox,31.0,0.0
2025,342,HUM,Humana,31.0,0.0
2025,343,NRG,Nrg Energy,31.0,0.0
2025,344,TER,Teradyne,30.0,0.0
2025,345,VICI,Vici Properties,30.0,0.0
2025,346,MTB,M&T Bank,30.0,0.0
2025,347,AMRZ,Amrize,30.0,0.0
2025,348,MKL,Markel Group,30.0,0.0
2025,349,VRSK,Verisk Analytics,29.0,0.0
2025,350,K,Kellanova,29.0,0.0
2025,351,MDB,MongoDB,29.0,0.0
2025,352,ROL,Rollins,29.0,0.0
2025,353,IBKR,Interactive Brokers Group,29.0,0.0
2025,354,LPLA,LPL Financial Holdings,29.0,0.0
2025,355,KHC,Kraft Heinz,29.0,0.0
2025,356,SOJF,Southern,29.0,0.0
2025,357,ALAB,Astera Labs,28.0,0.0
2025,358,AGNCL,AGNC Investment,28.0,0.0
2025,359,MTD,Mettler Toledo International Inc/,28.0,0.0
2025,360,USB-PS,Us Bancorp \De\,28.0,0.0
2025,361,SYF,Synchrony Financial,28.0,0.0
2025,362,FSLR,First Solar,28.0,0.0
2025,363,ATO,Atmos Energy,28.0,0.0
2025,364,LITE,Lumentum Holdings,28.0,0.0
2025,365,CSGP,Costar Group,28.0,0.0
2025,366,ADM,Archer-Daniels-Midland,28.0,0.0
2025,367,AEE,Ameren,28.0,0.0
2025,368,TMUSL,T-Mobile US,28.0,0.0
2025,369,FOX,Fox,28.0,0.0
2025,370,EXR,Extra Space Storage,27.0,0.0
2025,371,EME,EMCOR Group,27.0,0.0
2025,372,TSCO,Tractor Supply Co,27.0,0.0
2025,373,FNMAP,Federal National Mortgage Association Fannie Mae,27.0,0.0
2025,374,CIEN,Ciena,27.0,0.0
2025,375,BRO,Brown & Brown,27.0,0.0
2025,376,DTE,Dte Energy,27.0,0.0
2025,377,TPR,Tapestry,27.0,0.0
2025,378,WRB,Berkley W R,26.0,0.0
2025,379,EXE,Expand Energy,26.0,0.0
2025,380,DOV,Dover,26.0,0.0
2025,381,PPL,Ppl,26.0,0.0
2025,382,CBOE,Cboe Global Markets,26.0,0.0
2025,383,CHTR,"Charter Communications, Inc. /Mo/",26.0,0.0
2025,384,BR,Broadridge Financial Solutions,26.0,0.0
2025,385,BIIB,Biogen,26.0,0.0
2025,386,CQP,"Cheniere Energy Partners, L.P.",26.0,0.0
2025,387,EFX,Equifax,26.0,0.0
2025,388,FE,Firstenergy,26.0,0.0
2025,389,BTSGU,BrightSpring Health Services,26.0,0.0
2025,390,GIS,General Mills,26.0,0.0
2025,391,ZM,Zoom Communications,26.0,0.0
2025,392,RKT,Rocket Companies,26.0,0.0
2025,393,FCNCA,First Citizens Bancshares Inc,26.0,0.0
2025,394,DXCM,Dexcom,26.0,0.0
2025,395,HPQ,Hp,26.0,0.0
2025,396,AWK,American Water Works Company,25.0,0.0
2025,397,AVB,Avalonbay Communities,25.0,0.0
2025,398,NTRS,Northern Trust,25.0,0.0
2025,399,ES,Eversource Energy,25.0,0.0
2025,400,EG,Everest Group,25.0,0.0
2025,401,STRD,Microstrategy,25.0,0.0
2025,402,GPJA,Georgia Power,25.0,0.0
2025,403,AFRM,Affirm Holdings,25.0,0.0
2025,404,CNP,Centerpoint Energy,25.0,0.0
2025,405,STE,Steris,25.0,0.0
2025,406,CFG,Citizens Financial Group Inc/Ri,25.0,0.0
2025,407,RIVN,"Rivian Automotive, Inc. / DE",25.0,0.0
2025,408,LDOS,Leidos Holdings,25.0,0.0
2025,409,IP,International Paper Co /New/,25.0,0.0
2025,410,IRM,Iron Mountain,25.0,0.0
2025,411,VLTO,Veralto,25.0,0.0
2025,412,BE,Bloom Energy,24.0,0.0
2025,413,STLD,Steel Dynamics,24.0,0.0
2025,414,OMC,Omnicom Group,24.0,0.0
2025,415,TFC-PR,Truist Financial,24.0,0.0
2025,416,TDY,Teledyne Technologies,24.0,0.0
2025,417,STZ,Constellation Brands,24.0,0.0
2025,418,QSR,Restaurant Brands International,24.0,0.0
2025,419,EQR,Equity Residential,24.0,0.0
2025,420,HAL,Halliburton,24.0,0.0
2025,421,HUBB,Hubbell,24.0,0.0
2025,422,RF,Regions Financial,23.0,0.0
2025,423,NTAP,NetApp,23.0,0.0
2025,424,EIX,Edison International,23.0,0.0
2025,425,IOT,Samsara,23.0,0.0
2025,426,PPG,Ppg Industries,23.0,0.0
2025,427,WSM,Williams Sonoma,23.0,0.0
2025,428,TW,Tradeweb Markets,23.0,0.0
2025,429,ULTA,Ulta Beauty,23.0,0.0
2025,430,DVN,Devon Energy Corp,23.0,0.0
2025,431,WAT,Waters Corp,23.0,0.0
2025,432,PHM,Pultegroup Inc/Mi/,23.0,0.0
2025,433,KEY,Keycorp /New/,22.0,0.0
2025,434,FLEX,Flex,22.0,0.0
2025,435,TROW,Price T Rowe Group,22.0,0.0
2025,436,JBL,Jabil,22.0,0.0
2025,437,VRSN,Verisign Inc/Ca,22.0,0.0
2025,438,TYL,Tyler Technologies,22.0,0.0
2025,439,RL,Ralph Lauren,22.0,0.0
2025,440,DG,Dollar General,22.0,0.0
2025,441,L,Loews,22.0,0.0
2025,442,TWLO,Twilio,22.0,0.0
2025,443,CMS,Cms Energy,21.0,0.0
2025,444,ON,On Semiconductor,21.0,0.0
2025,445,CG,Carlyle Group,21.0,0.0
2025,446,ASTS,AST SpaceMobile,21.0,0.0
2025,447,HUBS,Hubspot,21.0,0.0
2025,448,SSNC,SS&C Technologies Holdings,21.0,0.0
2025,449,UTHR,United Therapeutics,21.0,0.0
2025,450,TOST,Toast,21.0,0.0
2025,451,ILMN,Illumina,21.0,0.0
2025,452,LH,Labcorp Holdings,21.0,0.0
2025,453,PTC,Ptc,21.0,0.0
2025,454,LUV,Southwest Airlines,21.0,0.0
2025,455,SBAC,Sba Communications,21.0,0.0
2025,456,CW,Curtiss Wright,20.0,0.0
2025,457,FITBP,Fifth Third Ban,20.0,0.0
2025,458,CPAY,Corpay,20.0,0.0
2025,459,NVR,Nvr,20.0,0.0
2025,460,CNC,Centene,20.0,0.0
2025,461,SW,Smurfit Westrock,20.0,0.0
2025,462,FTAI,FTAI Aviation,20.0,0.0
2025,463,DRI,Darden Restaurants,20.0,0.0
2025,464,NI,Nisource,20.0,0.0
2025,465,CTRA,Coterra Energy,20.0,0.0
2025,466,EXPD,Expeditors International Of Washington,20.0,0.0
2025,467,PODD,Insulet,20.0,0.0
2025,468,CHD,Church & Dwight Co Inc,20.0,0.0
2025,469,WST,West Pharmaceutical Services,20.0,0.0
2025,470,INCY,Incyte,20.0,0.0
2025,471,LULU,lululemon athletica,20.0,0.0
2025,472,GWRE,Guidewire Software,20.0,0.0
2025,473,FIG,Figma,20.0,0.0
2025,474,DLTR,Dollar Tree,20.0,0.0
2025,475,EXAS,Exact Sciences,19.0,0.0
2025,476,CRCL,Circle Internet Group,19.0,0.0
2025,477,U,Unity Software,19.0,0.0
2025,478,DUKB,Duke Energy,19.0,0.0
2025,479,RBA,Rb Global,19.0,0.0
2025,480,PFG,Principal Financial Group,19.0,0.0
2025,481,DGX,Quest Diagnostics,19.0,0.0
2025,482,CASY,Caseys General Stores,19.0,0.0
2025,483,CHRW,C. H. Robinson Worldwide,19.0,0.0
2025,484,AMCCF,Amcor,19.0,0.0
2025,485,RGLD,Royal Gold,19.0,0.0
2025,486,SGI,Somnigroup International,19.0,0.0
2025,487,SNDK,Sandisk,19.0,0.0
2025,488,TRMB,Trimble,19.0,0.0
2025,489,AILIP,Ameren Illinois,19.0,0.0
2025,490,NLY-PI,Annaly Capital Management,18.0,0.0
2025,491,AVAV,AeroVironment,18.0,0.0
2025,492,AILIH,Ameren Illinois,18.0,0.0
2025,493,DKS,Dick's Sporting Goods,18.0,0.0
2025,494,JBHT,Hunt J B Transport Services,18.0,0.0
2025,495,GPN,Global Payments,18.0,0.0
2025,496,MKC,Mccormick & Co,18.0,0.0
2025,497,MKC-V,Mccormick & Co,18.0,0.0
2025,498,SNA,Snap-on,18.0,0.0
2025,499,TTD,Trade Desk,18.0,0.0
2025,500,WWD,Woodward,18.0,0.0
2025,501,FTI,TechnipFMC,18.0,0.0
2025,502,ALSN,Allison Transmission Holdings,18.0,0.0
2025,503,BK-PK,Bank of New York Mellon,18.0,0.0
2025,504,FBTC,Fidelity Wise Origin Bitcoin Fund,18.0,0.0
2025,505,CDW,Cdw,18.0,0.0
2025,506,ZBH,Zimmer Biomet Holdings,18.0,0.0
2025,507,SMCI,Super Micro Computer,18.0,0.0
2025,508,BBY,Best Buy Co,17.0,0.0
2025,509,BG,Bunge Global SA,17.0,0.0
2025,510,IFF,International Flavors & Fragrances,17.0,0.0
2025,511,BURL,Burlington Stores,17.0,0.0
2025,512,FN,Fabrinet,17.0,0.0
2025,513,THC,Tenet Healthcare,17.0,0.0
2025,514,TLN,Talen Energy,17.0,0.0
2025,515,FTV,Fortive,17.0,0.0
2025,516,WY,Weyerhaeuser,17.0,0.0
2025,517,MTZ,Mastec,17.0,0.0
2025,518,PNR,Pentair,17.0,0.0
2025,519,GPC,Genuine Parts,17.0,0.0
2025,520,LII,Lennox International,17.0,0.0
2025,521,IT,Gartner,17.0,0.0
2025,522,RPRX,Royalty Pharma,17.0,0.0
2025,523,YUMC,Yum China Holdings,17.0,0.0
2025,524,INVH,Invitation Homes,17.0,0.0
2025,525,ESS,Essex Property Trust,17.0,0.0
2025,526,USFD,US Foods Holding,17.0,0.0
2025,527,VG,Venture Global,17.0,0.0
2025,528,LNT,Alliant Energy,17.0,0.0
2025,529,DD,DuPont de Nemours,17.0,0.0
2025,530,DOW,Dow,17.0,0.0
2025,531,EVRG,Evergy,17.0,0.0
2025,532,HOLX,Hologic,17.0,0.0
2025,533,ALB,Albemarle,17.0,0.0
2025,534,GEN,Gen Digital,17.0,0.0
2025,535,GDDY,GoDaddy,17.0,0.0
2025,536,ZG,Zillow Group,17.0,0.0
2025,537,TRU,TransUnion,17.0,0.0
2025,538,APG,APi Group,16.0,0.0
2025,539,NVT,nVent Electric,16.0,0.0
2025,540,PINS,Pinterest,16.0,0.0
2025,541,MAA,Mid America Apartment Communities,16.0,0.0
2025,542,BMNR,Bitmine Immersion Technologies,16.0,0.0
2025,543,APTV,Aptiv,16.0,0.0
2025,544,TKO,TKO Group Holdings,16.0,0.0
2025,545,NLY,Annaly Capital Management,16.0,0.0
2025,546,OKTA,Okta,16.0,0.0
2025,547,IONQ,IonQ,16.0,0.0
2025,548,ROKU,Roku,16.0,0.0
2025,549,J,Jacobs Solutions,16.0,0.0
2025,550,XPO,Xpo,16.0,0.0
2025,551,ATI,Ati,16.0,0.0
2025,552,ULS,UL Solutions,16.0,0.0
2025,553,MEDP,Medpace Holdings,16.0,0.0
2025,554,BWXT,BWX Technologies,16.0,0.0
2025,555,CRS,Carpenter Technology,16.0,0.0
2025,556,APOS,Apollo Global Management,16.0,0.0
2025,557,JLL,Jones Lang Lasalle,16.0,0.0
2025,558,WES,Western Midstream Partners,16.0,0.0
2025,559,EWBC,East West Bancorp,16.0,0.0
2025,560,RBRK,Rubrik,15.0,0.0
2025,561,TXT,Textron,15.0,0.0
2025,562,SUI,Sun Communities,15.0,0.0
2025,563,ITT,Itt,15.0,0.0
2025,564,ROIV,Roivant Sciences,15.0,0.0
2025,565,DECK,Deckers Outdoor,15.0,0.0
2025,566,FFIV,F5,15.0,0.0
2025,567,RBC,RBC Bearings,15.0,0.0
2025,568,RS,Reliance,15.0,0.0
2025,569,BBIO,BridgeBio Pharma,15.0,0.0
2025,570,GPCR,Structure Therapeutics,15.0,0.0
2025,571,LOGI,Logitech International S.A.,15.0,0.0
2025,572,FNF,Fidelity National Financial,15.0,0.0
2025,573,NWSA,News,15.0,0.0
2025,574,ARCC,Ares Capital,15.0,0.0
2025,575,VTRS,Viatris,14.0,0.0
2025,576,PFGC,Performance Food Group,14.0,0.0
2025,577,DPZ,Dominos Pizza,14.0,0.0
2025,578,DOCU,Docusign,14.0,0.0
2025,579,EMN,Eastman Chemical,14.0,0.0
2025,580,CRBG,Corebridge Financial,14.0,0.0
2025,581,NBIX,Neurocrine Biosciences,14.0,0.0
2025,582,WPC,W. P. Carey,14.0,0.0
2025,583,BALL,Ball,14.0,0.0
2025,584,AA,Alcoa,14.0,0.0
2025,585,LYB,LyondellBasell Industries N.V.,14.0,0.0
2025,586,AVY,Avery Dennison,14.0,0.0
2025,587,CHWY,Chewy,14.0,0.0
2025,588,ALLY,Ally Financial,14.0,0.0
2025,589,RGA,Reinsurance Group Of America,14.0,0.0
2025,590,SOLV,Solventum,14.0,0.0
2025,591,WSO,Watsco,14.0,0.0
2025,592,GGG,Graco,14.0,0.0
2025,593,KTOS,Kratos Defense & Security Solutions,14.0,0.0
2025,594,RPM,Rpm International Inc,14.0,0.0
2025,595,RITM-PD,Rithm Capital,14.0,0.0
2025,596,ALLE,Allegion,14.0,0.0
2025,597,COO,Cooper Companies,14.0,0.0
2025,598,SNAP,Snap,14.0,0.0
2025,599,KIM,Kimco Realty,14.0,0.0
2025,600,SMMT,Summit Therapeutics,14.0,0.0
2025,601,NDSN,Nordson,14.0,0.0
2025,602,MDGL,Madrigal Pharmaceuticals,13.0,0.0
2025,603,GH,Guardant Health,13.0,0.0
2025,604,EQH,Equitable Holdings,13.0,0.0
2025,605,HII,Huntington Ingalls Industries,13.0,0.0
2025,606,UHS,Universal Health Services,13.0,0.0
2025,607,DT,Dynatrace,13.0,0.0
2025,608,EVR,Evercore,13.0,0.0
2025,609,ERIE,Erie Indemnity,13.0,0.0
2025,610,IEX,Idex Corp,13.0,0.0
2025,611,W,Wayfair,13.0,0.0
2025,612,LECO,Lincoln Electric Holdings,13.0,0.0
2025,613,IONS,Ionis Pharmaceuticals,13.0,0.0
2025,614,HRL,Hormel Foods Corp,13.0,0.0
2025,615,OHI,Omega Healthcare Investors,13.0,0.0
2025,616,JKHY,Jack Henry & Associates,13.0,0.0
2025,617,MLI,Mueller Industries,13.0,0.0
2025,618,CSL,Carlisle Companies,13.0,0.0
2025,619,ZBRA,Zebra Technologies,13.0,0.0
2025,620,PAA,Plains All American Pipeline,13.0,0.0
2025,621,SF,Stifel Financial,13.0,0.0
2025,622,NXT,Nextracker,13.0,0.0
2025,623,CNA,Cna Financial,13.0,0.0
2025,624,GL,Globe Life,13.0,0.0
2025,625,HL,Hecla Mining Co,13.0,0.0
2025,626,TOL,Toll Brothers,13.0,0.0
2025,627,LAMR,Lamar Advertising Co,13.0,0.0
2025,628,ENTG,Entegris,13.0,0.0
2025,629,BF-A,Brown Forman,13.0,0.0
2025,630,MAS,Masco Corp,13.0,0.0
2025,631,UNM,Unum Group,13.0,0.0
2025,632,AKAM,Akamai Technologies,13.0,0.0
2025,633,GLPI,Gaming & Leisure Properties,13.0,0.0
2025,634,REG,Regency Centers,13.0,0.0
2025,635,IREN,Iren,13.0,0.0
2025,636,JOBY,Joby Aviation,12.0,0.0
2025,637,FNMA,Federal National Mortgage Association Fannie Mae,12.0,0.0
2025,638,JEF,Jefferies Financial Group,12.0,0.0
2025,639,BEN,Franklin Resources,12.0,0.0
2025,640,WYNN,Wynn Resorts,12.0,0.0
2025,641,CLH,Clean Harbors,12.0,0.0
2025,642,RNR,Renaissancere Holdings,12.0,0.0
2025,643,AGNC,AGNC Investment,12.0,0.0
2025,644,ACM,Aecom,12.0,0.0
2025,645,SAIL,SailPoint,12.0,0.0
2025,646,CLX,Clorox Co,12.0,0.0
2025,647,OKLO,Oklo,12.0,0.0
2025,648,PEN,Penumbra,12.0,0.0
2025,649,HST,Host Hotels & Resorts,12.0,0.0
2025,650,SNX,Td Synnex,12.0,0.0
2025,651,DTM,DT Midstream,12.0,0.0
2025,652,CNLHN,Connecticut Light & Power,12.0,0.0
2025,653,CVNA,Carvana,12.0,0.0
2025,654,UDR,Udr,12.0,0.0
2025,655,AIZ,Assurant,12.0,0.0
2025,656,BSY,Bentley Systems,12.0,0.0
2025,657,CF,CF Industries Holdings,12.0,0.0
2025,658,GMED,Globus Medical,12.0,0.0
2025,659,CACI,Caci International Inc,12.0,0.0
2025,660,CELH,Celsius Holdings,12.0,0.0
2025,661,ELS,Equity Lifestyle Properties,12.0,0.0
2025,662,AMH,American Homes 4 Rent,12.0,0.0
2025,663,CCK,Crown Holdings,12.0,0.0
2025,664,BLD,TopBuild,12.0,0.0
2025,665,IVZ,Invesco,12.0,0.0
2025,666,SWK,Stanley Black & Decker,12.0,0.0
2025,667,MRNA,Moderna,12.0,0.0
2025,668,HAS,Hasbro,12.0,0.0
2025,669,SWKS,Skyworks Solutions,12.0,0.0
2025,670,HLI,Houlihan Lokey,12.0,0.0
2025,671,FHN,First Horizon,11.0,0.0
2025,672,CDE,Coeur Mining,11.0,0.0
2025,673,CNH,CNH Industrial N.V.,11.0,0.0
2025,674,BMRN,Biomarin Pharmaceutical,11.0,0.0
2025,675,AFG,American Financial Group,11.0,0.0
2025,676,BJ,BJ's Wholesale Club Holdings,11.0,0.0
2025,677,ELAN,Elanco Animal Health,11.0,0.0
2025,678,WMS,Advanced Drainage Systems,11.0,0.0
2025,679,NYT,New York Times,11.0,0.0
2025,680,AYI,Acuity Inc. (De),11.0,0.0
2025,681,CPT,Camden Property Trust,11.0,0.0
2025,682,CMA,Comerica Inc /New/,11.0,0.0
2025,683,ALGN,Align Technology,11.0,0.0
2025,684,DOC,Healthpeak Properties,11.0,0.0
2025,685,ORI,Old Republic International,11.0,0.0
2025,686,DAY,Dayforce,11.0,0.0
2025,687,BLDR,Builders FirstSource,11.0,0.0
2025,688,SJM,J M Smucker,11.0,0.0
2025,689,TXRH,Texas Roadhouse,11.0,0.0
2025,690,EPAM,EPAM Systems,11.0,0.0
2025,691,PCOR,Procore Technologies,11.0,0.0
2025,692,WTRG,Essential Utilities,11.0,0.0
2025,693,SCI,Service Corp International,11.0,0.0
2025,694,RVTY,Revvity,11.0,0.0
2025,695,MKSI,Mks,11.0,0.0
2025,696,CART,Maplebear,11.0,0.0
2025,697,PNW,Pinnacle West Capital,11.0,0.0
2025,698,BXP,Bxp,11.0,0.0
2025,699,AR,Antero Resources,11.0,0.0
2025,700,ETI-P,Entergy Texas,11.0,0.0
2025,701,CR,Crane,11.0,0.0
2025,702,WCC,Wesco International,11.0,0.0
2025,703,EHC,Encompass Health,11.0,0.0
2025,704,PR,Permian Resources,11.0,0.0
2025,705,JAZZ,Jazz Pharmaceuticals,11.0,0.0
2025,706,EXEL,Exelixis,11.0,0.0
2025,707,OVV,Ovintiv,11.0,0.0
2025,708,PAG,Penske Automotive Group,10.0,0.0
2025,709,CFLT,Confluent,10.0,0.0
2025,710,MANH,Manhattan Associates,10.0,0.0
2025,711,ARMK,Aramark,10.0,0.0
2025,712,AES,Aes,10.0,0.0
2025,713,BAH,Booz Allen Hamilton Holding,10.0,0.0
2025,714,ENO,Entergy New Orleans,10.0,0.0
2025,715,NCLH,Norwegian Cruise Line Holdings,10.0,0.0
2025,716,ENSG,Ensign Group,10.0,0.0
2025,717,OWL,Blue Owl Capital,10.0,0.0
2025,718,FDS,Factset Research Systems,10.0,0.0
2025,719,WBS,Webster Financial,10.0,0.0
2025,720,AAL,American Airlines Group,10.0,0.0
2025,721,PEGA,Pegasystems,10.0,0.0
2025,722,LSCC,Lattice Semiconductor,10.0,0.0
2025,723,GME,GameStop,10.0,0.0
2025,724,SPXC,SPX Technologies,10.0,0.0
2025,725,CRL,Charles River Laboratories International,10.0,0.0
2025,726,RMBS,Rambus,10.0,0.0
2025,727,UHAL,U-Haul Holding Co /NV/,10.0,0.0
2025,728,KVYO,Klaviyo,10.0,0.0
2025,729,SEIC,Sei Investments,10.0,0.0
2025,730,GTLS,Chart Industries,10.0,0.0
2025,731,CNM,Core & Main,10.0,0.0
2025,732,BAX,Baxter International,10.0,0.0
2025,733,ACI,Albertsons Companies,10.0,0.0
2025,734,AMKR,Amkor Technology,10.0,0.0
2025,735,DCI,DONALDSON Co,10.0,0.0
2025,736,KRMN,Karman Holdings,10.0,0.0
2025,737,TPG,Tpg,10.0,0.0
2025,738,ONBPP,Old National Bancorp /In/,10.0,0.0
2025,739,CHYM,Chime Financial,10.0,0.0
2025,740,MTSI,MACOM Technology Solutions Holdings,10.0,0.0
2025,741,EGP,Eastgroup Properties,10.0,0.0
2025,742,AIT,Applied Industrial Technologies,10.0,0.0
2025,743,FYBR,Frontier Communications Parent,10.0,0.0
2025,744,PPC,Pilgrims Pride,9.0,0.0
2025,745,WLK,Westlake,9.0,0.0
2025,746,ARWR,Arrowhead Pharmaceuticals,9.0,0.0
2025,747,WTFC,Wintrust Financial,9.0,0.0
2025,748,STRL,Sterling Infrastructure,9.0,0.0
2025,749,SARO,StandardAero,9.0,0.0
2025,750,MGM,MGM Resorts International,9.0,0.0
2025,751,AXSM,Axsome Therapeutics,9.0,0.0
2025,752,RRX,Regal Rexnord,9.0,0.0
2025,753,ELC,Entergy Louisiana,9.0,0.0
2025,754,SITM,Sitime,9.0,0.0
2025,755,ESTC,Elastic N.V.,9.0,0.0
2025,756,SSB,SouthState,9.0,0.0
2025,757,BWA,Borgwarner,9.0,0.0
2025,758,WTS,Watts Water Technologies,9.0,0.0
2025,759,RGEN,Repligen,9.0,0.0
2025,760,TECH,Bio-Techne,9.0,0.0
2025,761,WAL,Western Alliance Ban,9.0,0.0
2025,762,DRS,Leonardo DRS,9.0,0.0
2025,763,KNSL,Kinsale Capital Group,9.0,0.0
2025,764,MP,MP Materials Corp. / DE,9.0,0.0
2025,765,CPB,Campbell's,9.0,0.0
2025,766,OC,Owens Corning,9.0,0.0
2025,767,IPG,Interpublic Group Of Companies,9.0,0.0
2025,768,TTAN,ServiceTitan,9.0,0.0
2025,769,ALV,Autoliv,9.0,0.0
2025,770,SYF-PB,Synchrony Financial,9.0,0.0
2025,771,TTEK,Tetra Tech,9.0,0.0
2025,772,MOH,Molina Healthcare,9.0,0.0
2025,773,REXR,Rexford Industrial Realty,9.0,0.0
2025,774,SFD,Smithfield Foods,9.0,0.0
2025,775,FLS,Flowserve,9.0,0.0
2025,776,TAP,Molson Coors Beverage,9.0,0.0
2025,777,AHR,American Healthcare REIT,9.0,0.0
2025,778,OGE,Oge Energy,9.0,0.0
2025,779,TAP-A,Molson Coors Beverage,9.0,0.0
2025,780,APA,Apa,9.0,0.0
2025,781,DY,Dycom Industries,9.0,0.0
2025,782,UMBF,Umb Financial,9.0,0.0
2025,783,SAIA,Saia,9.0,0.0
2025,784,HSIC,Henry Schein,9.0,0.0
2025,785,FIVE,Five Below,9.0,0.0
2025,786,FRT,Federal Realty Investment Trust,9.0,0.0
2025,787,ADC,Agree Realty,9.0,0.0
2025,788,PLNT,Planet Fitness,9.0,0.0
2025,789,ONB,Old National Bancorp /In/,9.0,0.0
2025,790,ZION,"Zions Bancorporation, National Association /Ut/",9.0,0.0
2025,791,DINO,HF Sinclair,9.0,0.0
2025,792,LEVI,Levi Strauss,9.0,0.0
2025,793,LNC,Lincoln National,9.0,0.0
2025,794,PRAX,Praxis Precision Medicines,9.0,0.0
2025,795,MBLY,Mobileye Global,9.0,0.0
2025,796,CAG,Conagra Brands,9.0,0.0
2025,797,KNX,Knight-Swift Transportation Holdings,8.0,0.0
2025,798,APPF,Appfolio,8.0,0.0
2025,799,AM,Antero Midstream,8.0,0.0
2025,800,AMH-PG,American Homes 4 Rent,8.0,0.0
2025,801,GAP,Gap,8.0,0.0
2025,802,SANM,Sanmina,8.0,0.0
2025,803,BIO-B,Bio-Rad Laboratories,8.0,0.0
2025,804,ARE,Alexandria Real Estate Equities,8.0,0.0
2025,805,POOL,Pool,8.0,0.0
2025,806,RRC,Range Resources,8.0,0.0
2025,807,GTLB,Gitlab,8.0,0.0
2025,808,DOCS,Doximity,8.0,0.0
2025,809,MORN,Morningstar,8.0,0.0
2025,810,IDCC,InterDigital,8.0,0.0
2025,811,CUBE,CubeSmart,8.0,0.0
2025,812,PCTY,Paylocity Holding,8.0,0.0
2025,813,PRI,Primerica,8.0,0.0
2025,814,BPOP,Popular,8.0,0.0
2025,815,AWI,Armstrong World Industries,8.0,0.0
2025,816,BIO,Bio-Rad Laboratories,8.0,0.0
2025,817,PAYC,Paycom Software,8.0,0.0
2025,818,AXTA,Axalta Coating Systems,8.0,0.0
2025,819,COLB,Columbia Banking System,8.0,0.0
2025,820,LAD,Lithia Motors,8.0,0.0
2025,821,LINE,Lineage,8.0,0.0
2025,822,OTEX,Open Text,8.0,0.0
2025,823,CTRE,CareTrust REIT,8.0,0.0
2025,824,VMI,Valmont Industries,8.0,0.0
2025,825,BRX,Brixmor Property Group,8.0,0.0
2025,826,UGI,Ugi Corp /Pa/,8.0,0.0
2025,827,LW,Lamb Weston Holdings,8.0,0.0
2025,828,CFR,Cullen/Frost Bankers,8.0,0.0
2025,829,PSEC-PA,Prospect Capital,8.0,0.0
2025,830,HQY,Healthequity,8.0,0.0
2025,831,QRVO,Qorvo,8.0,0.0
2025,832,G,Genpact,8.0,0.0
2025,833,GNRC,Generac Holdings,8.0,0.0
2025,834,CHDN,Churchill Downs,8.0,0.0
2025,835,AEIS,Advanced Energy Industries,8.0,0.0
2025,836,HALO,Halozyme Therapeutics,8.0,0.0
2025,837,AXS,Axis Capital Holdings,8.0,0.0
2025,838,NUVL,Nuvalent,8.0,0.0
2025,839,OMF,OneMain Holdings,8.0,0.0
2025,840,OSK,Oshkosh,8.0,0.0
2025,841,ATR,Aptargroup,8.0,0.0
2025,842,ONTO,Onto Innovation,8.0,0.0
2025,843,MOG-B,Moog,8.0,0.0
2025,844,GSAT,Globalstar,8.0,0.0
2025,845,JBTM,JBT Marel,8.0,0.0
2025,846,CYTK,Cytokinetics,8.0,0.0
2025,847,ZWS,Zurn Elkay Water Solutions,8.0,0.0
2025,848,BROS,Dutch Bros,8.0,0.0
2025,849,COMP,Compass,8.0,0.0
2025,850,LUMN,Lumen Technologies,8.0,0.0
2025,851,IESC,IES Holdings,8.0,0.0
2025,852,AVTR,Avantor,8.0,0.0
2025,853,APLD,Applied Digital,8.0,0.0
2025,854,WH,Wyndham Hotels & Resorts,8.0,0.0
2025,855,LKQ,Lkq,8.0,0.0
2025,856,CBSH,Commerce Bancshares Inc /Mo/,8.0,0.0
2025,857,BTSG,BrightSpring Health Services,8.0,0.0
2025,858,DVA,Davita,8.0,0.0
2025,859,LYFT,Lyft,8.0,0.0
2025,860,MOS,Mosaic,8.0,0.0
2025,861,CAI,Caris Life Sciences,8.0,0.0
2025,862,NFG,National Fuel Gas,8.0,0.0
2025,863,FR,First Industrial Realty Trust,8.0,0.0
2025,864,FROG,JFrog,8.0,0.0
2025,865,CLF,Cleveland-Cliffs,8.0,0.0
2025,866,SFM,Sprouts Farmers Market,8.0,0.0
2025,867,AGCO,Agco Corp,8.0,0.0
2025,868,R,Ryder System,8.0,0.0
2025,869,MTCH,Match Group,8.0,0.0
2025,870,NNN,Nnn Reit,7.0,0.0
2025,871,MUSA,Murphy USA,7.0,0.0
2025,872,HIMS,Hims & Hers Health,7.0,0.0
2025,873,AUR,Aurora Innovation,7.0,0.0
2025,874,TTMI,Ttm Technologies,7.0,0.0
2025,875,OLLI,Ollie's Bargain Outlet Holdings,7.0,0.0
2025,876,JHG,Janus Henderson Group,7.0,0.0
2025,877,FRHC,Freedom Holding,7.0,0.0
2025,878,RYTM,Rhythm Pharmaceuticals,7.0,0.0
2025,879,VFC,V F,7.0,0.0
2025,880,KRYS,Krystal Biotech,7.0,0.0
2025,881,TTC,Toro,7.0,0.0
2025,882,AL,Air Lease,7.0,0.0
2025,883,AN,Autonation,7.0,0.0
2025,884,CWAN,Clearwater Analytics Holdings,7.0,0.0
2025,885,BOKF,Bok Financial,7.0,0.0
2025,886,CMC,Commercial Metals,7.0,0.0
2025,887,WING,Wingstop,7.0,0.0
2025,888,MOD,Modine Manufacturing,7.0,0.0
2025,889,MIDD,Middleby,7.0,0.0
2025,890,STAG,STAG Industrial,7.0,0.0
2025,891,FCFS,FirstCash Holdings,7.0,0.0
2025,892,ALB-PA,Albemarle,7.0,0.0
2025,893,CAVA,Cava Group,7.0,0.0
2025,894,INGR,Ingredion,7.0,0.0
2025,895,IBP,Installed Building Products,7.0,0.0
2025,896,IDA,Idacorp,7.0,0.0
2025,897,PFSI,PennyMac Financial Services,7.0,0.0
2025,898,FND,Floor & Decor Holdings,7.0,0.0
2025,899,MASI,Masimo,7.0,0.0
2025,900,ALL-PJ,Allstate,7.0,0.0
2025,901,BKNG,Booking Holdings,7.0,0.0
2025,902,ESAB,Esab,7.0,0.0
2025,903,CRK,Comstock Resources,7.0,0.0
2025,904,ORA,Ormat Technologies,7.0,0.0
2025,905,PRIM,Primoris Services,7.0,0.0
2025,906,SIRI,Sirius Xm Holdings,7.0,0.0
2025,907,MHK,Mohawk Industries,7.0,0.0
2025,908,OTF,Blue Owl Technology Finance,7.0,0.0
2025,909,RYAN,Ryan Specialty Holdings,7.0,0.0
2025,910,STWD,Starwood Property Trust,7.0,0.0
2025,911,SSD,Simpson Manufacturing Co.,7.0,0.0
2025,912,EXLS,ExlService Holdings,7.0,0.0
2025,913,FSS,Federal Signal Corp,7.0,0.0
2025,914,TPL,Texas Pacific Land,7.0,0.0
2025,915,FMCC,Federal Home Loan Mortgage,7.0,0.0
2025,916,GKOS,Glaukos,7.0,0.0
2025,917,EXP,Eagle Materials,7.0,0.0
2025,918,LFUS,Littelfuse Inc,7.0,0.0
2025,919,BYD,Boyd Gaming,7.0,0.0
2025,920,DBX,Dropbox,7.0,0.0
2025,921,EAT,Brinker International,7.0,0.0
2025,922,TXNM,Txnm Energy,7.0,0.0
2025,923,CDTX,Cidara Therapeutics,6.0,0.0
2025,924,PCVX,Vaxcyte,6.0,0.0
2025,925,PB,Prosperity Bancshares,6.0,0.0
2025,926,EPRT,Essential Properties Realty Trust,6.0,0.0
2025,927,MKTX,Marketaxess Holdings,6.0,0.0
2025,928,KYMR,Kymera Therapeutics,6.0,0.0
2025,929,THG,Hanover Insurance Group,6.0,0.0
2025,930,QS,QuantumScape,6.0,0.0
2025,931,FAF,First American Financial,6.0,0.0
2025,932,NEU,Newmarket,6.0,0.0
2025,933,AMTM,Amentum Holdings,6.0,0.0
2025,934,MTG,Mgic Investment,6.0,0.0
2025,935,VNO,Vornado Realty Trust,6.0,0.0
2025,936,PTCT,Ptc Therapeutics,6.0,0.0
2025,937,SMTC,Semtech,6.0,0.0
2025,938,WAY,Waystar Holding,6.0,0.0
2025,939,DLB,Dolby Laboratories,6.0,0.0
2025,940,MSGS,Madison Square Garden Sports,6.0,0.0
2025,941,AAON,Aaon,6.0,0.0
2025,942,MAA-PI,Mid America Apartment Communities,6.0,0.0
2025,943,CWST,Casella Waste Systems,6.0,0.0
2025,944,OBDC,Blue Owl Capital,6.0,0.0
2025,945,CRUS,Cirrus Logic,6.0,0.0
2025,946,NXST,Nexstar Media Group,6.0,0.0
2025,947,FBIN,Fortune Brands Innovations,6.0,0.0
2025,948,TRNO,Terreno Realty,6.0,0.0
2025,949,ADT,Adt,6.0,0.0
2025,950,SEE,Sealed Air Corp,6.0,0.0
2025,951,TEX,Terex,6.0,0.0
2025,952,ESI,Element Solutions,6.0,0.0
2025,953,ROAD,Construction Partners,6.0,0.0
2025,954,BLCO,Bausch & Lomb,6.0,0.0
2025,955,COGT,Cogent Biosciences,6.0,0.0
2025,956,GATX,Gatx,6.0,0.0
2025,957,GXO,GXO Logistics,6.0,0.0
2025,958,PACS,PACS Group,6.0,0.0
2025,959,FLR,Fluor,6.0,0.0
2025,960,S,SentinelOne,6.0,0.0
2025,961,KBR,Kbr,6.0,0.0
2025,962,KD,Kyndryl Holdings,6.0,0.0
2025,963,CIFR,Cipher Mining,6.0,0.0
2025,964,RHP,Ryman Hospitality Properties,6.0,0.0
2025,965,PRMB,Primo Brands,6.0,0.0
2025,966,KEX,Kirby,6.0,0.0
2025,967,ACGLN,Arch Capital Group,6.0,0.0
2025,968,LTH,Life Time Group Holdings,6.0,0.0
2025,969,CHE,Chemed,6.0,0.0
2025,970,HR,Healthcare Realty Trust,6.0,0.0
2025,971,RLI,Rli,6.0,0.0
2025,972,TKR,Timken,6.0,0.0
2025,973,VNOM,Viper Energy,6.0,0.0
2025,974,IRTC,iRhythm Technologies,6.0,0.0
2025,975,LEA,Lear,6.0,0.0
2025,976,SWX,Southwest Gas Holdings,6.0,0.0
2025,977,MAT,Mattel Inc,6.0,0.0
2025,978,ALK,Alaska Air Group,6.0,0.0
2025,979,GBCI,Glacier Bancorp,6.0,0.0
2025,980,PIPR,Piper Sandler Companies,6.0,0.0
2025,981,MIR,Mirion Technologies,6.0,0.0
2025,982,RAL,Ralliant,6.0,0.0
2025,983,UEC,Uranium Energy,6.0,0.0
2025,984,ST,Sensata Technologies Holding,6.0,0.0
2025,985,DJTWW,Trump Media & Technology Group,6.0,0.0
2025,986,LPX,Louisiana-Pacific,6.0,0.0
2025,987,BOOT,Boot Barn Holdings,6.0,0.0
2025,988,URBN,Urban Outfitters,6.0,0.0
2025,989,TMHC,Taylor Morrison Home,6.0,0.0
2025,990,ENS,EnerSys,6.0,0.0
2025,991,APGE,Apogee Therapeutics,6.0,0.0
2025,992,NOV,Nov,6.0,0.0
2025,993,SITE,SiteOne Landscape Supply,6.0,0.0
2025,994,WFRD,Weatherford International,6.0,0.0
2025,995,OPEN,Opendoor Technologies,6.0,0.0
2025,996,PTGX,Protagonist Therapeutics,6.0,0.0
2025,997,HXL,Hexcel Corp,6.0,0.0
2025,998,SRRK,Scholar Rock Holding,6.0,0.0
2025,999,DBC,Invesco DB Commodity Index Tracking Fund,6.0,0.0
2025,1000,ACT,Enact Holdings,6.0,0.0
Live,1,NVDA,NVIDIA,5142.0,6.6
Live,2,AAPL,Apple,4810.0,6.2
Live,3,GOOGL,Alphabet,4503.0,5.8
Live,4,MSFT,Microsoft,2939.0,3.8
Live,5,AMZN,Amazon Com,2743.0,3.5
Live,6,AVGO,Broadcom,1876.0,2.4
Live,7,SPCX,SpaceX,1780.0,2.3
Live,8,META,Meta Platforms,1729.0,2.2
Live,9,TSLA,Tesla,1236.0,1.6
Live,10,LLY,Eli Lilly,1089.0,1.4
Live,11,BRK-B,Berkshire Hathaway,1054.0,1.4
Live,12,MU,Micron Technology,1021.0,1.3
Live,13,JPM,JPMorgan Chase,930.0,1.2
Live,14,WMT,Walmart,896.0,1.2
Live,15,AMD,Advanced Micro Devices,863.0,1.1
Live,16,V,Visa,669.0,0.9
Live,17,XOM,Exxon Mobil,599.0,0.8
Live,18,JNJ,Johnson & Johnson,595.0,0.8
Live,19,INTC,Intel,518.0,0.7
Live,20,MA,Mastercard,473.0,0.6
Live,21,AMAT,Applied Materials Inc,460.0,0.6
Live,22,CSCO,Cisco Systems,441.0,0.6
Live,23,BAC,Bank Of America Corp,437.0,0.6
Live,24,ABBV,AbbVie,431.0,0.6
Live,25,CAT,Caterpillar,421.0,0.5
Live,26,LRCX,Lam Research,419.0,0.5
Live,27,COST,Costco Wholesale Corp,406.0,0.5
Live,28,ORCL,Oracle,382.0,0.5
Live,29,UNH,Unitedhealth Group,380.0,0.5
Live,30,GE,GE Aerospace,376.0,0.5
Live,31,CVX,Chevron,362.0,0.5
Live,32,MS,Morgan Stanley,360.0,0.5
Live,33,KO,Coca Cola,355.0,0.5
Live,34,PG,Procter & Gamble,345.0,0.4
Live,35,HD,Home Depot,340.0,0.4
Live,36,GS,Goldman Sachs Group,340.0,0.4
Live,37,PLTR,Palantir Technologies,321.0,0.4
Live,38,NFLX,Netflix,310.0,0.4
Live,39,MRK,Merck & Co.,305.0,0.4
Live,40,KLAC,Kla,293.0,0.4
Live,41,PANW,Palo Alto Networks,289.0,0.4
Live,42,GEV,GE Vernova,284.0,0.4
Live,43,PM,Philip Morris International,282.0,0.4
Live,44,TXN,Texas Instruments,274.0,0.4
Live,45,WFC,Wells Fargo & Company/Mn,268.0,0.3
Live,46,DELL,Dell Technologies,267.0,0.3
Live,47,RTX,Rtx,264.0,0.3
Live,48,AXP,American Express,245.0,0.3
Live,49,C,Citigroup,230.0,0.3
Live,50,ANET,Arista Networks,216.0,0.3
Live,51,CRWD,CrowdStrike Holdings,211.0,0.3
Live,52,TMUS,T-Mobile US,203.0,0.3
Live,53,TMO,Thermo Fisher Scientific,199.0,0.3
Live,54,IBM,International Business Machines,199.0,0.3
Live,55,AMGN,Amgen,193.0,0.2
Live,56,APH,Amphenol Corp,193.0,0.2
Live,57,ADI,Analog Devices,190.0,0.2
Live,58,QCOM,Qualcomm Inc,188.0,0.2
Live,59,STX,Seagate Technology Holdings,187.0,0.2
Live,60,NEE,Nextera Energy,186.0,0.2
Live,61,PEP,Pepsico,185.0,0.2
Live,62,MRVL,Marvell Technology,181.0,0.2
Live,63,VZ,Verizon Communications,179.0,0.2
Live,64,SCHW,Schwab Charles,179.0,0.2
Live,65,BLK,BlackRock,178.0,0.2
Live,66,WDC,Western Digital,177.0,0.2
Live,67,BA,Boeing,172.0,0.2
Live,68,UNP,Union Pacific,171.0,0.2
Live,69,DIS,Walt Disney,169.0,0.2
Live,70,TJX,Tjx Companies Inc,167.0,0.2
Live,71,IBKR,Interactive Brokers Group,165.0,0.2
Live,72,WELL,Welltower,165.0,0.2
Live,73,GILD,Gilead Sciences,164.0,0.2
Live,74,SHOP,Shopify,160.0,0.2
Live,75,ETN,Eaton Corp,160.0,0.2
Live,76,DE,Deere,159.0,0.2
Live,77,ABT,Abbott Laboratories,155.0,0.2
Live,78,APP,AppLovin,152.0,0.2
Live,79,SCCO,Southern Copper Corp/,151.0,0.2
Live,80,BX,Blackstone,151.0,0.2
Live,81,GLW,Corning Inc /Ny,150.0,0.2
Live,82,T,AT&T,149.0,0.2
Live,83,UBER,Uber Technologies,148.0,0.2
Live,84,DHR,Danaher Corp,142.0,0.2
Live,85,PFE,Pfizer,141.0,0.2
Live,86,ISRG,Intuitive Surgical,138.0,0.2
Live,87,CRM,Salesforce,137.0,0.2
Live,88,COP,Conocophillips,136.0,0.2
Live,89,CVS,Cvs Health,135.0,0.2
Live,90,PLD,Prologis,134.0,0.2
Live,91,CB,Chubb,131.0,0.2
Live,92,SPGI,S&P Global,130.0,0.2
Live,93,COF,Capital One Financial,129.0,0.2
Live,94,ENB,Enbridge,123.0,0.2
Live,95,SYK,Stryker,121.0,0.2
Live,96,VRTX,Vertex Pharmaceuticals Inc / Ma,121.0,0.2
Live,97,FTNT,Fortinet,121.0,0.2
Live,98,PH,Parker-Hannifin,120.0,0.2
Live,99,BMY,Bristol Myers Squibb,120.0,0.2
Live,100,SBUX,Starbucks,120.0,0.2
Live,101,PGR,Progressive Corp/Oh/,119.0,0.2
Live,102,LMT,Lockheed Martin,119.0,0.2
Live,103,MO,Altria Group,118.0,0.2
Live,104,LOW,Lowes Companies,118.0,0.2
Live,105,VRT,Vertiv Holdings,117.0,0.2
Live,106,CP,Canadian Pacific Kansas City Ltd/Cn,113.0,0.1
Live,107,HWM,Howmet Aerospace,112.0,0.1
Live,108,TEVJF,Teva Pharmaceutical Industries,112.0,0.1
Live,109,TEVA,Teva Pharmaceutical Industries,112.0,0.1
Live,110,NOW,ServiceNow,108.0,0.1
Live,111,SO,Southern,107.0,0.1
Live,112,SOJF,Southern,107.0,0.1
Live,113,TT,Trane Technologies,106.0,0.1
Live,114,HOOD,Robinhood Markets,104.0,0.1
Live,115,MDT,Medtronic,103.0,0.1
Live,116,CDNS,Cadence Design Systems,102.0,0.1
Live,117,PNC,Pnc Financial Services Group,102.0,0.1
Live,118,NEM,NEWMONT Corp,102.0,0.1
Live,119,EQIX,Equinix,101.0,0.1
Live,120,ADP,Automatic Data Processing,99.0,0.1
Live,121,GD,General Dynamics,99.0,0.1
Live,122,USB,Us Bancorp \De\,98.0,0.1
Live,123,PWR,Quanta Services,97.0,0.1
Live,124,MAR,Marriott International Inc /Md/,97.0,0.1
Live,125,DUK,Duke Energy,97.0,0.1
Live,126,DUKB,Duke Energy,97.0,0.1
Live,127,NET,Cloudflare,97.0,0.1
Live,128,UPS,United Parcel Service,96.0,0.1
Live,129,MNST,Monster Beverage,95.0,0.1
Live,130,SNOW,Snowflake,94.0,0.1
Live,131,DDOG,Datadog,94.0,0.1
Live,132,WM,Waste Management,93.0,0.1
Live,133,MELI,Mercadolibre,93.0,0.1
Live,134,MCK,Mckesson,93.0,0.1
Live,135,CEG,Constellation Energy,93.0,0.1
Live,136,ELV,Elevance Health,93.0,0.1
Live,137,CMI,Cummins,92.0,0.1
Live,138,CSX,Csx,92.0,0.1
Live,139,WMB,Williams Companies,91.0,0.1
Live,140,KKR,KKR & Co.,91.0,0.1
Live,141,ADBE,Adobe,89.0,0.1
Live,142,CME,Cme Group,89.0,0.1
Live,143,MCO,Moodys Corp,88.0,0.1
Live,144,ABNB,Airbnb,88.0,0.1
Live,145,FCX,Freeport-Mcmoran,88.0,0.1
Live,146,MPC,Marathon Petroleum,87.0,0.1
Live,147,JCI,Johnson Controls International,87.0,0.1
Live,148,VLO,Valero Energy Corp/Tx,87.0,0.1
Live,149,HCA,HCA Healthcare,84.0,0.1
Live,150,CMCSA,Comcast,84.0,0.1
Live,151,ACN,Accenture,84.0,0.1
Live,152,MMM,3M,84.0,0.1
Live,153,LIN,Linde,83.0,0.1
Live,154,DASH,DoorDash,83.0,0.1
Live,155,SHW,Sherwin Williams,82.0,0.1
Live,156,IMO,Imperial Oil,82.0,0.1
Live,157,SNPS,Synopsys,81.0,0.1
Live,158,EPD,Enterprise Products Partners L.P.,81.0,0.1
Live,159,BAM,Brookfield Asset Management,80.0,0.1
Live,160,ICE,Intercontinental Exchange,79.0,0.1
Live,161,CI,Cigna Group,79.0,0.1
Live,162,PSX,Phillips 66,79.0,0.1
Live,163,AMT,American Tower Corp /Ma/,79.0,0.1
Live,164,RCL,Royal Caribbean Cruises,78.0,0.1
Live,165,ITW,Illinois Tool Works,78.0,0.1
Live,166,CVNA,Carvana,77.0,0.1
Live,167,CTAS,Cintas,77.0,0.1
Live,168,INTU,Intuit,77.0,0.1
Live,169,EMR,Emerson Electric,76.0,0.1
Live,170,ECL,Ecolab,76.0,0.1
Live,171,AON,Aon,76.0,0.1
Live,172,MDLZ,Mondelez International,75.0,0.1
Live,173,AEP,American Electric Power Co,75.0,0.1
Live,174,FDX,Fedex,75.0,0.1
Live,175,HLT,Hilton Worldwide Holdings,75.0,0.1
Live,176,NOC,Northrop Grumman Corp,75.0,0.1
Live,177,NSC,Norfolk Southern,74.0,0.1
Live,178,EOG,Eog Resources,73.0,0.1
Live,179,CL,Colgate Palmolive,73.0,0.1
Live,180,APO,Apollo Global Management,73.0,0.1
Live,181,APOS,Apollo Global Management,73.0,0.1
Live,182,ROST,Ross Stores,72.0,0.1
Live,183,KMI,Kinder Morgan,72.0,0.1
Live,184,AMCCF,Amcor,72.0,0.1
Live,185,AMCR,Amcor,72.0,0.1
Live,186,SLB,Schlumberger Limited/Nv,71.0,0.1
Live,187,HON,Honeywell International,71.0,0.1
Live,188,NXPI,NXP Semiconductors N.V.,70.0,0.1
Live,189,GM,General Motors,70.0,0.1
Live,190,TRV,Travelers Companies,70.0,0.1
Live,191,REGN,Regeneron Pharmaceuticals,70.0,0.1
Live,192,CRH,Crh Public Ltd,69.0,0.1
Live,193,TDG,TransDigm Group,69.0,0.1
Live,194,ORLY,O Reilly Automotive,69.0,0.1
Live,195,WBD,Warner Bros. Discovery,68.0,0.1
Live,196,BE,Bloom Energy,68.0,0.1
Live,197,MSI,Motorola Solutions,68.0,0.1
Live,198,RSG,Republic Services,67.0,0.1
Live,199,MPWR,Monolithic Power Systems,66.0,0.1
Live,200,TFC,Truist Financial,66.0,0.1
Live,201,URI,United Rentals,66.0,0.1
Live,202,APD,Air Products & Chemicals,65.0,0.1
Live,203,PCAR,Paccar,65.0,0.1
Live,204,GWW,W.W. Grainger,65.0,0.1
Live,205,AJG,Arthur J. Gallagher,64.0,0.1
Live,206,BSX,Boston Scientific,64.0,0.1
Live,207,NKE,Nike,63.0,0.1
Live,208,DLR,Digital Realty Trust,63.0,0.1
Live,209,TGT,Target,63.0,0.1
Live,210,HPE,Hewlett Packard Enterprise,63.0,0.1
Live,211,D,Dominion Energy,62.0,0.1
Live,212,ALL,Allstate,62.0,0.1
Live,213,AFL,Aflac,62.0,0.1
Live,214,FIX,Comfort Systems Usa,61.0,0.1
Live,215,SRE,Sempra,61.0,0.1
Live,216,ALAB,Astera Labs,60.0,0.1
Live,217,TRGP,Targa Resources,60.0,0.1
Live,218,MET,Metlife,59.0,0.1
Live,219,CIEN,Ciena,59.0,0.1
Live,220,O,Realty Income,59.0,0.1
Live,221,TEL,TE Connectivity,59.0,0.1
Live,222,COHR,Coherent,59.0,0.1
Live,223,LITE,Lumentum Holdings,59.0,0.1
Live,224,OKE,Oneok Inc /New/,57.0,0.1
Live,225,MPLX,Mplx,57.0,0.1
Live,226,CARR,Carrier Global,57.0,0.1
Live,227,BKR,Baker Hughes,57.0,0.1
Live,228,DAL,Delta Air Lines,57.0,0.1
Live,229,F,Ford Motor,57.0,0.1
Live,230,CTVA,Corteva,56.0,0.1
Live,231,PSA,Public Storage,55.0,0.1
Live,232,KEYS,Keysight Technologies,55.0,0.1
Live,233,VST,Vistra,54.0,0.1
Live,234,NUE,Nucor,54.0,0.1
Live,235,LNG,Cheniere Energy,54.0,0.1
Live,236,TER,Teradyne,54.0,0.1
Live,237,AME,Ametek Inc/,54.0,0.1
Live,238,OXY,Occidental Petroleum Corp,53.0,0.1
Live,239,LHX,"L3Harris Technologies, Inc.",53.0,0.1
Live,240,FANG,Diamondback Energy,53.0,0.1
Live,241,CAH,Cardinal Health,53.0,0.1
Live,242,FITB,Fifth Third Ban,53.0,0.1
Live,243,ETR,Entergy Corp,52.0,0.1
Live,244,FAST,Fastenal,52.0,0.1
Live,245,EA,Electronic Arts,52.0,0.1
Live,246,NDAQ,Nasdaq,52.0,0.1
Live,247,STT,State Street,52.0,0.1
Live,248,ROK,Rockwell Automation,51.0,0.1
Live,249,EW,Edwards Lifesciences,50.0,0.1
Live,250,EBAY,Ebay,50.0,0.1
Live,251,DVN,Devon Energy Corp,50.0,0.1
Live,252,XEL,Xcel Energy,49.0,0.1
Live,253,PYPL,PayPal Holdings,49.0,0.1
Live,254,HUM,Humana,49.0,0.1
Live,255,AZO,Autozone,48.0,0.1
Live,256,XYZ,Block,48.0,0.1
Live,257,AMP,Ameriprise Financial,47.0,0.1
Live,258,FLEX,Flex,47.0,0.1
Live,259,ODFL,Old Dominion Freight Line,47.0,0.1
Live,260,MCHP,Microchip Technology,47.0,0.1
Live,261,MCHPP,Microchip Technology,47.0,0.1
Live,262,EXC,Exelon,47.0,0.1
Live,263,GRMN,Garmin,47.0,0.1
Live,264,RKLB,Rocket Lab,46.0,0.1
Live,265,TTWO,Take Two Interactive Software,45.0,0.1
Live,266,MSCI,Msci,45.0,0.1
Live,267,VTR,Ventas,45.0,0.1
Live,268,CMG,Chipotle Mexican Grill,44.0,0.1
Live,269,AXON,Axon Enterprise,44.0,0.1
Live,270,ADSK,Autodesk,44.0,0.1
Live,271,WAB,Westinghouse Air Brake Technologies,44.0,0.1
Live,272,COIN,Coinbase Global,44.0,0.1
Live,273,IDXX,Idexx Laboratories Inc,44.0,0.1
Live,274,WCN,Waste Connections,43.0,0.1
Live,275,DHI,Horton D R Inc,43.0,0.1
Live,276,BDX,Becton Dickinson,43.0,0.1
Live,277,CRDO,Credo Technology Group Holding,42.0,0.1
Live,278,CRWV,CoreWeave,42.0,0.1
Live,279,YUM,Yum Brands,42.0,0.1
Live,280,LYV,Live Nation Entertainment,42.0,0.1
Live,281,CBRE,Cbre Group,41.0,0.1
Live,282,RKT,Rocket Companies,41.0,0.1
Live,283,KDP,Keurig Dr Pepper,41.0,0.1
Live,284,ARES,Ares Management,41.0,0.1
Live,285,HEI,Heico,41.0,0.1
Live,286,RBLX,Roblox,41.0,0.1
Live,287,AIG,American International Group,41.0,0.1
Live,288,ED,Consolidated Edison,41.0,0.1
Live,289,PRU,Prudential Financial,40.0,0.1
Live,290,PEG,Public Service Enterprise Group,40.0,0.1
Live,291,NTRA,Natera,40.0,0.1
Live,292,ADM,Archer-Daniels-Midland,40.0,0.1
Live,293,UAL,United Airlines Holdings,39.0,0.1
Live,294,PAYX,Paychex,39.0,0.1
Live,295,SYY,Sysco,39.0,0.0
Live,296,PCG,Pg&E,39.0,0.0
Live,297,CLS,Celestica,39.0,0.0
Live,298,RDDT,Reddit,38.0,0.0
Live,299,A,Agilent Technologies,38.0,0.0
Live,300,VMC,Vulcan Materials,38.0,0.0
Live,301,ALNY,Alnylam Pharmaceuticals,37.0,0.0
Live,302,HIG,Hartford Insurance Group,37.0,0.0
Live,303,WAT,Waters Corp,37.0,0.0
Live,304,WEC,Wec Energy Group,37.0,0.0
Live,305,IRM,Iron Mountain,37.0,0.0
Live,306,HBAN,Huntington Bancshares Inc /Md/,37.0,0.0
Live,307,FERG,Ferguson Enterprises Inc.,36.0,0.0
Live,308,CCL,Carnival,36.0,0.0
Live,309,MTB,M&T Bank,36.0,0.0
Live,310,ON,On Semiconductor,36.0,0.0
Live,311,KVUE,Kenvue,36.0,0.0
Live,312,TKO,TKO Group Holdings,35.0,0.0
Live,313,NTRS,Northern Trust,35.0,0.0
Live,314,NTRSO,Northern Trust,35.0,0.0
Live,315,KMB,Kimberly Clark,35.0,0.0
Live,316,ROP,Roper Technologies,35.0,0.0
Live,317,WDAY,Workday,35.0,0.0
Live,318,CCI,Crown Castle,35.0,0.0
Live,319,KR,Kroger,35.0,0.0
Live,320,HSY,Hershey,35.0,0.0
Live,321,IQV,Iqvia Holdings,35.0,0.0
Live,322,ACGL,Arch Capital Group,34.0,0.0
Live,323,ACGLN,Arch Capital Group,34.0,0.0
Live,324,EME,EMCOR Group,34.0,0.0
Live,325,MLM,Martin Marietta Materials,34.0,0.0
Live,326,STLD,Steel Dynamics,34.0,0.0
Live,327,JBL,Jabil,33.0,0.0
Live,328,RJF,Raymond James Financial,33.0,0.0
Live,329,CNC,Centene,33.0,0.0
Live,330,UI,Ubiquiti,33.0,0.0
Live,331,RPRX,Royalty Pharma,32.0,0.0
Live,332,TWLO,Twilio,32.0,0.0
Live,333,VG,Venture Global,32.0,0.0
Live,334,EXPE,Expedia Group,32.0,0.0
Live,335,NTAP,NetApp,32.0,0.0
Live,336,VEEV,Veeva Systems,31.0,0.0
Live,337,CPNG,Coupang,31.0,0.0
Live,338,ZTS,Zoetis,31.0,0.0
Live,339,IR,Ingersoll Rand,31.0,0.0
Live,340,AEE,Ameren,31.0,0.0
Live,341,EQT,Eqt,31.0,0.0
Live,342,DTG,Dte Energy,31.0,0.0
Live,343,DTE,Dte Energy,31.0,0.0
Live,344,EXR,Extra Space Storage,31.0,0.0
Live,345,KHC,Kraft Heinz,30.0,0.0
Live,346,CQP,"Cheniere Energy Partners, L.P.",30.0,0.0
Live,347,CFG,Citizens Financial Group Inc/Ri,30.0,0.0
Live,348,CASY,Caseys General Stores,30.0,0.0
Live,349,EL,Estee Lauder Companies,30.0,0.0
Live,350,LVS,Las Vegas Sands,30.0,0.0
Live,351,EIX,Edison International,30.0,0.0
Live,352,HAL,Halliburton,29.0,0.0
Live,353,ATO,Atmos Energy,29.0,0.0
Live,354,BIIB,Biogen,29.0,0.0
Live,355,NRG,Nrg Energy,29.0,0.0
Live,356,CBOE,Cboe Global Markets,29.0,0.0
Live,357,TDY,Teledyne Technologies,29.0,0.0
Live,358,XYL,Xylem,29.0,0.0
Live,359,FTI,TechnipFMC,29.0,0.0
Live,360,RSMDF,Resmed,29.0,0.0
Live,361,RMD,Resmed,29.0,0.0
Live,362,VICI,Vici Properties,29.0,0.0
Live,363,GEHC,GE HealthCare Technologies,29.0,0.0
Live,364,CRS,Carpenter Technology,29.0,0.0
Live,365,DOV,Dover,29.0,0.0
Live,366,TPL,Texas Pacific Land,29.0,0.0
Live,367,TPR,Tapestry,28.0,0.0
Live,368,ILMN,Illumina,28.0,0.0
Live,369,MTZ,Mastec,28.0,0.0
Live,370,K,Kellanova,28.0,0.0
Live,371,FE,Firstenergy,28.0,0.0
Live,372,AMRZ,Amrize,28.0,0.0
Live,373,DXCM,Dexcom,28.0,0.0
Live,374,FICO,Fair Isaac,28.0,0.0
Live,375,CNP,Centerpoint Energy,28.0,0.0
Live,376,CW,Curtiss Wright,28.0,0.0
Live,377,ES,Eversource Energy,28.0,0.0
Live,378,OTIS,Otis Worldwide,28.0,0.0
Live,379,AFRM,Affirm Holdings,27.0,0.0
Live,380,ZM,Zoom Communications,27.0,0.0
Live,381,MRNA,Moderna,27.0,0.0
Live,382,AVB,Avalonbay Communities,27.0,0.0
Live,383,PPL,Ppl,27.0,0.0
Live,384,RF,Regions Financial,27.0,0.0
Live,385,MDB,MongoDB,27.0,0.0
Live,386,DG,Dollar General,27.0,0.0
Live,387,CINF,Cincinnati Financial,27.0,0.0
Live,388,MTD,Mettler Toledo International Inc/,27.0,0.0
Live,389,ATI,Ati,26.0,0.0
Live,390,LPLA,LPL Financial Holdings,26.0,0.0
Live,391,WSM,Williams Sonoma,26.0,0.0
Live,392,OKTA,Okta,26.0,0.0
Live,393,JBHT,Hunt J B Transport Services,26.0,0.0
Live,394,WRB,Berkley W R,26.0,0.0
Live,395,NVT,nVent Electric,26.0,0.0
Live,396,RIVN,"Rivian Automotive, Inc. / DE",26.0,0.0
Live,397,QSR,Restaurant Brands International,26.0,0.0
Live,398,ASTS,AST SpaceMobile,26.0,0.0
Live,399,PPG,Ppg Industries,26.0,0.0
Live,400,SYM,Symbotic,26.0,0.0
Live,401,EQR,Equity Residential,26.0,0.0
Live,402,KEY,Keycorp /New/,26.0,0.0
Live,403,TROW,Price T Rowe Group,25.0,0.0
Live,404,WST,West Pharmaceutical Services,25.0,0.0
Live,405,HUBB,Hubbell,25.0,0.0
Live,406,CPRT,Copart,25.0,0.0
Live,407,AWK,American Water Works Company,25.0,0.0
Live,408,VRSK,Verisk Analytics,25.0,0.0
Live,409,ROIV,Roivant Sciences,25.0,0.0
Live,410,SYF,Synchrony Financial,25.0,0.0
Live,411,VRSN,Verisign Inc/Ca,25.0,0.0
Live,412,DLTR,Dollar Tree,24.0,0.0
Live,413,PFG,Principal Financial Group,24.0,0.0
Live,414,LUV,Southwest Airlines,24.0,0.0
Live,415,MKL,Markel Group,24.0,0.0
Live,416,FSLR,First Solar,24.0,0.0
Live,417,XPO,Xpo,24.0,0.0
Live,418,ZS,Zscaler,24.0,0.0
Live,419,WWD,Woodward,24.0,0.0
Live,420,MKSI,Mks,24.0,0.0
Live,421,PHM,Pultegroup Inc/Mi/,24.0,0.0
Live,422,INSM,Insmed,24.0,0.0
Live,423,FFIV,F5,24.0,0.0
Live,424,FCNCA,First Citizens Bancshares Inc,24.0,0.0
Live,425,CPAY,Corpay,24.0,0.0
Live,426,TEAM,Atlassian,23.0,0.0
Live,427,CHRW,C. H. Robinson Worldwide,23.0,0.0
Live,428,EXPD,Expeditors International Of Washington,23.0,0.0
Live,429,L,Loews,23.0,0.0
Live,430,OMC,Omnicom Group,23.0,0.0
Live,431,CHD,Church & Dwight Co Inc,23.0,0.0
Live,432,INCY,Incyte,23.0,0.0
Live,433,SOFI,SoFi Technologies,23.0,0.0
Live,434,CMS,Cms Energy,23.0,0.0
Live,435,SW,Smurfit Westrock,23.0,0.0
Live,436,BRO,Brown & Brown,23.0,0.0
Live,437,UTHR,United Therapeutics,23.0,0.0
Live,438,STZ,Constellation Brands,22.0,0.0
Live,439,DRI,Darden Restaurants,22.0,0.0
Live,440,BG,Bunge Global SA,22.0,0.0
Live,441,MTSI,MACOM Technology Solutions Holdings,22.0,0.0
Live,442,VLTO,Veralto,22.0,0.0
Live,443,DGX,Quest Diagnostics,22.0,0.0
Live,444,LH,Labcorp Holdings,22.0,0.0
Live,445,FOXA,Fox,22.0,0.0
Live,446,FOX,Fox,22.0,0.0
Live,447,RL,Ralph Lauren,22.0,0.0
Live,448,FTAI,FTAI Aviation,22.0,0.0
Live,449,NI,Nisource,22.0,0.0
Live,450,BURL,Burlington Stores,22.0,0.0
Live,451,HPQ,Hp,22.0,0.0
Live,452,GH,Guardant Health,22.0,0.0
Live,453,TW,Tradeweb Markets,21.0,0.0
Live,454,DOW,Dow,21.0,0.0
Live,455,GPN,Global Payments,21.0,0.0
Live,456,USFD,US Foods Holding,21.0,0.0
Live,457,ROKU,Roku,21.0,0.0
Live,458,FIS,Fidelity National Information Services,21.0,0.0
Live,459,IOT,Samsara,21.0,0.0
Live,460,ENTG,Entegris,21.0,0.0
Live,461,ROL,Rollins,21.0,0.0
Live,462,EXE,Expand Energy,21.0,0.0
Live,463,SNA,Snap-on,21.0,0.0
Live,464,RBA,Rb Global,21.0,0.0
Live,465,STE,Steris,21.0,0.0
Live,466,STRL,Sterling Infrastructure,21.0,0.0
Live,467,CTSH,Cognizant Technology Solutions,20.0,0.0
Live,468,EFX,Equifax,20.0,0.0
Live,469,TSN,Tyson Foods,20.0,0.0
Live,470,ULTA,Ulta Beauty,20.0,0.0
Live,471,RS,Reliance,20.0,0.0
Live,472,SNX,Td Synnex,20.0,0.0
Live,473,GIS,General Mills,20.0,0.0
Live,474,SBAC,Sba Communications,20.0,0.0
Live,475,EVRG,Evergy,20.0,0.0
Live,476,IP,International Paper Co /New/,19.0,0.0
Live,477,VTRS,Viatris,19.0,0.0
Live,478,LNT,Alliant Energy,19.0,0.0
Live,479,WES,Western Midstream Partners,19.0,0.0
Live,480,IFF,International Flavors & Fragrances,19.0,0.0
Live,481,WTW,Willis Towers Watson,19.0,0.0
Live,482,LII,Lennox International,19.0,0.0
Live,483,ESS,Essex Property Trust,19.0,0.0
Live,484,LYB,LyondellBasell Industries N.V.,19.0,0.0
Live,485,DKS,Dick's Sporting Goods,19.0,0.0
Live,486,RBC,RBC Bearings,19.0,0.0
Live,487,FTV,Fortive,18.0,0.0
Live,488,DD,DuPont de Nemours,18.0,0.0
Live,489,TLN,Talen Energy,18.0,0.0
Live,490,LSCC,Lattice Semiconductor,18.0,0.0
Live,491,EWBC,East West Bancorp,18.0,0.0
Live,492,CF,CF Industries Holdings,18.0,0.0
Live,493,BBY,Best Buy Co,18.0,0.0
Live,494,APG,APi Group,18.0,0.0
Live,495,INVH,Invitation Homes,18.0,0.0
Live,496,ULS,UL Solutions,18.0,0.0
Live,497,TOST,Toast,18.0,0.0
Live,498,NVR,Nvr,18.0,0.0
Live,499,BEN,Franklin Resources,17.0,0.0
Live,500,AKAM,Akamai Technologies,17.0,0.0
Live,501,ZBH,Zimmer Biomet Holdings,17.0,0.0
Live,502,FN,Fabrinet,17.0,0.0
Live,503,SMCI,Super Micro Computer,17.0,0.0
Live,504,ITT,Itt,17.0,0.0
Live,505,PFGC,Performance Food Group,17.0,0.0
Live,506,NBIX,Neurocrine Biosciences,17.0,0.0
Live,507,WY,Weyerhaeuser,17.0,0.0
Live,508,TPG,Tpg,17.0,0.0
Live,509,BR,Broadridge Financial Solutions,17.0,0.0
Live,510,NLY,Annaly Capital Management,17.0,0.0
Live,511,HOLX,Hologic,17.0,0.0
Live,512,KIM,Kimco Realty,17.0,0.0
Live,513,AMKR,Amkor Technology,17.0,0.0
Live,514,CDW,Cdw,17.0,0.0
Live,515,GPC,Genuine Parts,17.0,0.0
Live,516,CG,Carlyle Group,17.0,0.0
Live,517,THC,Tenet Healthcare,17.0,0.0
Live,518,NXT,Nextracker,17.0,0.0
Live,519,IEX,Idex Corp,17.0,0.0
Live,520,RBRK,Rubrik,17.0,0.0
Live,521,SSNC,SS&C Technologies Holdings,17.0,0.0
Live,522,PAA,Plains All American Pipeline,16.0,0.0
Live,523,PR,Permian Resources,16.0,0.0
Live,524,WCC,Wesco International,16.0,0.0
Live,525,CDE,Coeur Mining,16.0,0.0
Live,526,RGLD,Royal Gold,16.0,0.0
Live,527,CRCL,Circle Internet Group,16.0,0.0
Live,528,HST,Host Hotels & Resorts,16.0,0.0
Live,529,LAMR,Lamar Advertising Co,16.0,0.0
Live,530,BWXT,BWX Technologies,16.0,0.0
Live,531,BBIO,BridgeBio Pharma,16.0,0.0
Live,532,BALL,Ball,16.0,0.0
Live,533,SITM,Sitime,16.0,0.0
Live,534,CHTR,"Charter Communications, Inc. /Mo/",16.0,0.0
Live,535,WPC,W. P. Carey,16.0,0.0
Live,536,NDSN,Nordson,16.0,0.0
Live,537,CLH,Clean Harbors,16.0,0.0
Live,538,NWSA,News,16.0,0.0
Live,539,GEN,Gen Digital,16.0,0.0
Live,540,TSCO,Tractor Supply Co,16.0,0.0
Live,541,MAS,Masco Corp,16.0,0.0
Live,542,WSO,Watsco,16.0,0.0
Live,543,OVV,Ovintiv,16.0,0.0
Live,544,VNOM,Viper Energy,15.0,0.0
Live,545,TXT,Textron,15.0,0.0
Live,546,SGI,Somnigroup International,15.0,0.0
Live,547,RGA,Reinsurance Group Of America,15.0,0.0
Live,548,MAA,Mid America Apartment Communities,15.0,0.0
Live,549,J,Jacobs Solutions,15.0,0.0
Live,550,JLL,Jones Lang Lasalle,15.0,0.0
Live,551,ONTO,Onto Innovation,15.0,0.0
Live,552,DINO,HF Sinclair,15.0,0.0
Live,553,MEDP,Medpace Holdings,15.0,0.0
Live,554,OWL,Blue Owl Capital,15.0,0.0
Live,555,YUMC,Yum China Holdings,15.0,0.0
Live,556,JAZZ,Jazz Pharmaceuticals,15.0,0.0
Live,557,ARMK,Aramark,15.0,0.0
Live,558,DOC,Healthpeak Properties,15.0,0.0
Live,559,TRU,TransUnion,15.0,0.0
Live,560,TTMI,Ttm Technologies,15.0,0.0
Live,561,DVA,Davita,15.0,0.0
Live,562,DTM,DT Midstream,15.0,0.0
Live,563,DECK,Deckers Outdoor,15.0,0.0
Live,564,WMG,Warner Music Group,15.0,0.0
Live,565,ALB,Albemarle,15.0,0.0
Live,566,REG,Regency Centers,15.0,0.0
Live,567,EVR,Evercore,15.0,0.0
Live,568,SUI,Sun Communities,15.0,0.0
Live,569,FLUT,Flutter Entertainment,15.0,0.0
Live,570,EG,Everest Group,14.0,0.0
Live,571,TOL,Toll Brothers,14.0,0.0
Live,572,OHI,Omega Healthcare Investors,14.0,0.0
Live,573,PTC,Ptc,14.0,0.0
Live,574,UNM,Unum Group,14.0,0.0
Live,575,CRBG,Corebridge Financial,14.0,0.0
Live,576,ALLY,Ally Financial,14.0,0.0
Live,577,RRX,Regal Rexnord,14.0,0.0
Live,578,GL,Globe Life,14.0,0.0
Live,579,IONQ,IonQ,14.0,0.0
Live,580,EXEL,Exelixis,14.0,0.0
Live,581,CSL,Carlisle Companies,14.0,0.0
Live,582,LECO,Lincoln Electric Holdings,14.0,0.0
Live,583,HRL,Hormel Foods Corp,14.0,0.0
Live,584,COO,Cooper Companies,14.0,0.0
Live,585,MKC,Mccormick & Co,14.0,0.0
Live,586,MKC-V,Mccormick & Co,14.0,0.0
Live,587,IREN,Iren,14.0,0.0
Live,588,SWK,Stanley Black & Decker,14.0,0.0
Live,589,U,Unity Software,14.0,0.0
Live,590,LDOS,Leidos Holdings,14.0,0.0
Live,591,ARCC,Ares Capital,14.0,0.0
Live,592,AIZN,Assurant,14.0,0.0
Live,593,AIZ,Assurant,14.0,0.0
Live,594,SOLV,Solventum,14.0,0.0
Live,595,CNA,Cna Financial,14.0,0.0
Live,596,EQH,Equitable Holdings,14.0,0.0
Live,597,FNF,Fidelity National Financial,13.0,0.0
Live,598,BTSG,BrightSpring Health Services,13.0,0.0
Live,599,IVZ,Invesco,13.0,0.0
Live,600,GNRC,Generac Holdings,13.0,0.0
Live,601,LULU,lululemon athletica,13.0,0.0
Live,602,PINS,Pinterest,13.0,0.0
Live,603,PAG,Penske Automotive Group,13.0,0.0
Live,604,JEF,Jefferies Financial Group,13.0,0.0
Live,605,RPM,Rpm International Inc,13.0,0.0
Live,606,BWA,Borgwarner,13.0,0.0
Live,607,RNR,Renaissancere Holdings,13.0,0.0
Live,608,DT,Dynatrace,13.0,0.0
Live,609,COR,Cencora,13.0,0.0
Live,610,AGNC,AGNC Investment,13.0,0.0
Live,611,ALGN,Align Technology,13.0,0.0
Live,612,PNW,Pinnacle West Capital,13.0,0.0
Live,613,DY,Dycom Industries,13.0,0.0
Live,614,UDR,Udr,13.0,0.0
Live,615,AA,Alcoa,13.0,0.0
Live,616,LOGI,Logitech International S.A.,13.0,0.0
Live,617,TYL,Tyler Technologies,13.0,0.0
Live,618,ELAN,Elanco Animal Health,13.0,0.0
Live,619,MLI,Mueller Industries,13.0,0.0
Live,620,MDGL,Madrigal Pharmaceuticals,13.0,0.0
Live,621,HUT,Hut 8,13.0,0.0
Live,622,CR,Crane,13.0,0.0
Live,623,SMTC,Semtech,13.0,0.0
Live,624,MOG-B,Moog,13.0,0.0
Live,625,DOCN,DigitalOcean Holdings,12.0,0.0
Live,626,TXRH,Texas Roadhouse,12.0,0.0
Live,627,APTV,Aptiv,12.0,0.0
Live,628,IESC,IES Holdings,12.0,0.0
Live,629,GLPI,Gaming & Leisure Properties,12.0,0.0
Live,630,CCK,Crown Holdings,12.0,0.0
Live,631,PEN,Penumbra,12.0,0.0
Live,632,FIG,Figma,12.0,0.0
Live,633,WBS,Webster Financial,12.0,0.0
Live,634,RVTY,Revvity,12.0,0.0
Live,635,ELS,Equity Lifestyle Properties,12.0,0.0
Live,636,MOD,Modine Manufacturing,12.0,0.0
Live,637,AXSM,Axsome Therapeutics,12.0,0.0
Live,638,GGG,Graco,12.0,0.0
Live,639,NYT,New York Times,12.0,0.0
Live,640,MOH,Molina Healthcare,12.0,0.0
Live,641,ZBRA,Zebra Technologies,12.0,0.0
Live,642,APA,Apa,12.0,0.0
Live,643,AIT,Applied Industrial Technologies,12.0,0.0
Live,644,TRMB,Trimble,12.0,0.0
Live,645,W,Wayfair,12.0,0.0
Live,646,GDDY,GoDaddy,12.0,0.0
Live,647,SF,Stifel Financial,12.0,0.0
Live,648,AMH,American Homes 4 Rent,12.0,0.0
Live,649,UHAL,U-Haul Holding Co /NV/,12.0,0.0
Live,650,UHAL-B,U-Haul Holding Co /NV/,12.0,0.0
Live,651,AVY,Avery Dennison,12.0,0.0
Live,652,MGM,MGM Resorts International,12.0,0.0
Live,653,KNX,Knight-Swift Transportation Holdings,12.0,0.0
Live,654,VICR,Vicor,12.0,0.0
Live,655,CNH,CNH Industrial N.V.,12.0,0.0
Live,656,FHN,First Horizon,12.0,0.0
Live,657,SEIC,Sei Investments,12.0,0.0
Live,658,AUR,Aurora Innovation,12.0,0.0
Live,659,COKE,Coca-Cola Consolidated,12.0,0.0
Live,660,CLX,Clorox Co,12.0,0.0
Live,661,GWRE,Guidewire Software,12.0,0.0
Live,662,SMMT,Summit Therapeutics,12.0,0.0
Live,663,DRS,Leonardo DRS,12.0,0.0
Live,664,ALLE,Allegion,12.0,0.0
Live,665,WTS,Watts Water Technologies,12.0,0.0
Live,666,SJM,J M Smucker,12.0,0.0
Live,667,CSGP,Costar Group,12.0,0.0
Live,668,BF-A,Brown Forman,12.0,0.0
Live,669,WMS,Advanced Drainage Systems,12.0,0.0
Live,670,OC,Owens Corning,12.0,0.0
Live,671,BJ,BJ's Wholesale Club Holdings,12.0,0.0
Live,672,AEIS,Advanced Energy Industries,11.0,0.0
Live,673,AFG,American Financial Group,11.0,0.0
Live,674,AFGB,American Financial Group,11.0,0.0
Live,675,EGP,Eastgroup Properties,11.0,0.0
Live,676,BAX,Baxter International,11.0,0.0
Live,677,BMRN,Biomarin Pharmaceutical,11.0,0.0
Live,678,HAS,Hasbro,11.0,0.0
Live,679,CPT,Camden Property Trust,11.0,0.0
Live,680,CYTK,Cytokinetics,11.0,0.0
Live,681,CART,Maplebear,11.0,0.0
Live,682,BROS,Dutch Bros,11.0,0.0
Live,683,TECH,Bio-Techne,11.0,0.0
Live,684,CFLT,Confluent,11.0,0.0
Live,685,RMBS,Rambus,11.0,0.0
Live,686,SAIA,Saia,11.0,0.0
Live,687,SANM,Sanmina,11.0,0.0
Live,688,FROG,JFrog,11.0,0.0
Live,689,UMBF,Umb Financial,11.0,0.0
Live,690,BPOP,Popular,11.0,0.0
Live,691,PODD,Insulet,11.0,0.0
Live,692,HUBS,Hubspot,11.0,0.0
Live,693,BXP,Bxp,11.0,0.0
Live,694,CRL,Charles River Laboratories International,11.0,0.0
Live,695,ERIE,Erie Indemnity,11.0,0.0
Live,696,WTFCN,Wintrust Financial,11.0,0.0
Live,697,WTFC,Wintrust Financial,11.0,0.0
Live,698,MUSA,Murphy USA,11.0,0.0
Live,699,HII,Huntington Ingalls Industries,11.0,0.0
Live,700,EHC,Encompass Health,11.0,0.0
Live,701,SPXC,SPX Technologies,11.0,0.0
Live,702,SCI,Service Corp International,11.0,0.0
Live,703,WTRG,Essential Utilities,11.0,0.0
Live,704,RYAN,Ryan Specialty Holdings,11.0,0.0
Live,705,FIVE,Five Below,11.0,0.0
Live,706,GMED,Globus Medical,11.0,0.0
Live,707,AM,Antero Midstream,11.0,0.0
Live,708,VMI,Valmont Industries,11.0,0.0
Live,709,AES,Aes,11.0,0.0
Live,710,FRT,Federal Realty Investment Trust,11.0,0.0
Live,711,JKHY,Jack Henry & Associates,11.0,0.0
Live,712,ZION,"Zions Bancorporation, National Association /Ut/",11.0,0.0
Live,713,LFUS,Littelfuse Inc,11.0,0.0
Live,714,AHR,American Healthcare REIT,10.0,0.0
Live,715,CACI,Caci International Inc,10.0,0.0
Live,716,AR,Antero Resources,10.0,0.0
Live,717,PNR,Pentair,10.0,0.0
Live,718,GSAT,Globalstar,10.0,0.0
Live,719,HL,Hecla Mining Co,10.0,0.0
Live,720,STEL,Stellar Bancorp,10.0,0.0
Live,721,DCI,DONALDSON Co,10.0,0.0
Live,722,DPZ,Dominos Pizza,10.0,0.0
Live,723,AAL,American Airlines Group,10.0,0.0
Live,724,KRYS,Krystal Biotech,10.0,0.0
Live,725,SIRI,Sirius Xm Holdings,10.0,0.0
Live,726,R,Ryder System,10.0,0.0
Live,727,ONB,Old National Bancorp /In/,10.0,0.0
Live,728,APGE,Apogee Therapeutics,10.0,0.0
Live,729,ARWR,Arrowhead Pharmaceuticals,10.0,0.0
Live,730,WYNN,Wynn Resorts,10.0,0.0
Live,731,OGE,Oge Energy,10.0,0.0
Live,732,GTLS,Chart Industries,10.0,0.0
Live,733,FRHC,Freedom Holding,10.0,0.0
Live,734,LINE,Lineage,10.0,0.0
Live,735,AYI,Acuity Inc. (De),10.0,0.0
Live,736,GME,GameStop,10.0,0.0
Live,737,CFR,Cullen/Frost Bankers,10.0,0.0
Live,738,BLD,TopBuild,10.0,0.0
Live,739,HSIC,Henry Schein,10.0,0.0
Live,740,VIAV,Viavi Solutions,10.0,0.0
Live,741,SSB,SouthState,10.0,0.0
Live,742,WLK,Westlake,10.0,0.0
Live,743,HLI,Houlihan Lokey,10.0,0.0
Live,744,ORI,Old Republic International,10.0,0.0
Live,745,NUVL,Nuvalent,10.0,0.0
Live,746,ENSG,Ensign Group,10.0,0.0
Live,747,DOCU,Docusign,10.0,0.0
Live,748,TKR,Timken,10.0,0.0
Live,749,BRX,Brixmor Property Group,10.0,0.0
Live,750,VSAT,Viasat,10.0,0.0
Live,751,CORT,Corcept Therapeutics,10.0,0.0
Live,752,WULF,Terawulf,10.0,0.0
Live,753,GLXY,Galaxy Digital,10.0,0.0
Live,754,BSY,Bentley Systems,10.0,0.0
Live,755,ESI,Element Solutions,10.0,0.0
Live,756,PRI,Primerica,10.0,0.0
Live,757,ALSN,Allison Transmission Holdings,9.0,0.0
Live,758,CTRE,CareTrust REIT,9.0,0.0
Live,759,COMP,Compass,9.0,0.0
Live,760,FCFS,FirstCash Holdings,9.0,0.0
Live,761,COLB,Columbia Banking System,9.0,0.0
Live,762,VIRT,Virtu Financial,9.0,0.0
Live,763,KYMR,Kymera Therapeutics,9.0,0.0
Live,764,MTCH,Match Group,9.0,0.0
Live,765,LTH,Life Time Group Holdings,9.0,0.0
Live,766,ADC,Agree Realty,9.0,0.0
Live,767,ALGM,Allegro Microsystems,9.0,0.0
Live,768,KTOS,Kratos Defense & Security Solutions,9.0,0.0
Live,769,AAON,Aaon,9.0,0.0
Live,770,MANH,Manhattan Associates,9.0,0.0
Live,771,MSGS,Madison Square Garden Sports,9.0,0.0
Live,772,OSCR,Oscar Health,9.0,0.0
Live,773,GKOS,Glaukos,9.0,0.0
Live,774,LEVI,Levi Strauss,9.0,0.0
Live,775,CUBE,CubeSmart,9.0,0.0
Live,776,SARO,StandardAero,9.0,0.0
Live,777,SNEX,StoneX Group,9.0,0.0
Live,778,TTD,Trade Desk,9.0,0.0
Live,779,OSK,Oshkosh,9.0,0.0
Live,780,NCLH,Norwegian Cruise Line Holdings,9.0,0.0
Live,781,PRMB,Primo Brands,9.0,0.0
Live,782,IONS,Ionis Pharmaceuticals,9.0,0.0
Live,783,FORM,Formfactor,9.0,0.0
Live,784,NNN,Nnn Reit,9.0,0.0
Live,785,POWL,Powell Industries,9.0,0.0
Live,786,HALO,Halozyme Therapeutics,9.0,0.0
Live,787,ALV,Autoliv,9.0,0.0
Live,788,UHS,Universal Health Services,9.0,0.0
Live,789,IT,Gartner,9.0,0.0
Live,790,TTC,Toro,9.0,0.0
Live,791,FDS,Factset Research Systems,9.0,0.0
Live,792,WAL,Western Alliance Ban,9.0,0.0
Live,793,CRNX,Crinetics Pharmaceuticals,9.0,0.0
Live,794,PRAX,Praxis Precision Medicines,9.0,0.0
Live,795,PL,Planet Labs PBC,9.0,0.0
Live,796,SYRE,Spyre Therapeutics,9.0,0.0
Live,797,ACM,Aecom,9.0,0.0
Live,798,MP,MP Materials Corp. / DE,9.0,0.0
Live,799,FLS,Flowserve,9.0,0.0
Live,800,AAOI,Applied Optoelectronics,9.0,0.0
Live,801,FR,First Industrial Realty Trust,9.0,0.0
Live,802,PTGX,Protagonist Therapeutics,9.0,0.0
Live,803,PB,Prosperity Bancshares,9.0,0.0
Live,804,CHWY,Chewy,9.0,0.0
Live,805,ALKS,Alkermes plc.,9.0,0.0
Live,806,SWKS,Skyworks Solutions,9.0,0.0
Live,807,CNM,Core & Main,9.0,0.0
Live,808,TGTX,Tg Therapeutics,9.0,0.0
Live,809,HIMS,Hims & Hers Health,9.0,0.0
Live,810,SAIL,SailPoint,9.0,0.0
Live,811,AGX,Argan,9.0,0.0
Live,812,ESE,Esco Technologies,8.0,0.0
Live,813,RRC,Range Resources,8.0,0.0
Live,814,BMNR,Bitmine Immersion Technologies,8.0,0.0
Live,815,ARE,Alexandria Real Estate Equities,8.0,0.0
Live,816,CBSH,Commerce Bancshares Inc /Mo/,8.0,0.0
Live,817,BOKF,Bok Financial,8.0,0.0
Live,818,CHYM,Chime Financial,8.0,0.0
Live,819,KMX,Carmax,8.0,0.0
Live,820,RGEN,Repligen,8.0,0.0
Live,821,AGCO,Agco Corp,8.0,0.0
Live,822,AOS,Smith A O,8.0,0.0
Live,823,APLD,Applied Digital,8.0,0.0
Live,824,CWEN,Clearway Energy,8.0,0.0
Live,825,IDA,Idacorp,8.0,0.0
Live,826,ATR,Aptargroup,8.0,0.0
Live,827,PCVX,Vaxcyte,8.0,0.0
Live,828,IMVT,Immunovant,8.0,0.0
Live,829,BLDR,Builders FirstSource,8.0,0.0
Live,830,AXS,Axis Capital Holdings,8.0,0.0
Live,831,ETSY,Etsy,8.0,0.0
Live,832,TTEK,Tetra Tech,8.0,0.0
Live,833,CIFR,Cipher Mining,8.0,0.0
Live,834,CAVA,Cava Group,8.0,0.0
Live,835,HESM,Hess Midstream,8.0,0.0
Live,836,IBRX,ImmunityBio,8.0,0.0
Live,837,SNAP,Snap,8.0,0.0
Live,838,JHG,Janus Henderson Group,8.0,0.0
Live,839,BIO,Bio-Rad Laboratories,8.0,0.0
Live,840,MXL,Maxlinear,8.0,0.0
Live,841,OKLO,Oklo,8.0,0.0
Live,842,ZWS,Zurn Elkay Water Solutions,8.0,0.0
Live,843,HQY,Healthequity,8.0,0.0
Live,844,MBLY,Mobileye Global,8.0,0.0
Live,845,REXR,Rexford Industrial Realty,8.0,0.0
Live,846,KNTK,Kinetik Holdings,8.0,0.0
Live,847,RHP,Ryman Hospitality Properties,8.0,0.0
Live,848,LNC,Lincoln National,8.0,0.0
Live,849,SSD,Simpson Manufacturing Co.,8.0,0.0
Live,850,UGI,Ugi Corp /Pa/,8.0,0.0
Live,851,EMN,Eastman Chemical,8.0,0.0
Live,852,HXL,Hexcel Corp,8.0,0.0
Live,853,ZG,Zillow Group,8.0,0.0
Live,854,CELH,Celsius Holdings,8.0,0.0
Live,855,BAH,Booz Allen Hamilton Holding,8.0,0.0
Live,856,RSI,Rush Street Interactive,8.0,0.0
Live,857,EAT,Brinker International,8.0,0.0
Live,858,AVTR,Avantor,8.0,0.0
Live,859,TRNO,Terreno Realty,8.0,0.0
Live,860,JOBY,Joby Aviation,8.0,0.0
Live,861,STAG,STAG Industrial,8.0,0.0
Live,862,NFG,National Fuel Gas,8.0,0.0
Live,863,RIOT,Riot Platforms,8.0,0.0
Live,864,KEX,Kirby,8.0,0.0
Live,865,RAL,Ralliant,8.0,0.0
Live,866,LAD,Lithia Motors,8.0,0.0
Live,867,RYTM,Rhythm Pharmaceuticals,8.0,0.0
Live,868,VNO,Vornado Realty Trust,7.0,0.0
Live,869,TEX,Terex,7.0,0.0
Live,870,TTAN,ServiceTitan,7.0,0.0
Live,871,CMC,Commercial Metals,7.0,0.0
Live,872,MIRM,Mirum Pharmaceuticals,7.0,0.0
Live,873,POOL,Pool,7.0,0.0
Live,874,THS,TreeHouse Foods,7.0,0.0
Live,875,ENS,EnerSys,7.0,0.0
Live,876,KNSL,Kinsale Capital Group,7.0,0.0
Live,877,QRVO,Qorvo,7.0,0.0
Live,878,MOS,Mosaic,7.0,0.0
Live,879,YOU,Clear Secure,7.0,0.0
Live,880,GAP,Gap,7.0,0.0
Live,881,THG,Hanover Insurance Group,7.0,0.0
Live,882,CORZ,"Core Scientific, Inc./tx",7.0,0.0
Live,883,SLAB,Silicon Laboratories,7.0,0.0
Live,884,FSS,Federal Signal Corp,7.0,0.0
Live,885,SM,SM Energy,7.0,0.0
Live,886,HR,Healthcare Realty Trust,7.0,0.0
Live,887,ACI,Albertsons Companies,7.0,0.0
Live,888,AVAV,AeroVironment,7.0,0.0
Live,889,MAC,Macerich,7.0,0.0
Live,890,JBTM,JBT Marel,7.0,0.0
Live,891,PACS,PACS Group,7.0,0.0
Live,892,ACA,Arcosa,7.0,0.0
Live,893,FLR,Fluor,7.0,0.0
Live,894,FAF,First American Financial,7.0,0.0
Live,895,AVT,Avnet,7.0,0.0
Live,896,ECG,Everus Construction Group,7.0,0.0
Live,897,TAP,Molson Coors Beverage,7.0,0.0
Live,898,LSTR,Landstar System,7.0,0.0
Live,899,LEA,Lear,7.0,0.0
Live,900,CRUS,Cirrus Logic,7.0,0.0
Live,901,OMF,OneMain Holdings,7.0,0.0
Live,902,IDCC,InterDigital,7.0,0.0
Live,903,FNMA,Federal National Mortgage Association Fannie Mae,7.0,0.0
Live,904,NOV,Nov,7.0,0.0
Live,905,PBF,PBF Energy,7.0,0.0
Live,906,NPO,Enpro,7.0,0.0
Live,907,AXTA,Axalta Coating Systems,7.0,0.0
Live,908,NEU,Newmarket,7.0,0.0
Live,909,LQDA,Liquidia,7.0,0.0
Live,910,MSM,Msc Industrial Direct Co,7.0,0.0
Live,911,SFM,Sprouts Farmers Market,7.0,0.0
Live,912,GBCI,Glacier Bancorp,7.0,0.0
Live,913,DBX,Dropbox,7.0,0.0
Live,914,S,SentinelOne,7.0,0.0
Live,915,KGS,Kodiak Gas Services,7.0,0.0
Live,916,AN,Autonation,7.0,0.0
Live,917,PLXS,Plexus,7.0,0.0
Live,918,MHK,Mohawk Industries,7.0,0.0
Live,919,LNTH,Lantheus Holdings,7.0,0.0
Live,920,EPRT,Essential Properties Realty Trust,7.0,0.0
Live,921,VFC,V F,7.0,0.0
Live,922,PPC,Pilgrims Pride,7.0,0.0
Live,923,GTES,Gates Industrial Corp,7.0,0.0
Live,924,PAYC,Paycom Software,7.0,0.0
Live,925,PJT,PJT Partners,7.0,0.0
Live,926,ORA,Ormat Technologies,7.0,0.0
Live,927,CAG,Conagra Brands,7.0,0.0
Live,928,COGT,Cogent Biosciences,7.0,0.0
Live,929,GOLF,Acushnet Holdings,7.0,0.0
Live,930,AWI,Armstrong World Industries,7.0,0.0
Live,931,LUMN,Lumen Technologies,7.0,0.0
Live,932,HNGE,Hinge Health,7.0,0.0
Live,933,CROX,Crocs,7.0,0.0
Live,934,INGM,Ingram Micro Holding,7.0,0.0
Live,935,ERAS,Erasca,7.0,0.0
Live,936,TMHC,Taylor Morrison Home,7.0,0.0
Live,937,SWX,Southwest Gas Holdings,7.0,0.0
Live,938,PCTY,Paylocity Holding,7.0,0.0
Live,939,PCOR,Procore Technologies,7.0,0.0
Live,940,AROC,Archrock,7.0,0.0
Live,941,RYN,Rayonier,7.0,0.0
Live,942,XENE,Xenon Pharmaceuticals,7.0,0.0
Live,943,PTCT,Ptc Therapeutics,7.0,0.0
Live,944,CHE,Chemed,7.0,0.0
Live,945,MTDR,Matador Resources,7.0,0.0
Live,946,CPB,Campbell's,7.0,0.0
Live,947,BYD,Boyd Gaming,7.0,0.0
Live,948,ST,Sensata Technologies Holding,6.0,0.0
Live,949,SRRK,Scholar Rock Holding,6.0,0.0
Live,950,NE,Noble Corp,6.0,0.0
Live,951,ESTC,Elastic N.V.,6.0,0.0
Live,952,KRMN,Karman Holdings,6.0,0.0
Live,953,MYRG,Myr Group,6.0,0.0
Live,954,CACC,Credit Acceptance,6.0,0.0
Live,955,CGON,CG Oncology,6.0,0.0
Live,956,MORN,Morningstar,6.0,0.0
Live,957,UBSI,United Bankshares Inc/Wv,6.0,0.0
Live,958,SNDR,Schneider National,6.0,0.0
Live,959,EXP,Eagle Materials,6.0,0.0
Live,960,ACMR,ACM Research,6.0,0.0
Live,961,LKQ,Lkq,6.0,0.0
Live,962,SEZL,Sezzle,6.0,0.0
Live,963,MATX,Matson,6.0,0.0
Live,964,TXNM,Txnm Energy,6.0,0.0
Live,965,LW,Lamb Weston Holdings,6.0,0.0
Live,966,GATX,Gatx,6.0,0.0
Live,967,ACT,Enact Holdings,6.0,0.0
Live,968,INGR,Ingredion,6.0,0.0
Live,969,M,Macy's,6.0,0.0
Live,970,URBN,Urban Outfitters,6.0,0.0
Live,971,BB,Blackberry,6.0,0.0
Live,972,VSH,Vishay Intertechnology,6.0,0.0
Live,973,APPF,Appfolio,6.0,0.0
Live,974,VCTR,Victory Capital Holdings,6.0,0.0
Live,975,MRCY,Mercury Systems,6.0,0.0
Live,976,STWD,Starwood Property Trust,6.0,0.0
Live,977,LYFT,Lyft,6.0,0.0
Live,978,CZR,Caesars Entertainment,6.0,0.0
Live,979,CWST,Casella Waste Systems,6.0,0.0
Live,980,DUOL,Duolingo,6.0,0.0
Live,981,IBP,Installed Building Products,6.0,0.0
Live,982,ABCB,Ameris Ban,6.0,0.0
Live,983,FND,Floor & Decor Holdings,6.0,0.0
Live,984,AUB,Atlantic Union Bankshares,6.0,0.0
Live,985,PSN,Parsons,6.0,0.0
Live,986,MIDD,Middleby,6.0,0.0
Live,987,CVLT,Commvault Systems,6.0,0.0
Live,988,FBIN,Fortune Brands Innovations,6.0,0.0
Live,989,POR,Portland General Electric Co /Or/,6.0,0.0
Live,990,GXO,GXO Logistics,6.0,0.0
Live,991,LB,LandBridge Co,6.0,0.0
Live,992,GTX,Garrett Motion,6.0,0.0
Live,993,MTG,Mgic Investment,6.0,0.0
Live,994,LGND,Ligand Pharmaceuticals,6.0,0.0
Live,995,WH,Wyndham Hotels & Resorts,6.0,0.0
Live,996,RUSHA,Rush Enterprises Inc \Tx\,6.0,0.0
Live,997,CHDN,Churchill Downs,6.0,0.0
Live,998,HOMB,Home Bancshares,6.0,0.0
Live,999,ROAD,Construction Partners,6.0,0.0
Live,1000,WFRD,Weatherford International,6.0,0.0
